fold,scan,view,thr,ann_id,layer,gt_cls,tissue_id,host_label,pred_cls,iou,b0_nnunet,b0_ours,bucket_nnunet,bucket_ours,given_b0_nnunet,given_b0_ours,given_bucket_nnunet,given_bucket_ours
3,MTR_001,clean,0.05,57,ligament,3,2,0,,,,,,,unknown,unknown,,
3,MTR_001,clean,0.1,57,ligament,3,2,0,,,,,,,unknown,unknown,,
3,MTR_001,clean,0.25,57,ligament,3,2,0,,,,,,,unknown,unknown,,
3,MTR_001,noise_q1,0.05,57,ligament,3,2,0,,,,,,,unknown,unknown,,
3,MTR_001,noise_q1,0.1,57,ligament,3,2,0,,,,,,,unknown,unknown,,
3,MTR_001,noise_q1,0.25,57,ligament,3,2,0,,,,,,,unknown,unknown,,
3,MTR_001,noise_q2,0.05,57,ligament,3,2,0,,,,,,,unknown,unknown,,
3,MTR_001,noise_q2,0.1,57,ligament,3,2,0,,,,,,,unknown,unknown,,
3,MTR_001,noise_q2,0.25,57,ligament,3,2,0,,,,,,,unknown,unknown,,
3,MTR_001,noise_q3,0.05,57,ligament,3,2,0,,,,,,,unknown,unknown,,
3,MTR_001,noise_q3,0.1,57,ligament,3,2,0,,,,,,,unknown,unknown,,
3,MTR_001,noise_q3,0.25,57,ligament,3,2,0,,,,,,,unknown,unknown,,
3,MTR_001,us4,0.05,57,ligament,3,2,0,,,,,,,unknown,unknown,,
3,MTR_001,us4,0.1,57,ligament,3,2,0,,,,,,,unknown,unknown,,
3,MTR_001,us4,0.25,57,ligament,3,2,0,,,,,,,unknown,unknown,,
3,MTR_001,us8,0.05,57,ligament,3,2,0,,,,,,,unknown,unknown,,
3,MTR_001,us8,0.1,57,ligament,3,2,0,,,,,,,unknown,unknown,,
3,MTR_001,us8,0.25,57,ligament,3,2,0,,,,,,,unknown,unknown,,
3,MTR_001,us16,0.05,57,ligament,3,2,0,,,,,,,unknown,unknown,,
3,MTR_001,us16,0.1,57,ligament,3,2,0,,,,,,,unknown,unknown,,
3,MTR_001,us16,0.25,57,ligament,3,2,0,,,,,,,unknown,unknown,,
2,MTR_005,clean,0.05,60,in_seg,0,1,5,,,,,miss,miss,5,5,correct,correct
2,MTR_005,clean,0.05,61,in_seg,1,5,1,,,,,miss,miss,1,1,correct,correct
2,MTR_005,clean,0.1,60,in_seg,0,1,5,,,,,miss,miss,5,5,correct,correct
2,MTR_005,clean,0.1,61,in_seg,1,5,1,,,,,miss,miss,1,1,correct,correct
2,MTR_005,clean,0.25,60,in_seg,0,1,5,,,,,miss,miss,5,5,correct,correct
2,MTR_005,clean,0.25,61,in_seg,1,5,1,,,,,miss,miss,1,1,correct,correct
2,MTR_005,noise_q1,0.05,60,in_seg,0,1,5,,,,,miss,miss,5,5,correct,correct
2,MTR_005,noise_q1,0.05,61,in_seg,1,5,1,,,,,miss,miss,1,1,correct,correct
2,MTR_005,noise_q1,0.1,60,in_seg,0,1,5,,,,,miss,miss,5,5,correct,correct
2,MTR_005,noise_q1,0.1,61,in_seg,1,5,1,,,,,miss,miss,1,1,correct,correct
2,MTR_005,noise_q1,0.25,60,in_seg,0,1,5,,,,,miss,miss,5,5,correct,correct
2,MTR_005,noise_q1,0.25,61,in_seg,1,5,1,,,,,miss,miss,1,1,correct,correct
2,MTR_005,noise_q2,0.05,60,in_seg,0,1,5,,,,,miss,miss,5,5,correct,correct
2,MTR_005,noise_q2,0.05,61,in_seg,1,5,1,,,,,miss,miss,1,1,correct,correct
2,MTR_005,noise_q2,0.1,60,in_seg,0,1,5,,,,,miss,miss,5,5,correct,correct
2,MTR_005,noise_q2,0.1,61,in_seg,1,5,1,,,,,miss,miss,1,1,correct,correct
2,MTR_005,noise_q2,0.25,60,in_seg,0,1,5,,,,,miss,miss,5,5,correct,correct
2,MTR_005,noise_q2,0.25,61,in_seg,1,5,1,,,,,miss,miss,1,1,correct,correct
2,MTR_005,noise_q3,0.05,60,in_seg,0,1,5,,,,,miss,miss,5,5,correct,correct
2,MTR_005,noise_q3,0.05,61,in_seg,1,5,1,,,,,miss,miss,1,1,correct,correct
2,MTR_005,noise_q3,0.1,60,in_seg,0,1,5,,,,,miss,miss,5,5,correct,correct
2,MTR_005,noise_q3,0.1,61,in_seg,1,5,1,,,,,miss,miss,1,1,correct,correct
2,MTR_005,noise_q3,0.25,60,in_seg,0,1,5,,,,,miss,miss,5,5,correct,correct
2,MTR_005,noise_q3,0.25,61,in_seg,1,5,1,,,,,miss,miss,1,1,correct,correct
2,MTR_005,us4,0.05,60,in_seg,0,1,5,,,,,miss,miss,5,5,correct,correct
2,MTR_005,us4,0.05,61,in_seg,1,5,1,,,,,miss,miss,1,1,correct,correct
2,MTR_005,us4,0.1,60,in_seg,0,1,5,,,,,miss,miss,5,5,correct,correct
2,MTR_005,us4,0.1,61,in_seg,1,5,1,,,,,miss,miss,1,1,correct,correct
2,MTR_005,us4,0.25,60,in_seg,0,1,5,,,,,miss,miss,5,5,correct,correct
2,MTR_005,us4,0.25,61,in_seg,1,5,1,,,,,miss,miss,1,1,correct,correct
2,MTR_005,us8,0.05,60,in_seg,0,1,5,,,,,miss,miss,5,5,correct,correct
2,MTR_005,us8,0.05,61,in_seg,1,5,1,,,,,miss,miss,1,1,correct,correct
2,MTR_005,us8,0.1,60,in_seg,0,1,5,,,,,miss,miss,5,5,correct,correct
2,MTR_005,us8,0.1,61,in_seg,1,5,1,,,,,miss,miss,1,1,correct,correct
2,MTR_005,us8,0.25,60,in_seg,0,1,5,,,,,miss,miss,5,5,correct,correct
2,MTR_005,us8,0.25,61,in_seg,1,5,1,,,,,miss,miss,1,1,correct,correct
2,MTR_005,us16,0.05,60,in_seg,0,1,5,,,,,miss,miss,5,5,correct,correct
2,MTR_005,us16,0.05,61,in_seg,1,5,1,,,,,miss,miss,1,1,correct,correct
2,MTR_005,us16,0.1,60,in_seg,0,1,5,,,,,miss,miss,5,5,correct,correct
2,MTR_005,us16,0.1,61,in_seg,1,5,1,,,,,miss,miss,1,1,correct,correct
2,MTR_005,us16,0.25,60,in_seg,0,1,5,,,,,miss,miss,5,5,correct,correct
2,MTR_005,us16,0.25,61,in_seg,1,5,1,,,,,miss,miss,1,1,correct,correct
1,MTR_006,clean,0.05,62,in_seg,0,1,5,,,,,miss,miss,5,5,correct,correct
1,MTR_006,clean,0.05,63,in_seg,1,5,1,,,,,miss,miss,1,1,correct,correct
1,MTR_006,clean,0.05,64,in_seg,1,6,4,,,,,miss,miss,4,4,correct,correct
1,MTR_006,clean,0.05,65,in_seg,1,4,2,,,,,miss,miss,2,2,correct,correct
1,MTR_006,clean,0.05,66,in_seg,1,4,2,,,,,miss,miss,2,2,correct,correct
1,MTR_006,clean,0.05,67,effusion,2,-1,7,,,,,,,none,none,,
1,MTR_006,clean,0.1,62,in_seg,0,1,5,,,,,miss,miss,5,5,correct,correct
1,MTR_006,clean,0.1,63,in_seg,1,5,1,,,,,miss,miss,1,1,correct,correct
1,MTR_006,clean,0.1,64,in_seg,1,6,4,,,,,miss,miss,4,4,correct,correct
1,MTR_006,clean,0.1,65,in_seg,1,4,2,,,,,miss,miss,2,2,correct,correct
1,MTR_006,clean,0.1,66,in_seg,1,4,2,,,,,miss,miss,2,2,correct,correct
1,MTR_006,clean,0.1,67,effusion,2,-1,7,,,,,,,none,none,,
1,MTR_006,clean,0.25,62,in_seg,0,1,5,,,,,miss,miss,5,5,correct,correct
1,MTR_006,clean,0.25,63,in_seg,1,5,1,,,,,miss,miss,1,1,correct,correct
1,MTR_006,clean,0.25,64,in_seg,1,6,4,,,,,miss,miss,4,4,correct,correct
1,MTR_006,clean,0.25,65,in_seg,1,4,2,,,,,miss,miss,2,2,correct,correct
1,MTR_006,clean,0.25,66,in_seg,1,4,2,,,,,miss,miss,2,2,correct,correct
1,MTR_006,clean,0.25,67,effusion,2,-1,7,,,,,,,none,none,,
1,MTR_006,noise_q1,0.05,62,in_seg,0,1,5,,,,,miss,miss,5,5,correct,correct
1,MTR_006,noise_q1,0.05,63,in_seg,1,5,1,,,,,miss,miss,1,1,correct,correct
1,MTR_006,noise_q1,0.05,64,in_seg,1,6,4,,,,,miss,miss,4,4,correct,correct
1,MTR_006,noise_q1,0.05,65,in_seg,1,4,2,,,,,miss,miss,2,2,correct,correct
1,MTR_006,noise_q1,0.05,66,in_seg,1,4,2,,,,,miss,miss,2,2,correct,correct
1,MTR_006,noise_q1,0.05,67,effusion,2,-1,7,,,,,,,none,none,,
1,MTR_006,noise_q1,0.1,62,in_seg,0,1,5,,,,,miss,miss,5,5,correct,correct
1,MTR_006,noise_q1,0.1,63,in_seg,1,5,1,,,,,miss,miss,1,1,correct,correct
1,MTR_006,noise_q1,0.1,64,in_seg,1,6,4,,,,,miss,miss,4,4,correct,correct
1,MTR_006,noise_q1,0.1,65,in_seg,1,4,2,,,,,miss,miss,2,2,correct,correct
1,MTR_006,noise_q1,0.1,66,in_seg,1,4,2,,,,,miss,miss,2,2,correct,correct
1,MTR_006,noise_q1,0.1,67,effusion,2,-1,7,,,,,,,none,none,,
1,MTR_006,noise_q1,0.25,62,in_seg,0,1,5,,,,,miss,miss,5,5,correct,correct
1,MTR_006,noise_q1,0.25,63,in_seg,1,5,1,,,,,miss,miss,1,1,correct,correct
1,MTR_006,noise_q1,0.25,64,in_seg,1,6,4,,,,,miss,miss,4,4,correct,correct
1,MTR_006,noise_q1,0.25,65,in_seg,1,4,2,,,,,miss,miss,2,2,correct,correct
1,MTR_006,noise_q1,0.25,66,in_seg,1,4,2,,,,,miss,miss,2,2,correct,correct
1,MTR_006,noise_q1,0.25,67,effusion,2,-1,7,,,,,,,none,none,,
1,MTR_006,noise_q2,0.05,62,in_seg,0,1,5,,,,,miss,miss,5,5,correct,correct
1,MTR_006,noise_q2,0.05,63,in_seg,1,5,1,,,,,miss,miss,1,1,correct,correct
1,MTR_006,noise_q2,0.05,64,in_seg,1,6,4,,,,,miss,miss,4,4,correct,correct
1,MTR_006,noise_q2,0.05,65,in_seg,1,4,2,,,,,miss,miss,2,2,correct,correct
1,MTR_006,noise_q2,0.05,66,in_seg,1,4,2,,,,,miss,miss,2,2,correct,correct
1,MTR_006,noise_q2,0.05,67,effusion,2,-1,7,,,,,,,none,none,,
1,MTR_006,noise_q2,0.1,62,in_seg,0,1,5,,,,,miss,miss,5,5,correct,correct
1,MTR_006,noise_q2,0.1,63,in_seg,1,5,1,,,,,miss,miss,1,1,correct,correct
1,MTR_006,noise_q2,0.1,64,in_seg,1,6,4,,,,,miss,miss,4,4,correct,correct
1,MTR_006,noise_q2,0.1,65,in_seg,1,4,2,,,,,miss,miss,2,2,correct,correct
1,MTR_006,noise_q2,0.1,66,in_seg,1,4,2,,,,,miss,miss,2,2,correct,correct
1,MTR_006,noise_q2,0.1,67,effusion,2,-1,7,,,,,,,none,none,,
1,MTR_006,noise_q2,0.25,62,in_seg,0,1,5,,,,,miss,miss,5,5,correct,correct
1,MTR_006,noise_q2,0.25,63,in_seg,1,5,1,,,,,miss,miss,1,1,correct,correct
1,MTR_006,noise_q2,0.25,64,in_seg,1,6,4,,,,,miss,miss,4,4,correct,correct
1,MTR_006,noise_q2,0.25,65,in_seg,1,4,2,,,,,miss,miss,2,2,correct,correct
1,MTR_006,noise_q2,0.25,66,in_seg,1,4,2,,,,,miss,miss,2,2,correct,correct
1,MTR_006,noise_q2,0.25,67,effusion,2,-1,7,,,,,,,none,none,,
1,MTR_006,noise_q3,0.05,62,in_seg,0,1,5,,,,,miss,miss,5,5,correct,correct
1,MTR_006,noise_q3,0.05,63,in_seg,1,5,1,,,,,miss,miss,1,1,correct,correct
1,MTR_006,noise_q3,0.05,64,in_seg,1,6,4,,,,,miss,miss,4,3,correct,correct
1,MTR_006,noise_q3,0.05,65,in_seg,1,4,2,,,,,miss,miss,2,2,correct,correct
1,MTR_006,noise_q3,0.05,66,in_seg,1,4,2,,,,,miss,miss,2,2,correct,correct
1,MTR_006,noise_q3,0.05,67,effusion,2,-1,7,,,,,,,none,none,,
1,MTR_006,noise_q3,0.1,62,in_seg,0,1,5,,,,,miss,miss,5,5,correct,correct
1,MTR_006,noise_q3,0.1,63,in_seg,1,5,1,,,,,miss,miss,1,1,correct,correct
1,MTR_006,noise_q3,0.1,64,in_seg,1,6,4,,,,,miss,miss,4,3,correct,correct
1,MTR_006,noise_q3,0.1,65,in_seg,1,4,2,,,,,miss,miss,2,2,correct,correct
1,MTR_006,noise_q3,0.1,66,in_seg,1,4,2,,,,,miss,miss,2,2,correct,correct
1,MTR_006,noise_q3,0.1,67,effusion,2,-1,7,,,,,,,none,none,,
1,MTR_006,noise_q3,0.25,62,in_seg,0,1,5,,,,,miss,miss,5,5,correct,correct
1,MTR_006,noise_q3,0.25,63,in_seg,1,5,1,,,,,miss,miss,1,1,correct,correct
1,MTR_006,noise_q3,0.25,64,in_seg,1,6,4,,,,,miss,miss,4,3,correct,correct
1,MTR_006,noise_q3,0.25,65,in_seg,1,4,2,,,,,miss,miss,2,2,correct,correct
1,MTR_006,noise_q3,0.25,66,in_seg,1,4,2,,,,,miss,miss,2,2,correct,correct
1,MTR_006,noise_q3,0.25,67,effusion,2,-1,7,,,,,,,none,none,,
1,MTR_006,us4,0.05,62,in_seg,0,1,5,,,,,miss,miss,5,5,correct,correct
1,MTR_006,us4,0.05,63,in_seg,1,5,1,,,,,miss,miss,1,1,correct,correct
1,MTR_006,us4,0.05,64,in_seg,1,6,4,,,,,miss,miss,4,3,correct,correct
1,MTR_006,us4,0.05,65,in_seg,1,4,2,,,,,miss,miss,2,2,correct,correct
1,MTR_006,us4,0.05,66,in_seg,1,4,2,,,,,miss,miss,2,2,correct,correct
1,MTR_006,us4,0.05,67,effusion,2,-1,7,,,,,,,none,none,,
1,MTR_006,us4,0.1,62,in_seg,0,1,5,,,,,miss,miss,5,5,correct,correct
1,MTR_006,us4,0.1,63,in_seg,1,5,1,,,,,miss,miss,1,1,correct,correct
1,MTR_006,us4,0.1,64,in_seg,1,6,4,,,,,miss,miss,4,3,correct,correct
1,MTR_006,us4,0.1,65,in_seg,1,4,2,,,,,miss,miss,2,2,correct,correct
1,MTR_006,us4,0.1,66,in_seg,1,4,2,,,,,miss,miss,2,2,correct,correct
1,MTR_006,us4,0.1,67,effusion,2,-1,7,,,,,,,none,none,,
1,MTR_006,us4,0.25,62,in_seg,0,1,5,,,,,miss,miss,5,5,correct,correct
1,MTR_006,us4,0.25,63,in_seg,1,5,1,,,,,miss,miss,1,1,correct,correct
1,MTR_006,us4,0.25,64,in_seg,1,6,4,,,,,miss,miss,4,3,correct,correct
1,MTR_006,us4,0.25,65,in_seg,1,4,2,,,,,miss,miss,2,2,correct,correct
1,MTR_006,us4,0.25,66,in_seg,1,4,2,,,,,miss,miss,2,2,correct,correct
1,MTR_006,us4,0.25,67,effusion,2,-1,7,,,,,,,none,none,,
1,MTR_006,us8,0.05,62,in_seg,0,1,5,,,,,miss,miss,5,5,correct,correct
1,MTR_006,us8,0.05,63,in_seg,1,5,1,,,,,miss,miss,1,1,correct,correct
1,MTR_006,us8,0.05,64,in_seg,1,6,4,,,,,miss,miss,4,3,correct,correct
1,MTR_006,us8,0.05,65,in_seg,1,4,2,,,,,miss,miss,2,2,correct,correct
1,MTR_006,us8,0.05,66,in_seg,1,4,2,,,,,miss,miss,2,2,correct,correct
1,MTR_006,us8,0.05,67,effusion,2,-1,7,,,,,,,none,none,,
1,MTR_006,us8,0.1,62,in_seg,0,1,5,,,,,miss,miss,5,5,correct,correct
1,MTR_006,us8,0.1,63,in_seg,1,5,1,,,,,miss,miss,1,1,correct,correct
1,MTR_006,us8,0.1,64,in_seg,1,6,4,,,,,miss,miss,4,3,correct,correct
1,MTR_006,us8,0.1,65,in_seg,1,4,2,,,,,miss,miss,2,2,correct,correct
1,MTR_006,us8,0.1,66,in_seg,1,4,2,,,,,miss,miss,2,2,correct,correct
1,MTR_006,us8,0.1,67,effusion,2,-1,7,,,,,,,none,none,,
1,MTR_006,us8,0.25,62,in_seg,0,1,5,,,,,miss,miss,5,5,correct,correct
1,MTR_006,us8,0.25,63,in_seg,1,5,1,,,,,miss,miss,1,1,correct,correct
1,MTR_006,us8,0.25,64,in_seg,1,6,4,,,,,miss,miss,4,3,correct,correct
1,MTR_006,us8,0.25,65,in_seg,1,4,2,,,,,miss,miss,2,2,correct,correct
1,MTR_006,us8,0.25,66,in_seg,1,4,2,,,,,miss,miss,2,2,correct,correct
1,MTR_006,us8,0.25,67,effusion,2,-1,7,,,,,,,none,none,,
1,MTR_006,us16,0.05,62,in_seg,0,1,5,,,,,miss,miss,5,5,correct,correct
1,MTR_006,us16,0.05,63,in_seg,1,5,1,,,,,miss,miss,1,1,correct,correct
1,MTR_006,us16,0.05,64,in_seg,1,6,4,,,,,miss,miss,4,3,correct,correct
1,MTR_006,us16,0.05,65,in_seg,1,4,2,,,,,miss,miss,2,2,correct,correct
1,MTR_006,us16,0.05,66,in_seg,1,4,2,,,,,miss,miss,2,2,correct,correct
1,MTR_006,us16,0.05,67,effusion,2,-1,7,,,,,,,none,none,,
1,MTR_006,us16,0.1,62,in_seg,0,1,5,,,,,miss,miss,5,5,correct,correct
1,MTR_006,us16,0.1,63,in_seg,1,5,1,,,,,miss,miss,1,1,correct,correct
1,MTR_006,us16,0.1,64,in_seg,1,6,4,,,,,miss,miss,4,3,correct,correct
1,MTR_006,us16,0.1,65,in_seg,1,4,2,,,,,miss,miss,2,2,correct,correct
1,MTR_006,us16,0.1,66,in_seg,1,4,2,,,,,miss,miss,2,2,correct,correct
1,MTR_006,us16,0.1,67,effusion,2,-1,7,,,,,,,none,none,,
1,MTR_006,us16,0.25,62,in_seg,0,1,5,,,,,miss,miss,5,5,correct,correct
1,MTR_006,us16,0.25,63,in_seg,1,5,1,,,,,miss,miss,1,1,correct,correct
1,MTR_006,us16,0.25,64,in_seg,1,6,4,,,,,miss,miss,4,3,correct,correct
1,MTR_006,us16,0.25,65,in_seg,1,4,2,,,,,miss,miss,2,2,correct,correct
1,MTR_006,us16,0.25,66,in_seg,1,4,2,,,,,miss,miss,2,2,correct,correct
1,MTR_006,us16,0.25,67,effusion,2,-1,7,,,,,,,none,none,,
2,MTR_008,clean,0.05,58,ligament,3,3,0,,,,,,,unknown,unknown,,
2,MTR_008,clean,0.05,59,effusion,2,-1,7,,,,,,,none,none,,
2,MTR_008,clean,0.05,60,in_seg,1,5,1,,,,,miss,miss,1,1,correct,correct
2,MTR_008,clean,0.1,58,ligament,3,3,0,,,,,,,unknown,unknown,,
2,MTR_008,clean,0.1,59,effusion,2,-1,7,,,,,,,none,none,,
2,MTR_008,clean,0.1,60,in_seg,1,5,1,,,,,miss,miss,1,1,correct,correct
2,MTR_008,clean,0.25,58,ligament,3,3,0,,,,,,,unknown,unknown,,
2,MTR_008,clean,0.25,59,effusion,2,-1,7,,,,,,,none,none,,
2,MTR_008,clean,0.25,60,in_seg,1,5,1,,,,,miss,miss,1,1,correct,correct
2,MTR_008,noise_q1,0.05,58,ligament,3,3,0,,,,,,,unknown,unknown,,
2,MTR_008,noise_q1,0.05,59,effusion,2,-1,7,,,,,,,none,none,,
2,MTR_008,noise_q1,0.05,60,in_seg,1,5,1,,,,,miss,miss,1,1,correct,correct
2,MTR_008,noise_q1,0.1,58,ligament,3,3,0,,,,,,,unknown,unknown,,
2,MTR_008,noise_q1,0.1,59,effusion,2,-1,7,,,,,,,none,none,,
2,MTR_008,noise_q1,0.1,60,in_seg,1,5,1,,,,,miss,miss,1,1,correct,correct
2,MTR_008,noise_q1,0.25,58,ligament,3,3,0,,,,,,,unknown,unknown,,
2,MTR_008,noise_q1,0.25,59,effusion,2,-1,7,,,,,,,none,none,,
2,MTR_008,noise_q1,0.25,60,in_seg,1,5,1,,,,,miss,miss,1,1,correct,correct
2,MTR_008,noise_q2,0.05,58,ligament,3,3,0,,,,,,,unknown,unknown,,
2,MTR_008,noise_q2,0.05,59,effusion,2,-1,7,,,,,,,none,none,,
2,MTR_008,noise_q2,0.05,60,in_seg,1,5,1,,,,,miss,miss,1,1,correct,correct
2,MTR_008,noise_q2,0.1,58,ligament,3,3,0,,,,,,,unknown,unknown,,
2,MTR_008,noise_q2,0.1,59,effusion,2,-1,7,,,,,,,none,none,,
2,MTR_008,noise_q2,0.1,60,in_seg,1,5,1,,,,,miss,miss,1,1,correct,correct
2,MTR_008,noise_q2,0.25,58,ligament,3,3,0,,,,,,,unknown,unknown,,
2,MTR_008,noise_q2,0.25,59,effusion,2,-1,7,,,,,,,none,none,,
2,MTR_008,noise_q2,0.25,60,in_seg,1,5,1,,,,,miss,miss,1,1,correct,correct
2,MTR_008,noise_q3,0.05,58,ligament,3,3,0,,,,,,,unknown,unknown,,
2,MTR_008,noise_q3,0.05,59,effusion,2,-1,7,,,,,,,none,none,,
2,MTR_008,noise_q3,0.05,60,in_seg,1,5,1,,,,,miss,miss,1,1,correct,correct
2,MTR_008,noise_q3,0.1,58,ligament,3,3,0,,,,,,,unknown,unknown,,
2,MTR_008,noise_q3,0.1,59,effusion,2,-1,7,,,,,,,none,none,,
2,MTR_008,noise_q3,0.1,60,in_seg,1,5,1,,,,,miss,miss,1,1,correct,correct
2,MTR_008,noise_q3,0.25,58,ligament,3,3,0,,,,,,,unknown,unknown,,
2,MTR_008,noise_q3,0.25,59,effusion,2,-1,7,,,,,,,none,none,,
2,MTR_008,noise_q3,0.25,60,in_seg,1,5,1,,,,,miss,miss,1,1,correct,correct
2,MTR_008,us4,0.05,58,ligament,3,3,0,,,,,,,unknown,unknown,,
2,MTR_008,us4,0.05,59,effusion,2,-1,7,,,,,,,none,none,,
2,MTR_008,us4,0.05,60,in_seg,1,5,1,,,,,miss,miss,1,1,correct,correct
2,MTR_008,us4,0.1,58,ligament,3,3,0,,,,,,,unknown,unknown,,
2,MTR_008,us4,0.1,59,effusion,2,-1,7,,,,,,,none,none,,
2,MTR_008,us4,0.1,60,in_seg,1,5,1,,,,,miss,miss,1,1,correct,correct
2,MTR_008,us4,0.25,58,ligament,3,3,0,,,,,,,unknown,unknown,,
2,MTR_008,us4,0.25,59,effusion,2,-1,7,,,,,,,none,none,,
2,MTR_008,us4,0.25,60,in_seg,1,5,1,,,,,miss,miss,1,1,correct,correct
2,MTR_008,us8,0.05,58,ligament,3,3,0,,,,,,,unknown,unknown,,
2,MTR_008,us8,0.05,59,effusion,2,-1,7,,,,,,,none,none,,
2,MTR_008,us8,0.05,60,in_seg,1,5,1,,,,,miss,miss,1,1,correct,correct
2,MTR_008,us8,0.1,58,ligament,3,3,0,,,,,,,unknown,unknown,,
2,MTR_008,us8,0.1,59,effusion,2,-1,7,,,,,,,none,none,,
2,MTR_008,us8,0.1,60,in_seg,1,5,1,,,,,miss,miss,1,1,correct,correct
2,MTR_008,us8,0.25,58,ligament,3,3,0,,,,,,,unknown,unknown,,
2,MTR_008,us8,0.25,59,effusion,2,-1,7,,,,,,,none,none,,
2,MTR_008,us8,0.25,60,in_seg,1,5,1,,,,,miss,miss,1,1,correct,correct
2,MTR_008,us16,0.05,58,ligament,3,3,0,,,,,,,unknown,unknown,,
2,MTR_008,us16,0.05,59,effusion,2,-1,7,,,,,,,none,none,,
2,MTR_008,us16,0.05,60,in_seg,1,5,1,,,,,miss,miss,1,1,correct,correct
2,MTR_008,us16,0.1,58,ligament,3,3,0,,,,,,,unknown,unknown,,
2,MTR_008,us16,0.1,59,effusion,2,-1,7,,,,,,,none,none,,
2,MTR_008,us16,0.1,60,in_seg,1,5,1,,,,,miss,miss,1,1,correct,correct
2,MTR_008,us16,0.25,58,ligament,3,3,0,,,,,,,unknown,unknown,,
2,MTR_008,us16,0.25,59,effusion,2,-1,7,,,,,,,none,none,,
2,MTR_008,us16,0.25,60,in_seg,1,5,1,,,,,miss,miss,1,1,correct,correct
0,MTR_015,clean,0.05,33,effusion,2,-1,7,,,,,,,none,none,,
0,MTR_015,clean,0.05,34,effusion,2,-1,7,,,,,,,none,none,,
0,MTR_015,clean,0.05,35,ligament,3,2,0,,,,,,,unknown,unknown,,
0,MTR_015,clean,0.05,36,in_seg,1,4,2,,,,,miss,miss,2,2,correct,correct
0,MTR_015,clean,0.05,37,in_seg,1,4,2,,,,,miss,miss,2,2,correct,correct
0,MTR_015,clean,0.1,33,effusion,2,-1,7,,,,,,,none,none,,
0,MTR_015,clean,0.1,34,effusion,2,-1,7,,,,,,,none,none,,
0,MTR_015,clean,0.1,35,ligament,3,2,0,,,,,,,unknown,unknown,,
0,MTR_015,clean,0.1,36,in_seg,1,4,2,,,,,miss,miss,2,2,correct,correct
0,MTR_015,clean,0.1,37,in_seg,1,4,2,,,,,miss,miss,2,2,correct,correct
0,MTR_015,clean,0.25,33,effusion,2,-1,7,,,,,,,none,none,,
0,MTR_015,clean,0.25,34,effusion,2,-1,7,,,,,,,none,none,,
0,MTR_015,clean,0.25,35,ligament,3,2,0,,,,,,,unknown,unknown,,
0,MTR_015,clean,0.25,36,in_seg,1,4,2,,,,,miss,miss,2,2,correct,correct
0,MTR_015,clean,0.25,37,in_seg,1,4,2,,,,,miss,miss,2,2,correct,correct
0,MTR_015,noise_q1,0.05,33,effusion,2,-1,7,,,,,,,none,none,,
0,MTR_015,noise_q1,0.05,34,effusion,2,-1,7,,,,,,,none,none,,
0,MTR_015,noise_q1,0.05,35,ligament,3,2,0,,,,,,,unknown,unknown,,
0,MTR_015,noise_q1,0.05,36,in_seg,1,4,2,,,,,miss,miss,2,2,correct,correct
0,MTR_015,noise_q1,0.05,37,in_seg,1,4,2,,,,,miss,miss,2,2,correct,correct
0,MTR_015,noise_q1,0.1,33,effusion,2,-1,7,,,,,,,none,none,,
0,MTR_015,noise_q1,0.1,34,effusion,2,-1,7,,,,,,,none,none,,
0,MTR_015,noise_q1,0.1,35,ligament,3,2,0,,,,,,,unknown,unknown,,
0,MTR_015,noise_q1,0.1,36,in_seg,1,4,2,,,,,miss,miss,2,2,correct,correct
0,MTR_015,noise_q1,0.1,37,in_seg,1,4,2,,,,,miss,miss,2,2,correct,correct
0,MTR_015,noise_q1,0.25,33,effusion,2,-1,7,,,,,,,none,none,,
0,MTR_015,noise_q1,0.25,34,effusion,2,-1,7,,,,,,,none,none,,
0,MTR_015,noise_q1,0.25,35,ligament,3,2,0,,,,,,,unknown,unknown,,
0,MTR_015,noise_q1,0.25,36,in_seg,1,4,2,,,,,miss,miss,2,2,correct,correct
0,MTR_015,noise_q1,0.25,37,in_seg,1,4,2,,,,,miss,miss,2,2,correct,correct
0,MTR_015,noise_q2,0.05,33,effusion,2,-1,7,,,,,,,none,none,,
0,MTR_015,noise_q2,0.05,34,effusion,2,-1,7,,,,,,,none,none,,
0,MTR_015,noise_q2,0.05,35,ligament,3,2,0,,,,,,,unknown,unknown,,
0,MTR_015,noise_q2,0.05,36,in_seg,1,4,2,,,,,miss,miss,2,2,correct,correct
0,MTR_015,noise_q2,0.05,37,in_seg,1,4,2,,,,,miss,miss,2,2,correct,correct
0,MTR_015,noise_q2,0.1,33,effusion,2,-1,7,,,,,,,none,none,,
0,MTR_015,noise_q2,0.1,34,effusion,2,-1,7,,,,,,,none,none,,
0,MTR_015,noise_q2,0.1,35,ligament,3,2,0,,,,,,,unknown,unknown,,
0,MTR_015,noise_q2,0.1,36,in_seg,1,4,2,,,,,miss,miss,2,2,correct,correct
0,MTR_015,noise_q2,0.1,37,in_seg,1,4,2,,,,,miss,miss,2,2,correct,correct
0,MTR_015,noise_q2,0.25,33,effusion,2,-1,7,,,,,,,none,none,,
0,MTR_015,noise_q2,0.25,34,effusion,2,-1,7,,,,,,,none,none,,
0,MTR_015,noise_q2,0.25,35,ligament,3,2,0,,,,,,,unknown,unknown,,
0,MTR_015,noise_q2,0.25,36,in_seg,1,4,2,,,,,miss,miss,2,2,correct,correct
0,MTR_015,noise_q2,0.25,37,in_seg,1,4,2,,,,,miss,miss,2,2,correct,correct
0,MTR_015,noise_q3,0.05,33,effusion,2,-1,7,,,,,,,none,none,,
0,MTR_015,noise_q3,0.05,34,effusion,2,-1,7,,,,,,,none,none,,
0,MTR_015,noise_q3,0.05,35,ligament,3,2,0,,,,,,,unknown,unknown,,
0,MTR_015,noise_q3,0.05,36,in_seg,1,4,2,,,,,miss,miss,2,2,correct,correct
0,MTR_015,noise_q3,0.05,37,in_seg,1,4,2,,,,,miss,miss,2,2,correct,correct
0,MTR_015,noise_q3,0.1,33,effusion,2,-1,7,,,,,,,none,none,,
0,MTR_015,noise_q3,0.1,34,effusion,2,-1,7,,,,,,,none,none,,
0,MTR_015,noise_q3,0.1,35,ligament,3,2,0,,,,,,,unknown,unknown,,
0,MTR_015,noise_q3,0.1,36,in_seg,1,4,2,,,,,miss,miss,2,2,correct,correct
0,MTR_015,noise_q3,0.1,37,in_seg,1,4,2,,,,,miss,miss,2,2,correct,correct
0,MTR_015,noise_q3,0.25,33,effusion,2,-1,7,,,,,,,none,none,,
0,MTR_015,noise_q3,0.25,34,effusion,2,-1,7,,,,,,,none,none,,
0,MTR_015,noise_q3,0.25,35,ligament,3,2,0,,,,,,,unknown,unknown,,
0,MTR_015,noise_q3,0.25,36,in_seg,1,4,2,,,,,miss,miss,2,2,correct,correct
0,MTR_015,noise_q3,0.25,37,in_seg,1,4,2,,,,,miss,miss,2,2,correct,correct
0,MTR_015,us4,0.05,33,effusion,2,-1,7,,,,,,,none,none,,
0,MTR_015,us4,0.05,34,effusion,2,-1,7,,,,,,,none,none,,
0,MTR_015,us4,0.05,35,ligament,3,2,0,,,,,,,unknown,unknown,,
0,MTR_015,us4,0.05,36,in_seg,1,4,2,1,0.2188,2,2,correct,correct,2,2,correct,correct
0,MTR_015,us4,0.05,37,in_seg,1,4,2,,,,,miss,miss,2,2,correct,correct
0,MTR_015,us4,0.1,33,effusion,2,-1,7,,,,,,,none,none,,
0,MTR_015,us4,0.1,34,effusion,2,-1,7,,,,,,,none,none,,
0,MTR_015,us4,0.1,35,ligament,3,2,0,,,,,,,unknown,unknown,,
0,MTR_015,us4,0.1,36,in_seg,1,4,2,1,0.2188,2,2,correct,correct,2,2,correct,correct
0,MTR_015,us4,0.1,37,in_seg,1,4,2,,,,,miss,miss,2,2,correct,correct
0,MTR_015,us4,0.25,33,effusion,2,-1,7,,,,,,,none,none,,
0,MTR_015,us4,0.25,34,effusion,2,-1,7,,,,,,,none,none,,
0,MTR_015,us4,0.25,35,ligament,3,2,0,,,,,,,unknown,unknown,,
0,MTR_015,us4,0.25,36,in_seg,1,4,2,,,,,miss,miss,2,2,correct,correct
0,MTR_015,us4,0.25,37,in_seg,1,4,2,,,,,miss,miss,2,2,correct,correct
0,MTR_015,us8,0.05,33,effusion,2,-1,7,,,,,,,none,none,,
0,MTR_015,us8,0.05,34,effusion,2,-1,7,,,,,,,none,none,,
0,MTR_015,us8,0.05,35,ligament,3,2,0,,,,,,,unknown,unknown,,
0,MTR_015,us8,0.05,36,in_seg,1,4,2,,,,,miss,miss,2,2,correct,correct
0,MTR_015,us8,0.05,37,in_seg,1,4,2,,,,,miss,miss,2,2,correct,correct
0,MTR_015,us8,0.1,33,effusion,2,-1,7,,,,,,,none,none,,
0,MTR_015,us8,0.1,34,effusion,2,-1,7,,,,,,,none,none,,
0,MTR_015,us8,0.1,35,ligament,3,2,0,,,,,,,unknown,unknown,,
0,MTR_015,us8,0.1,36,in_seg,1,4,2,,,,,miss,miss,2,2,correct,correct
0,MTR_015,us8,0.1,37,in_seg,1,4,2,,,,,miss,miss,2,2,correct,correct
0,MTR_015,us8,0.25,33,effusion,2,-1,7,,,,,,,none,none,,
0,MTR_015,us8,0.25,34,effusion,2,-1,7,,,,,,,none,none,,
0,MTR_015,us8,0.25,35,ligament,3,2,0,,,,,,,unknown,unknown,,
0,MTR_015,us8,0.25,36,in_seg,1,4,2,,,,,miss,miss,2,2,correct,correct
0,MTR_015,us8,0.25,37,in_seg,1,4,2,,,,,miss,miss,2,2,correct,correct
0,MTR_015,us16,0.05,33,effusion,2,-1,7,,,,,,,none,none,,
0,MTR_015,us16,0.05,34,effusion,2,-1,7,,,,,,,none,none,,
0,MTR_015,us16,0.05,35,ligament,3,2,0,,,,,,,unknown,unknown,,
0,MTR_015,us16,0.05,36,in_seg,1,4,2,,,,,miss,miss,2,2,correct,correct
0,MTR_015,us16,0.05,37,in_seg,1,4,2,,,,,miss,miss,2,2,correct,correct
0,MTR_015,us16,0.1,33,effusion,2,-1,7,,,,,,,none,none,,
0,MTR_015,us16,0.1,34,effusion,2,-1,7,,,,,,,none,none,,
0,MTR_015,us16,0.1,35,ligament,3,2,0,,,,,,,unknown,unknown,,
0,MTR_015,us16,0.1,36,in_seg,1,4,2,,,,,miss,miss,2,2,correct,correct
0,MTR_015,us16,0.1,37,in_seg,1,4,2,,,,,miss,miss,2,2,correct,correct
0,MTR_015,us16,0.25,33,effusion,2,-1,7,,,,,,,none,none,,
0,MTR_015,us16,0.25,34,effusion,2,-1,7,,,,,,,none,none,,
0,MTR_015,us16,0.25,35,ligament,3,2,0,,,,,,,unknown,unknown,,
0,MTR_015,us16,0.25,36,in_seg,1,4,2,,,,,miss,miss,2,2,correct,correct
0,MTR_015,us16,0.25,37,in_seg,1,4,2,,,,,miss,miss,2,2,correct,correct
3,MTR_016,clean,0.05,61,effusion,2,-1,7,,,,,,,none,none,,
3,MTR_016,clean,0.05,62,in_seg,0,1,5,,,,,miss,miss,5,5,correct,correct
3,MTR_016,clean,0.05,63,in_seg,1,4,2,,,,,miss,miss,2,2,correct,correct
3,MTR_016,clean,0.1,61,effusion,2,-1,7,,,,,,,none,none,,
3,MTR_016,clean,0.1,62,in_seg,0,1,5,,,,,miss,miss,5,5,correct,correct
3,MTR_016,clean,0.1,63,in_seg,1,4,2,,,,,miss,miss,2,2,correct,correct
3,MTR_016,clean,0.25,61,effusion,2,-1,7,,,,,,,none,none,,
3,MTR_016,clean,0.25,62,in_seg,0,1,5,,,,,miss,miss,5,5,correct,correct
3,MTR_016,clean,0.25,63,in_seg,1,4,2,,,,,miss,miss,2,2,correct,correct
3,MTR_016,noise_q1,0.05,61,effusion,2,-1,7,,,,,,,none,none,,
3,MTR_016,noise_q1,0.05,62,in_seg,0,1,5,,,,,miss,miss,5,5,correct,correct
3,MTR_016,noise_q1,0.05,63,in_seg,1,4,2,,,,,miss,miss,2,2,correct,correct
3,MTR_016,noise_q1,0.1,61,effusion,2,-1,7,,,,,,,none,none,,
3,MTR_016,noise_q1,0.1,62,in_seg,0,1,5,,,,,miss,miss,5,5,correct,correct
3,MTR_016,noise_q1,0.1,63,in_seg,1,4,2,,,,,miss,miss,2,2,correct,correct
3,MTR_016,noise_q1,0.25,61,effusion,2,-1,7,,,,,,,none,none,,
3,MTR_016,noise_q1,0.25,62,in_seg,0,1,5,,,,,miss,miss,5,5,correct,correct
3,MTR_016,noise_q1,0.25,63,in_seg,1,4,2,,,,,miss,miss,2,2,correct,correct
3,MTR_016,noise_q2,0.05,61,effusion,2,-1,7,,,,,,,none,none,,
3,MTR_016,noise_q2,0.05,62,in_seg,0,1,5,,,,,miss,miss,5,5,correct,correct
3,MTR_016,noise_q2,0.05,63,in_seg,1,4,2,,,,,miss,miss,2,2,correct,correct
3,MTR_016,noise_q2,0.1,61,effusion,2,-1,7,,,,,,,none,none,,
3,MTR_016,noise_q2,0.1,62,in_seg,0,1,5,,,,,miss,miss,5,5,correct,correct
3,MTR_016,noise_q2,0.1,63,in_seg,1,4,2,,,,,miss,miss,2,2,correct,correct
3,MTR_016,noise_q2,0.25,61,effusion,2,-1,7,,,,,,,none,none,,
3,MTR_016,noise_q2,0.25,62,in_seg,0,1,5,,,,,miss,miss,5,5,correct,correct
3,MTR_016,noise_q2,0.25,63,in_seg,1,4,2,,,,,miss,miss,2,2,correct,correct
3,MTR_016,noise_q3,0.05,61,effusion,2,-1,7,,,,,,,none,none,,
3,MTR_016,noise_q3,0.05,62,in_seg,0,1,5,,,,,miss,miss,5,5,correct,correct
3,MTR_016,noise_q3,0.05,63,in_seg,1,4,2,,,,,miss,miss,2,2,correct,correct
3,MTR_016,noise_q3,0.1,61,effusion,2,-1,7,,,,,,,none,none,,
3,MTR_016,noise_q3,0.1,62,in_seg,0,1,5,,,,,miss,miss,5,5,correct,correct
3,MTR_016,noise_q3,0.1,63,in_seg,1,4,2,,,,,miss,miss,2,2,correct,correct
3,MTR_016,noise_q3,0.25,61,effusion,2,-1,7,,,,,,,none,none,,
3,MTR_016,noise_q3,0.25,62,in_seg,0,1,5,,,,,miss,miss,5,5,correct,correct
3,MTR_016,noise_q3,0.25,63,in_seg,1,4,2,,,,,miss,miss,2,2,correct,correct
3,MTR_016,us4,0.05,61,effusion,2,-1,7,,,,,,,none,none,,
3,MTR_016,us4,0.05,62,in_seg,0,1,5,,,,,miss,miss,5,5,correct,correct
3,MTR_016,us4,0.05,63,in_seg,1,4,2,,,,,miss,miss,2,2,correct,correct
3,MTR_016,us4,0.1,61,effusion,2,-1,7,,,,,,,none,none,,
3,MTR_016,us4,0.1,62,in_seg,0,1,5,,,,,miss,miss,5,5,correct,correct
3,MTR_016,us4,0.1,63,in_seg,1,4,2,,,,,miss,miss,2,2,correct,correct
3,MTR_016,us4,0.25,61,effusion,2,-1,7,,,,,,,none,none,,
3,MTR_016,us4,0.25,62,in_seg,0,1,5,,,,,miss,miss,5,5,correct,correct
3,MTR_016,us4,0.25,63,in_seg,1,4,2,,,,,miss,miss,2,2,correct,correct
3,MTR_016,us8,0.05,61,effusion,2,-1,7,,,,,,,none,none,,
3,MTR_016,us8,0.05,62,in_seg,0,1,5,,,,,miss,miss,5,5,correct,correct
3,MTR_016,us8,0.05,63,in_seg,1,4,2,,,,,miss,miss,2,2,correct,correct
3,MTR_016,us8,0.1,61,effusion,2,-1,7,,,,,,,none,none,,
3,MTR_016,us8,0.1,62,in_seg,0,1,5,,,,,miss,miss,5,5,correct,correct
3,MTR_016,us8,0.1,63,in_seg,1,4,2,,,,,miss,miss,2,2,correct,correct
3,MTR_016,us8,0.25,61,effusion,2,-1,7,,,,,,,none,none,,
3,MTR_016,us8,0.25,62,in_seg,0,1,5,,,,,miss,miss,5,5,correct,correct
3,MTR_016,us8,0.25,63,in_seg,1,4,2,,,,,miss,miss,2,2,correct,correct
3,MTR_016,us16,0.05,61,effusion,2,-1,7,,,,,,,none,none,,
3,MTR_016,us16,0.05,62,in_seg,0,1,5,,,,,miss,miss,5,5,correct,correct
3,MTR_016,us16,0.05,63,in_seg,1,4,2,,,,,miss,miss,2,2,correct,correct
3,MTR_016,us16,0.1,61,effusion,2,-1,7,,,,,,,none,none,,
3,MTR_016,us16,0.1,62,in_seg,0,1,5,,,,,miss,miss,5,5,correct,correct
3,MTR_016,us16,0.1,63,in_seg,1,4,2,,,,,miss,miss,2,2,correct,correct
3,MTR_016,us16,0.25,61,effusion,2,-1,7,,,,,,,none,none,,
3,MTR_016,us16,0.25,62,in_seg,0,1,5,,,,,miss,miss,5,5,correct,correct
3,MTR_016,us16,0.25,63,in_seg,1,4,2,,,,,miss,miss,2,2,correct,correct
3,MTR_018,clean,0.05,39,effusion,2,-1,7,,,,,,,none,none,,
3,MTR_018,clean,0.1,39,effusion,2,-1,7,,,,,,,none,none,,
3,MTR_018,clean,0.25,39,effusion,2,-1,7,,,,,,,none,none,,
3,MTR_018,noise_q1,0.05,39,effusion,2,-1,7,,,,,,,none,none,,
3,MTR_018,noise_q1,0.1,39,effusion,2,-1,7,,,,,,,none,none,,
3,MTR_018,noise_q1,0.25,39,effusion,2,-1,7,,,,,,,none,none,,
3,MTR_018,noise_q2,0.05,39,effusion,2,-1,7,,,,,,,none,none,,
3,MTR_018,noise_q2,0.1,39,effusion,2,-1,7,,,,,,,none,none,,
3,MTR_018,noise_q2,0.25,39,effusion,2,-1,7,,,,,,,none,none,,
3,MTR_018,noise_q3,0.05,39,effusion,2,-1,7,,,,,,,none,none,,
3,MTR_018,noise_q3,0.1,39,effusion,2,-1,7,,,,,,,none,none,,
3,MTR_018,noise_q3,0.25,39,effusion,2,-1,7,,,,,,,none,none,,
3,MTR_018,us4,0.05,39,effusion,2,-1,7,,,,,,,none,none,,
3,MTR_018,us4,0.1,39,effusion,2,-1,7,,,,,,,none,none,,
3,MTR_018,us4,0.25,39,effusion,2,-1,7,,,,,,,none,none,,
3,MTR_018,us8,0.05,39,effusion,2,-1,7,1,0.061,2,2,,,none,none,,
3,MTR_018,us8,0.1,39,effusion,2,-1,7,,,,,,,none,none,,
3,MTR_018,us8,0.25,39,effusion,2,-1,7,,,,,,,none,none,,
3,MTR_018,us16,0.05,39,effusion,2,-1,7,,,,,,,none,none,,
3,MTR_018,us16,0.1,39,effusion,2,-1,7,,,,,,,none,none,,
3,MTR_018,us16,0.25,39,effusion,2,-1,7,,,,,,,none,none,,
3,MTR_019,clean,0.05,226,in_seg,0,1,5,,,,,miss,miss,5,5,correct,correct
3,MTR_019,clean,0.05,227,in_seg,1,5,1,,,,,miss,miss,1,1,correct,correct
3,MTR_019,clean,0.05,228,effusion,2,-1,7,,,,,,,none,none,,
3,MTR_019,clean,0.1,226,in_seg,0,1,5,,,,,miss,miss,5,5,correct,correct
3,MTR_019,clean,0.1,227,in_seg,1,5,1,,,,,miss,miss,1,1,correct,correct
3,MTR_019,clean,0.1,228,effusion,2,-1,7,,,,,,,none,none,,
3,MTR_019,clean,0.25,226,in_seg,0,1,5,,,,,miss,miss,5,5,correct,correct
3,MTR_019,clean,0.25,227,in_seg,1,5,1,,,,,miss,miss,1,1,correct,correct
3,MTR_019,clean,0.25,228,effusion,2,-1,7,,,,,,,none,none,,
3,MTR_019,noise_q1,0.05,226,in_seg,0,1,5,,,,,miss,miss,5,5,correct,correct
3,MTR_019,noise_q1,0.05,227,in_seg,1,5,1,,,,,miss,miss,1,1,correct,correct
3,MTR_019,noise_q1,0.05,228,effusion,2,-1,7,,,,,,,none,none,,
3,MTR_019,noise_q1,0.1,226,in_seg,0,1,5,,,,,miss,miss,5,5,correct,correct
3,MTR_019,noise_q1,0.1,227,in_seg,1,5,1,,,,,miss,miss,1,1,correct,correct
3,MTR_019,noise_q1,0.1,228,effusion,2,-1,7,,,,,,,none,none,,
3,MTR_019,noise_q1,0.25,226,in_seg,0,1,5,,,,,miss,miss,5,5,correct,correct
3,MTR_019,noise_q1,0.25,227,in_seg,1,5,1,,,,,miss,miss,1,1,correct,correct
3,MTR_019,noise_q1,0.25,228,effusion,2,-1,7,,,,,,,none,none,,
3,MTR_019,noise_q2,0.05,226,in_seg,0,1,5,,,,,miss,miss,5,5,correct,correct
3,MTR_019,noise_q2,0.05,227,in_seg,1,5,1,,,,,miss,miss,1,1,correct,correct
3,MTR_019,noise_q2,0.05,228,effusion,2,-1,7,,,,,,,none,none,,
3,MTR_019,noise_q2,0.1,226,in_seg,0,1,5,,,,,miss,miss,5,5,correct,correct
3,MTR_019,noise_q2,0.1,227,in_seg,1,5,1,,,,,miss,miss,1,1,correct,correct
3,MTR_019,noise_q2,0.1,228,effusion,2,-1,7,,,,,,,none,none,,
3,MTR_019,noise_q2,0.25,226,in_seg,0,1,5,,,,,miss,miss,5,5,correct,correct
3,MTR_019,noise_q2,0.25,227,in_seg,1,5,1,,,,,miss,miss,1,1,correct,correct
3,MTR_019,noise_q2,0.25,228,effusion,2,-1,7,,,,,,,none,none,,
3,MTR_019,noise_q3,0.05,226,in_seg,0,1,5,,,,,miss,miss,5,5,correct,correct
3,MTR_019,noise_q3,0.05,227,in_seg,1,5,1,,,,,miss,miss,1,1,correct,correct
3,MTR_019,noise_q3,0.05,228,effusion,2,-1,7,,,,,,,none,none,,
3,MTR_019,noise_q3,0.1,226,in_seg,0,1,5,,,,,miss,miss,5,5,correct,correct
3,MTR_019,noise_q3,0.1,227,in_seg,1,5,1,,,,,miss,miss,1,1,correct,correct
3,MTR_019,noise_q3,0.1,228,effusion,2,-1,7,,,,,,,none,none,,
3,MTR_019,noise_q3,0.25,226,in_seg,0,1,5,,,,,miss,miss,5,5,correct,correct
3,MTR_019,noise_q3,0.25,227,in_seg,1,5,1,,,,,miss,miss,1,1,correct,correct
3,MTR_019,noise_q3,0.25,228,effusion,2,-1,7,,,,,,,none,none,,
3,MTR_019,us4,0.05,226,in_seg,0,1,5,,,,,miss,miss,5,5,correct,correct
3,MTR_019,us4,0.05,227,in_seg,1,5,1,,,,,miss,miss,1,1,correct,correct
3,MTR_019,us4,0.05,228,effusion,2,-1,7,,,,,,,none,none,,
3,MTR_019,us4,0.1,226,in_seg,0,1,5,,,,,miss,miss,5,5,correct,correct
3,MTR_019,us4,0.1,227,in_seg,1,5,1,,,,,miss,miss,1,1,correct,correct
3,MTR_019,us4,0.1,228,effusion,2,-1,7,,,,,,,none,none,,
3,MTR_019,us4,0.25,226,in_seg,0,1,5,,,,,miss,miss,5,5,correct,correct
3,MTR_019,us4,0.25,227,in_seg,1,5,1,,,,,miss,miss,1,1,correct,correct
3,MTR_019,us4,0.25,228,effusion,2,-1,7,,,,,,,none,none,,
3,MTR_019,us8,0.05,226,in_seg,0,1,5,,,,,miss,miss,5,5,correct,correct
3,MTR_019,us8,0.05,227,in_seg,1,5,1,,,,,miss,miss,1,1,correct,correct
3,MTR_019,us8,0.05,228,effusion,2,-1,7,,,,,,,none,none,,
3,MTR_019,us8,0.1,226,in_seg,0,1,5,,,,,miss,miss,5,5,correct,correct
3,MTR_019,us8,0.1,227,in_seg,1,5,1,,,,,miss,miss,1,1,correct,correct
3,MTR_019,us8,0.1,228,effusion,2,-1,7,,,,,,,none,none,,
3,MTR_019,us8,0.25,226,in_seg,0,1,5,,,,,miss,miss,5,5,correct,correct
3,MTR_019,us8,0.25,227,in_seg,1,5,1,,,,,miss,miss,1,1,correct,correct
3,MTR_019,us8,0.25,228,effusion,2,-1,7,,,,,,,none,none,,
3,MTR_019,us16,0.05,226,in_seg,0,1,5,,,,,miss,miss,5,5,correct,correct
3,MTR_019,us16,0.05,227,in_seg,1,5,1,,,,,miss,miss,1,1,correct,correct
3,MTR_019,us16,0.05,228,effusion,2,-1,7,,,,,,,none,none,,
3,MTR_019,us16,0.1,226,in_seg,0,1,5,,,,,miss,miss,5,5,correct,correct
3,MTR_019,us16,0.1,227,in_seg,1,5,1,,,,,miss,miss,1,1,correct,correct
3,MTR_019,us16,0.1,228,effusion,2,-1,7,,,,,,,none,none,,
3,MTR_019,us16,0.25,226,in_seg,0,1,5,,,,,miss,miss,5,5,correct,correct
3,MTR_019,us16,0.25,227,in_seg,1,5,1,,,,,miss,miss,1,1,correct,correct
3,MTR_019,us16,0.25,228,effusion,2,-1,7,,,,,,,none,none,,
1,MTR_020,clean,0.05,64,in_seg,0,1,6,,,,,miss,miss,6,5,correct,correct
1,MTR_020,clean,0.05,65,in_seg,0,1,6,,,,,miss,miss,6,5,correct,correct
1,MTR_020,clean,0.05,66,in_seg,1,4,2,,,,,miss,miss,2,2,correct,correct
1,MTR_020,clean,0.05,67,in_seg,1,4,2,,,,,miss,miss,4,4,wrong_host,wrong_host
1,MTR_020,clean,0.1,64,in_seg,0,1,6,,,,,miss,miss,6,5,correct,correct
1,MTR_020,clean,0.1,65,in_seg,0,1,6,,,,,miss,miss,6,5,correct,correct
1,MTR_020,clean,0.1,66,in_seg,1,4,2,,,,,miss,miss,2,2,correct,correct
1,MTR_020,clean,0.1,67,in_seg,1,4,2,,,,,miss,miss,4,4,wrong_host,wrong_host
1,MTR_020,clean,0.25,64,in_seg,0,1,6,,,,,miss,miss,6,5,correct,correct
1,MTR_020,clean,0.25,65,in_seg,0,1,6,,,,,miss,miss,6,5,correct,correct
1,MTR_020,clean,0.25,66,in_seg,1,4,2,,,,,miss,miss,2,2,correct,correct
1,MTR_020,clean,0.25,67,in_seg,1,4,2,,,,,miss,miss,4,4,wrong_host,wrong_host
1,MTR_020,noise_q1,0.05,64,in_seg,0,1,6,,,,,miss,miss,6,5,correct,correct
1,MTR_020,noise_q1,0.05,65,in_seg,0,1,6,,,,,miss,miss,6,5,correct,correct
1,MTR_020,noise_q1,0.05,66,in_seg,1,4,2,,,,,miss,miss,2,2,correct,correct
1,MTR_020,noise_q1,0.05,67,in_seg,1,4,2,,,,,miss,miss,4,4,wrong_host,wrong_host
1,MTR_020,noise_q1,0.1,64,in_seg,0,1,6,,,,,miss,miss,6,5,correct,correct
1,MTR_020,noise_q1,0.1,65,in_seg,0,1,6,,,,,miss,miss,6,5,correct,correct
1,MTR_020,noise_q1,0.1,66,in_seg,1,4,2,,,,,miss,miss,2,2,correct,correct
1,MTR_020,noise_q1,0.1,67,in_seg,1,4,2,,,,,miss,miss,4,4,wrong_host,wrong_host
1,MTR_020,noise_q1,0.25,64,in_seg,0,1,6,,,,,miss,miss,6,5,correct,correct
1,MTR_020,noise_q1,0.25,65,in_seg,0,1,6,,,,,miss,miss,6,5,correct,correct
1,MTR_020,noise_q1,0.25,66,in_seg,1,4,2,,,,,miss,miss,2,2,correct,correct
1,MTR_020,noise_q1,0.25,67,in_seg,1,4,2,,,,,miss,miss,4,4,wrong_host,wrong_host
1,MTR_020,noise_q2,0.05,64,in_seg,0,1,6,,,,,miss,miss,6,5,correct,correct
1,MTR_020,noise_q2,0.05,65,in_seg,0,1,6,,,,,miss,miss,6,5,correct,correct
1,MTR_020,noise_q2,0.05,66,in_seg,1,4,2,,,,,miss,miss,2,2,correct,correct
1,MTR_020,noise_q2,0.05,67,in_seg,1,4,2,,,,,miss,miss,4,4,wrong_host,wrong_host
1,MTR_020,noise_q2,0.1,64,in_seg,0,1,6,,,,,miss,miss,6,5,correct,correct
1,MTR_020,noise_q2,0.1,65,in_seg,0,1,6,,,,,miss,miss,6,5,correct,correct
1,MTR_020,noise_q2,0.1,66,in_seg,1,4,2,,,,,miss,miss,2,2,correct,correct
1,MTR_020,noise_q2,0.1,67,in_seg,1,4,2,,,,,miss,miss,4,4,wrong_host,wrong_host
1,MTR_020,noise_q2,0.25,64,in_seg,0,1,6,,,,,miss,miss,6,5,correct,correct
1,MTR_020,noise_q2,0.25,65,in_seg,0,1,6,,,,,miss,miss,6,5,correct,correct
1,MTR_020,noise_q2,0.25,66,in_seg,1,4,2,,,,,miss,miss,2,2,correct,correct
1,MTR_020,noise_q2,0.25,67,in_seg,1,4,2,,,,,miss,miss,4,4,wrong_host,wrong_host
1,MTR_020,noise_q3,0.05,64,in_seg,0,1,6,,,,,miss,miss,6,5,correct,correct
1,MTR_020,noise_q3,0.05,65,in_seg,0,1,6,,,,,miss,miss,6,5,correct,correct
1,MTR_020,noise_q3,0.05,66,in_seg,1,4,2,,,,,miss,miss,2,2,correct,correct
1,MTR_020,noise_q3,0.05,67,in_seg,1,4,2,,,,,miss,miss,4,4,wrong_host,wrong_host
1,MTR_020,noise_q3,0.1,64,in_seg,0,1,6,,,,,miss,miss,6,5,correct,correct
1,MTR_020,noise_q3,0.1,65,in_seg,0,1,6,,,,,miss,miss,6,5,correct,correct
1,MTR_020,noise_q3,0.1,66,in_seg,1,4,2,,,,,miss,miss,2,2,correct,correct
1,MTR_020,noise_q3,0.1,67,in_seg,1,4,2,,,,,miss,miss,4,4,wrong_host,wrong_host
1,MTR_020,noise_q3,0.25,64,in_seg,0,1,6,,,,,miss,miss,6,5,correct,correct
1,MTR_020,noise_q3,0.25,65,in_seg,0,1,6,,,,,miss,miss,6,5,correct,correct
1,MTR_020,noise_q3,0.25,66,in_seg,1,4,2,,,,,miss,miss,2,2,correct,correct
1,MTR_020,noise_q3,0.25,67,in_seg,1,4,2,,,,,miss,miss,4,4,wrong_host,wrong_host
1,MTR_020,us4,0.05,64,in_seg,0,1,6,,,,,miss,miss,6,5,correct,correct
1,MTR_020,us4,0.05,65,in_seg,0,1,6,,,,,miss,miss,6,5,correct,correct
1,MTR_020,us4,0.05,66,in_seg,1,4,2,,,,,miss,miss,2,2,correct,correct
1,MTR_020,us4,0.05,67,in_seg,1,4,2,,,,,miss,miss,4,3,wrong_host,wrong_host
1,MTR_020,us4,0.1,64,in_seg,0,1,6,,,,,miss,miss,6,5,correct,correct
1,MTR_020,us4,0.1,65,in_seg,0,1,6,,,,,miss,miss,6,5,correct,correct
1,MTR_020,us4,0.1,66,in_seg,1,4,2,,,,,miss,miss,2,2,correct,correct
1,MTR_020,us4,0.1,67,in_seg,1,4,2,,,,,miss,miss,4,3,wrong_host,wrong_host
1,MTR_020,us4,0.25,64,in_seg,0,1,6,,,,,miss,miss,6,5,correct,correct
1,MTR_020,us4,0.25,65,in_seg,0,1,6,,,,,miss,miss,6,5,correct,correct
1,MTR_020,us4,0.25,66,in_seg,1,4,2,,,,,miss,miss,2,2,correct,correct
1,MTR_020,us4,0.25,67,in_seg,1,4,2,,,,,miss,miss,4,3,wrong_host,wrong_host
1,MTR_020,us8,0.05,64,in_seg,0,1,6,,,,,miss,miss,6,5,correct,correct
1,MTR_020,us8,0.05,65,in_seg,0,1,6,,,,,miss,miss,6,5,correct,correct
1,MTR_020,us8,0.05,66,in_seg,1,4,2,,,,,miss,miss,2,2,correct,correct
1,MTR_020,us8,0.05,67,in_seg,1,4,2,,,,,miss,miss,4,3,wrong_host,wrong_host
1,MTR_020,us8,0.1,64,in_seg,0,1,6,,,,,miss,miss,6,5,correct,correct
1,MTR_020,us8,0.1,65,in_seg,0,1,6,,,,,miss,miss,6,5,correct,correct
1,MTR_020,us8,0.1,66,in_seg,1,4,2,,,,,miss,miss,2,2,correct,correct
1,MTR_020,us8,0.1,67,in_seg,1,4,2,,,,,miss,miss,4,3,wrong_host,wrong_host
1,MTR_020,us8,0.25,64,in_seg,0,1,6,,,,,miss,miss,6,5,correct,correct
1,MTR_020,us8,0.25,65,in_seg,0,1,6,,,,,miss,miss,6,5,correct,correct
1,MTR_020,us8,0.25,66,in_seg,1,4,2,,,,,miss,miss,2,2,correct,correct
1,MTR_020,us8,0.25,67,in_seg,1,4,2,,,,,miss,miss,4,3,wrong_host,wrong_host
1,MTR_020,us16,0.05,64,in_seg,0,1,6,,,,,miss,miss,6,5,correct,correct
1,MTR_020,us16,0.05,65,in_seg,0,1,6,,,,,miss,miss,6,5,correct,correct
1,MTR_020,us16,0.05,66,in_seg,1,4,2,,,,,miss,miss,2,2,correct,correct
1,MTR_020,us16,0.05,67,in_seg,1,4,2,,,,,miss,miss,4,3,wrong_host,wrong_host
1,MTR_020,us16,0.1,64,in_seg,0,1,6,,,,,miss,miss,6,5,correct,correct
1,MTR_020,us16,0.1,65,in_seg,0,1,6,,,,,miss,miss,6,5,correct,correct
1,MTR_020,us16,0.1,66,in_seg,1,4,2,,,,,miss,miss,2,2,correct,correct
1,MTR_020,us16,0.1,67,in_seg,1,4,2,,,,,miss,miss,4,3,wrong_host,wrong_host
1,MTR_020,us16,0.25,64,in_seg,0,1,6,,,,,miss,miss,6,5,correct,correct
1,MTR_020,us16,0.25,65,in_seg,0,1,6,,,,,miss,miss,6,5,correct,correct
1,MTR_020,us16,0.25,66,in_seg,1,4,2,,,,,miss,miss,2,2,correct,correct
1,MTR_020,us16,0.25,67,in_seg,1,4,2,,,,,miss,miss,4,3,wrong_host,wrong_host
0,MTR_023,clean,0.05,70,in_seg,0,1,5,,,,,miss,miss,5,5,correct,correct
0,MTR_023,clean,0.05,71,in_seg,0,1,5,,,,,miss,miss,5,5,correct,correct
0,MTR_023,clean,0.05,72,ligament,3,3,0,,,,,,,unknown,unknown,,
0,MTR_023,clean,0.05,74,in_seg,1,4,2,,,,,miss,miss,2,2,correct,correct
0,MTR_023,clean,0.1,70,in_seg,0,1,5,,,,,miss,miss,5,5,correct,correct
0,MTR_023,clean,0.1,71,in_seg,0,1,5,,,,,miss,miss,5,5,correct,correct
0,MTR_023,clean,0.1,72,ligament,3,3,0,,,,,,,unknown,unknown,,
0,MTR_023,clean,0.1,74,in_seg,1,4,2,,,,,miss,miss,2,2,correct,correct
0,MTR_023,clean,0.25,70,in_seg,0,1,5,,,,,miss,miss,5,5,correct,correct
0,MTR_023,clean,0.25,71,in_seg,0,1,5,,,,,miss,miss,5,5,correct,correct
0,MTR_023,clean,0.25,72,ligament,3,3,0,,,,,,,unknown,unknown,,
0,MTR_023,clean,0.25,74,in_seg,1,4,2,,,,,miss,miss,2,2,correct,correct
0,MTR_023,noise_q1,0.05,70,in_seg,0,1,5,,,,,miss,miss,5,5,correct,correct
0,MTR_023,noise_q1,0.05,71,in_seg,0,1,5,,,,,miss,miss,5,5,correct,correct
0,MTR_023,noise_q1,0.05,72,ligament,3,3,0,,,,,,,unknown,unknown,,
0,MTR_023,noise_q1,0.05,74,in_seg,1,4,2,,,,,miss,miss,2,2,correct,correct
0,MTR_023,noise_q1,0.1,70,in_seg,0,1,5,,,,,miss,miss,5,5,correct,correct
0,MTR_023,noise_q1,0.1,71,in_seg,0,1,5,,,,,miss,miss,5,5,correct,correct
0,MTR_023,noise_q1,0.1,72,ligament,3,3,0,,,,,,,unknown,unknown,,
0,MTR_023,noise_q1,0.1,74,in_seg,1,4,2,,,,,miss,miss,2,2,correct,correct
0,MTR_023,noise_q1,0.25,70,in_seg,0,1,5,,,,,miss,miss,5,5,correct,correct
0,MTR_023,noise_q1,0.25,71,in_seg,0,1,5,,,,,miss,miss,5,5,correct,correct
0,MTR_023,noise_q1,0.25,72,ligament,3,3,0,,,,,,,unknown,unknown,,
0,MTR_023,noise_q1,0.25,74,in_seg,1,4,2,,,,,miss,miss,2,2,correct,correct
0,MTR_023,noise_q2,0.05,70,in_seg,0,1,5,,,,,miss,miss,5,5,correct,correct
0,MTR_023,noise_q2,0.05,71,in_seg,0,1,5,,,,,miss,miss,5,6,correct,correct
0,MTR_023,noise_q2,0.05,72,ligament,3,3,0,,,,,,,unknown,unknown,,
0,MTR_023,noise_q2,0.05,74,in_seg,1,4,2,,,,,miss,miss,2,2,correct,correct
0,MTR_023,noise_q2,0.1,70,in_seg,0,1,5,,,,,miss,miss,5,5,correct,correct
0,MTR_023,noise_q2,0.1,71,in_seg,0,1,5,,,,,miss,miss,5,6,correct,correct
0,MTR_023,noise_q2,0.1,72,ligament,3,3,0,,,,,,,unknown,unknown,,
0,MTR_023,noise_q2,0.1,74,in_seg,1,4,2,,,,,miss,miss,2,2,correct,correct
0,MTR_023,noise_q2,0.25,70,in_seg,0,1,5,,,,,miss,miss,5,5,correct,correct
0,MTR_023,noise_q2,0.25,71,in_seg,0,1,5,,,,,miss,miss,5,6,correct,correct
0,MTR_023,noise_q2,0.25,72,ligament,3,3,0,,,,,,,unknown,unknown,,
0,MTR_023,noise_q2,0.25,74,in_seg,1,4,2,,,,,miss,miss,2,2,correct,correct
0,MTR_023,noise_q3,0.05,70,in_seg,0,1,5,,,,,miss,miss,5,5,correct,correct
0,MTR_023,noise_q3,0.05,71,in_seg,0,1,5,,,,,miss,miss,5,5,correct,correct
0,MTR_023,noise_q3,0.05,72,ligament,3,3,0,,,,,,,unknown,unknown,,
0,MTR_023,noise_q3,0.05,74,in_seg,1,4,2,,,,,miss,miss,2,2,correct,correct
0,MTR_023,noise_q3,0.1,70,in_seg,0,1,5,,,,,miss,miss,5,5,correct,correct
0,MTR_023,noise_q3,0.1,71,in_seg,0,1,5,,,,,miss,miss,5,5,correct,correct
0,MTR_023,noise_q3,0.1,72,ligament,3,3,0,,,,,,,unknown,unknown,,
0,MTR_023,noise_q3,0.1,74,in_seg,1,4,2,,,,,miss,miss,2,2,correct,correct
0,MTR_023,noise_q3,0.25,70,in_seg,0,1,5,,,,,miss,miss,5,5,correct,correct
0,MTR_023,noise_q3,0.25,71,in_seg,0,1,5,,,,,miss,miss,5,5,correct,correct
0,MTR_023,noise_q3,0.25,72,ligament,3,3,0,,,,,,,unknown,unknown,,
0,MTR_023,noise_q3,0.25,74,in_seg,1,4,2,,,,,miss,miss,2,2,correct,correct
0,MTR_023,us4,0.05,70,in_seg,0,1,5,,,,,miss,miss,5,5,correct,correct
0,MTR_023,us4,0.05,71,in_seg,0,1,5,,,,,miss,miss,5,5,correct,correct
0,MTR_023,us4,0.05,72,ligament,3,3,0,,,,,,,unknown,unknown,,
0,MTR_023,us4,0.05,74,in_seg,1,4,2,,,,,miss,miss,2,2,correct,correct
0,MTR_023,us4,0.1,70,in_seg,0,1,5,,,,,miss,miss,5,5,correct,correct
0,MTR_023,us4,0.1,71,in_seg,0,1,5,,,,,miss,miss,5,5,correct,correct
0,MTR_023,us4,0.1,72,ligament,3,3,0,,,,,,,unknown,unknown,,
0,MTR_023,us4,0.1,74,in_seg,1,4,2,,,,,miss,miss,2,2,correct,correct
0,MTR_023,us4,0.25,70,in_seg,0,1,5,,,,,miss,miss,5,5,correct,correct
0,MTR_023,us4,0.25,71,in_seg,0,1,5,,,,,miss,miss,5,5,correct,correct
0,MTR_023,us4,0.25,72,ligament,3,3,0,,,,,,,unknown,unknown,,
0,MTR_023,us4,0.25,74,in_seg,1,4,2,,,,,miss,miss,2,2,correct,correct
0,MTR_023,us8,0.05,70,in_seg,0,1,5,,,,,miss,miss,5,5,correct,correct
0,MTR_023,us8,0.05,71,in_seg,0,1,5,,,,,miss,miss,5,5,correct,correct
0,MTR_023,us8,0.05,72,ligament,3,3,0,,,,,,,unknown,unknown,,
0,MTR_023,us8,0.05,74,in_seg,1,4,2,,,,,miss,miss,2,2,correct,correct
0,MTR_023,us8,0.1,70,in_seg,0,1,5,,,,,miss,miss,5,5,correct,correct
0,MTR_023,us8,0.1,71,in_seg,0,1,5,,,,,miss,miss,5,5,correct,correct
0,MTR_023,us8,0.1,72,ligament,3,3,0,,,,,,,unknown,unknown,,
0,MTR_023,us8,0.1,74,in_seg,1,4,2,,,,,miss,miss,2,2,correct,correct
0,MTR_023,us8,0.25,70,in_seg,0,1,5,,,,,miss,miss,5,5,correct,correct
0,MTR_023,us8,0.25,71,in_seg,0,1,5,,,,,miss,miss,5,5,correct,correct
0,MTR_023,us8,0.25,72,ligament,3,3,0,,,,,,,unknown,unknown,,
0,MTR_023,us8,0.25,74,in_seg,1,4,2,,,,,miss,miss,2,2,correct,correct
0,MTR_023,us16,0.05,70,in_seg,0,1,5,,,,,miss,miss,5,5,correct,correct
0,MTR_023,us16,0.05,71,in_seg,0,1,5,,,,,miss,miss,5,5,correct,correct
0,MTR_023,us16,0.05,72,ligament,3,3,0,,,,,,,unknown,unknown,,
0,MTR_023,us16,0.05,74,in_seg,1,4,2,,,,,miss,miss,2,2,correct,correct
0,MTR_023,us16,0.1,70,in_seg,0,1,5,,,,,miss,miss,5,5,correct,correct
0,MTR_023,us16,0.1,71,in_seg,0,1,5,,,,,miss,miss,5,5,correct,correct
0,MTR_023,us16,0.1,72,ligament,3,3,0,,,,,,,unknown,unknown,,
0,MTR_023,us16,0.1,74,in_seg,1,4,2,,,,,miss,miss,2,2,correct,correct
0,MTR_023,us16,0.25,70,in_seg,0,1,5,,,,,miss,miss,5,5,correct,correct
0,MTR_023,us16,0.25,71,in_seg,0,1,5,,,,,miss,miss,5,5,correct,correct
0,MTR_023,us16,0.25,72,ligament,3,3,0,,,,,,,unknown,unknown,,
0,MTR_023,us16,0.25,74,in_seg,1,4,2,,,,,miss,miss,2,2,correct,correct
0,MTR_026,clean,0.05,99,in_seg,1,4,2,,,,,miss,miss,2,2,correct,correct
0,MTR_026,clean,0.05,100,effusion,2,-1,7,,,,,,,none,none,,
0,MTR_026,clean,0.1,99,in_seg,1,4,2,,,,,miss,miss,2,2,correct,correct
0,MTR_026,clean,0.1,100,effusion,2,-1,7,,,,,,,none,none,,
0,MTR_026,clean,0.25,99,in_seg,1,4,2,,,,,miss,miss,2,2,correct,correct
0,MTR_026,clean,0.25,100,effusion,2,-1,7,,,,,,,none,none,,
0,MTR_026,noise_q1,0.05,99,in_seg,1,4,2,,,,,miss,miss,2,2,correct,correct
0,MTR_026,noise_q1,0.05,100,effusion,2,-1,7,,,,,,,none,none,,
0,MTR_026,noise_q1,0.1,99,in_seg,1,4,2,,,,,miss,miss,2,2,correct,correct
0,MTR_026,noise_q1,0.1,100,effusion,2,-1,7,,,,,,,none,none,,
0,MTR_026,noise_q1,0.25,99,in_seg,1,4,2,,,,,miss,miss,2,2,correct,correct
0,MTR_026,noise_q1,0.25,100,effusion,2,-1,7,,,,,,,none,none,,
0,MTR_026,noise_q2,0.05,99,in_seg,1,4,2,,,,,miss,miss,2,2,correct,correct
0,MTR_026,noise_q2,0.05,100,effusion,2,-1,7,,,,,,,none,none,,
0,MTR_026,noise_q2,0.1,99,in_seg,1,4,2,,,,,miss,miss,2,2,correct,correct
0,MTR_026,noise_q2,0.1,100,effusion,2,-1,7,,,,,,,none,none,,
0,MTR_026,noise_q2,0.25,99,in_seg,1,4,2,,,,,miss,miss,2,2,correct,correct
0,MTR_026,noise_q2,0.25,100,effusion,2,-1,7,,,,,,,none,none,,
0,MTR_026,noise_q3,0.05,99,in_seg,1,4,2,,,,,miss,miss,2,2,correct,correct
0,MTR_026,noise_q3,0.05,100,effusion,2,-1,7,,,,,,,none,none,,
0,MTR_026,noise_q3,0.1,99,in_seg,1,4,2,,,,,miss,miss,2,2,correct,correct
0,MTR_026,noise_q3,0.1,100,effusion,2,-1,7,,,,,,,none,none,,
0,MTR_026,noise_q3,0.25,99,in_seg,1,4,2,,,,,miss,miss,2,2,correct,correct
0,MTR_026,noise_q3,0.25,100,effusion,2,-1,7,,,,,,,none,none,,
0,MTR_026,us4,0.05,99,in_seg,1,4,2,,,,,miss,miss,2,2,correct,correct
0,MTR_026,us4,0.05,100,effusion,2,-1,7,,,,,,,none,none,,
0,MTR_026,us4,0.1,99,in_seg,1,4,2,,,,,miss,miss,2,2,correct,correct
0,MTR_026,us4,0.1,100,effusion,2,-1,7,,,,,,,none,none,,
0,MTR_026,us4,0.25,99,in_seg,1,4,2,,,,,miss,miss,2,2,correct,correct
0,MTR_026,us4,0.25,100,effusion,2,-1,7,,,,,,,none,none,,
0,MTR_026,us8,0.05,99,in_seg,1,4,2,,,,,miss,miss,2,2,correct,correct
0,MTR_026,us8,0.05,100,effusion,2,-1,7,,,,,,,none,none,,
0,MTR_026,us8,0.1,99,in_seg,1,4,2,,,,,miss,miss,2,2,correct,correct
0,MTR_026,us8,0.1,100,effusion,2,-1,7,,,,,,,none,none,,
0,MTR_026,us8,0.25,99,in_seg,1,4,2,,,,,miss,miss,2,2,correct,correct
0,MTR_026,us8,0.25,100,effusion,2,-1,7,,,,,,,none,none,,
0,MTR_026,us16,0.05,99,in_seg,1,4,2,,,,,miss,miss,2,2,correct,correct
0,MTR_026,us16,0.05,100,effusion,2,-1,7,,,,,,,none,none,,
0,MTR_026,us16,0.1,99,in_seg,1,4,2,,,,,miss,miss,2,2,correct,correct
0,MTR_026,us16,0.1,100,effusion,2,-1,7,,,,,,,none,none,,
0,MTR_026,us16,0.25,99,in_seg,1,4,2,,,,,miss,miss,2,2,correct,correct
0,MTR_026,us16,0.25,100,effusion,2,-1,7,,,,,,,none,none,,
3,MTR_030,clean,0.05,68,in_seg,0,1,6,,,,,miss,miss,6,5,correct,correct
3,MTR_030,clean,0.05,69,in_seg,0,1,6,,,,,miss,miss,6,6,correct,correct
3,MTR_030,clean,0.05,70,in_seg,0,1,6,,,,,miss,miss,6,5,correct,correct
3,MTR_030,clean,0.05,71,ligament,3,2,0,,,,,,,unknown,unknown,,
3,MTR_030,clean,0.05,72,in_seg,1,6,3,,,,,miss,miss,3,4,correct,correct
3,MTR_030,clean,0.05,73,in_seg,1,4,2,,,,,miss,miss,2,2,correct,correct
3,MTR_030,clean,0.05,74,in_seg,1,4,2,,,,,miss,miss,2,2,correct,correct
3,MTR_030,clean,0.05,75,in_seg,1,6,4,,,,,miss,miss,4,4,correct,correct
3,MTR_030,clean,0.05,76,in_seg,1,5,1,,,,,miss,miss,1,1,correct,correct
3,MTR_030,clean,0.1,68,in_seg,0,1,6,,,,,miss,miss,6,5,correct,correct
3,MTR_030,clean,0.1,69,in_seg,0,1,6,,,,,miss,miss,6,6,correct,correct
3,MTR_030,clean,0.1,70,in_seg,0,1,6,,,,,miss,miss,6,5,correct,correct
3,MTR_030,clean,0.1,71,ligament,3,2,0,,,,,,,unknown,unknown,,
3,MTR_030,clean,0.1,72,in_seg,1,6,3,,,,,miss,miss,3,4,correct,correct
3,MTR_030,clean,0.1,73,in_seg,1,4,2,,,,,miss,miss,2,2,correct,correct
3,MTR_030,clean,0.1,74,in_seg,1,4,2,,,,,miss,miss,2,2,correct,correct
3,MTR_030,clean,0.1,75,in_seg,1,6,4,,,,,miss,miss,4,4,correct,correct
3,MTR_030,clean,0.1,76,in_seg,1,5,1,,,,,miss,miss,1,1,correct,correct
3,MTR_030,clean,0.25,68,in_seg,0,1,6,,,,,miss,miss,6,5,correct,correct
3,MTR_030,clean,0.25,69,in_seg,0,1,6,,,,,miss,miss,6,6,correct,correct
3,MTR_030,clean,0.25,70,in_seg,0,1,6,,,,,miss,miss,6,5,correct,correct
3,MTR_030,clean,0.25,71,ligament,3,2,0,,,,,,,unknown,unknown,,
3,MTR_030,clean,0.25,72,in_seg,1,6,3,,,,,miss,miss,3,4,correct,correct
3,MTR_030,clean,0.25,73,in_seg,1,4,2,,,,,miss,miss,2,2,correct,correct
3,MTR_030,clean,0.25,74,in_seg,1,4,2,,,,,miss,miss,2,2,correct,correct
3,MTR_030,clean,0.25,75,in_seg,1,6,4,,,,,miss,miss,4,4,correct,correct
3,MTR_030,clean,0.25,76,in_seg,1,5,1,,,,,miss,miss,1,1,correct,correct
3,MTR_030,noise_q1,0.05,68,in_seg,0,1,6,,,,,miss,miss,6,5,correct,correct
3,MTR_030,noise_q1,0.05,69,in_seg,0,1,6,,,,,miss,miss,6,5,correct,correct
3,MTR_030,noise_q1,0.05,70,in_seg,0,1,6,,,,,miss,miss,6,5,correct,correct
3,MTR_030,noise_q1,0.05,71,ligament,3,2,0,,,,,,,unknown,unknown,,
3,MTR_030,noise_q1,0.05,72,in_seg,1,6,3,,,,,miss,miss,3,4,correct,correct
3,MTR_030,noise_q1,0.05,73,in_seg,1,4,2,,,,,miss,miss,2,2,correct,correct
3,MTR_030,noise_q1,0.05,74,in_seg,1,4,2,,,,,miss,miss,2,2,correct,correct
3,MTR_030,noise_q1,0.05,75,in_seg,1,6,4,,,,,miss,miss,4,4,correct,correct
3,MTR_030,noise_q1,0.05,76,in_seg,1,5,1,,,,,miss,miss,1,1,correct,correct
3,MTR_030,noise_q1,0.1,68,in_seg,0,1,6,,,,,miss,miss,6,5,correct,correct
3,MTR_030,noise_q1,0.1,69,in_seg,0,1,6,,,,,miss,miss,6,5,correct,correct
3,MTR_030,noise_q1,0.1,70,in_seg,0,1,6,,,,,miss,miss,6,5,correct,correct
3,MTR_030,noise_q1,0.1,71,ligament,3,2,0,,,,,,,unknown,unknown,,
3,MTR_030,noise_q1,0.1,72,in_seg,1,6,3,,,,,miss,miss,3,4,correct,correct
3,MTR_030,noise_q1,0.1,73,in_seg,1,4,2,,,,,miss,miss,2,2,correct,correct
3,MTR_030,noise_q1,0.1,74,in_seg,1,4,2,,,,,miss,miss,2,2,correct,correct
3,MTR_030,noise_q1,0.1,75,in_seg,1,6,4,,,,,miss,miss,4,4,correct,correct
3,MTR_030,noise_q1,0.1,76,in_seg,1,5,1,,,,,miss,miss,1,1,correct,correct
3,MTR_030,noise_q1,0.25,68,in_seg,0,1,6,,,,,miss,miss,6,5,correct,correct
3,MTR_030,noise_q1,0.25,69,in_seg,0,1,6,,,,,miss,miss,6,5,correct,correct
3,MTR_030,noise_q1,0.25,70,in_seg,0,1,6,,,,,miss,miss,6,5,correct,correct
3,MTR_030,noise_q1,0.25,71,ligament,3,2,0,,,,,,,unknown,unknown,,
3,MTR_030,noise_q1,0.25,72,in_seg,1,6,3,,,,,miss,miss,3,4,correct,correct
3,MTR_030,noise_q1,0.25,73,in_seg,1,4,2,,,,,miss,miss,2,2,correct,correct
3,MTR_030,noise_q1,0.25,74,in_seg,1,4,2,,,,,miss,miss,2,2,correct,correct
3,MTR_030,noise_q1,0.25,75,in_seg,1,6,4,,,,,miss,miss,4,4,correct,correct
3,MTR_030,noise_q1,0.25,76,in_seg,1,5,1,,,,,miss,miss,1,1,correct,correct
3,MTR_030,noise_q2,0.05,68,in_seg,0,1,6,,,,,miss,miss,6,5,correct,correct
3,MTR_030,noise_q2,0.05,69,in_seg,0,1,6,,,,,miss,miss,6,5,correct,correct
3,MTR_030,noise_q2,0.05,70,in_seg,0,1,6,,,,,miss,miss,6,5,correct,correct
3,MTR_030,noise_q2,0.05,71,ligament,3,2,0,,,,,,,unknown,unknown,,
3,MTR_030,noise_q2,0.05,72,in_seg,1,6,3,,,,,miss,miss,3,4,correct,correct
3,MTR_030,noise_q2,0.05,73,in_seg,1,4,2,,,,,miss,miss,2,2,correct,correct
3,MTR_030,noise_q2,0.05,74,in_seg,1,4,2,,,,,miss,miss,2,2,correct,correct
3,MTR_030,noise_q2,0.05,75,in_seg,1,6,4,,,,,miss,miss,4,4,correct,correct
3,MTR_030,noise_q2,0.05,76,in_seg,1,5,1,,,,,miss,miss,1,1,correct,correct
3,MTR_030,noise_q2,0.1,68,in_seg,0,1,6,,,,,miss,miss,6,5,correct,correct
3,MTR_030,noise_q2,0.1,69,in_seg,0,1,6,,,,,miss,miss,6,5,correct,correct
3,MTR_030,noise_q2,0.1,70,in_seg,0,1,6,,,,,miss,miss,6,5,correct,correct
3,MTR_030,noise_q2,0.1,71,ligament,3,2,0,,,,,,,unknown,unknown,,
3,MTR_030,noise_q2,0.1,72,in_seg,1,6,3,,,,,miss,miss,3,4,correct,correct
3,MTR_030,noise_q2,0.1,73,in_seg,1,4,2,,,,,miss,miss,2,2,correct,correct
3,MTR_030,noise_q2,0.1,74,in_seg,1,4,2,,,,,miss,miss,2,2,correct,correct
3,MTR_030,noise_q2,0.1,75,in_seg,1,6,4,,,,,miss,miss,4,4,correct,correct
3,MTR_030,noise_q2,0.1,76,in_seg,1,5,1,,,,,miss,miss,1,1,correct,correct
3,MTR_030,noise_q2,0.25,68,in_seg,0,1,6,,,,,miss,miss,6,5,correct,correct
3,MTR_030,noise_q2,0.25,69,in_seg,0,1,6,,,,,miss,miss,6,5,correct,correct
3,MTR_030,noise_q2,0.25,70,in_seg,0,1,6,,,,,miss,miss,6,5,correct,correct
3,MTR_030,noise_q2,0.25,71,ligament,3,2,0,,,,,,,unknown,unknown,,
3,MTR_030,noise_q2,0.25,72,in_seg,1,6,3,,,,,miss,miss,3,4,correct,correct
3,MTR_030,noise_q2,0.25,73,in_seg,1,4,2,,,,,miss,miss,2,2,correct,correct
3,MTR_030,noise_q2,0.25,74,in_seg,1,4,2,,,,,miss,miss,2,2,correct,correct
3,MTR_030,noise_q2,0.25,75,in_seg,1,6,4,,,,,miss,miss,4,4,correct,correct
3,MTR_030,noise_q2,0.25,76,in_seg,1,5,1,,,,,miss,miss,1,1,correct,correct
3,MTR_030,noise_q3,0.05,68,in_seg,0,1,6,,,,,miss,miss,6,5,correct,correct
3,MTR_030,noise_q3,0.05,69,in_seg,0,1,6,,,,,miss,miss,6,6,correct,correct
3,MTR_030,noise_q3,0.05,70,in_seg,0,1,6,,,,,miss,miss,6,5,correct,correct
3,MTR_030,noise_q3,0.05,71,ligament,3,2,0,,,,,,,unknown,unknown,,
3,MTR_030,noise_q3,0.05,72,in_seg,1,6,3,,,,,miss,miss,3,2,correct,wrong_host
3,MTR_030,noise_q3,0.05,73,in_seg,1,4,2,,,,,miss,miss,2,2,correct,correct
3,MTR_030,noise_q3,0.05,74,in_seg,1,4,2,,,,,miss,miss,2,2,correct,correct
3,MTR_030,noise_q3,0.05,75,in_seg,1,6,4,,,,,miss,miss,4,4,correct,correct
3,MTR_030,noise_q3,0.05,76,in_seg,1,5,1,,,,,miss,miss,1,1,correct,correct
3,MTR_030,noise_q3,0.1,68,in_seg,0,1,6,,,,,miss,miss,6,5,correct,correct
3,MTR_030,noise_q3,0.1,69,in_seg,0,1,6,,,,,miss,miss,6,6,correct,correct
3,MTR_030,noise_q3,0.1,70,in_seg,0,1,6,,,,,miss,miss,6,5,correct,correct
3,MTR_030,noise_q3,0.1,71,ligament,3,2,0,,,,,,,unknown,unknown,,
3,MTR_030,noise_q3,0.1,72,in_seg,1,6,3,,,,,miss,miss,3,2,correct,wrong_host
3,MTR_030,noise_q3,0.1,73,in_seg,1,4,2,,,,,miss,miss,2,2,correct,correct
3,MTR_030,noise_q3,0.1,74,in_seg,1,4,2,,,,,miss,miss,2,2,correct,correct
3,MTR_030,noise_q3,0.1,75,in_seg,1,6,4,,,,,miss,miss,4,4,correct,correct
3,MTR_030,noise_q3,0.1,76,in_seg,1,5,1,,,,,miss,miss,1,1,correct,correct
3,MTR_030,noise_q3,0.25,68,in_seg,0,1,6,,,,,miss,miss,6,5,correct,correct
3,MTR_030,noise_q3,0.25,69,in_seg,0,1,6,,,,,miss,miss,6,6,correct,correct
3,MTR_030,noise_q3,0.25,70,in_seg,0,1,6,,,,,miss,miss,6,5,correct,correct
3,MTR_030,noise_q3,0.25,71,ligament,3,2,0,,,,,,,unknown,unknown,,
3,MTR_030,noise_q3,0.25,72,in_seg,1,6,3,,,,,miss,miss,3,2,correct,wrong_host
3,MTR_030,noise_q3,0.25,73,in_seg,1,4,2,,,,,miss,miss,2,2,correct,correct
3,MTR_030,noise_q3,0.25,74,in_seg,1,4,2,,,,,miss,miss,2,2,correct,correct
3,MTR_030,noise_q3,0.25,75,in_seg,1,6,4,,,,,miss,miss,4,4,correct,correct
3,MTR_030,noise_q3,0.25,76,in_seg,1,5,1,,,,,miss,miss,1,1,correct,correct
3,MTR_030,us4,0.05,68,in_seg,0,1,6,,,,,miss,miss,6,5,correct,correct
3,MTR_030,us4,0.05,69,in_seg,0,1,6,,,,,miss,miss,6,6,correct,correct
3,MTR_030,us4,0.05,70,in_seg,0,1,6,,,,,miss,miss,6,5,correct,correct
3,MTR_030,us4,0.05,71,ligament,3,2,0,,,,,,,unknown,unknown,,
3,MTR_030,us4,0.05,72,in_seg,1,6,3,,,,,miss,miss,3,2,correct,wrong_host
3,MTR_030,us4,0.05,73,in_seg,1,4,2,,,,,miss,miss,2,2,correct,correct
3,MTR_030,us4,0.05,74,in_seg,1,4,2,0,0.2106,6,5,wrong_class,wrong_class,2,2,correct,correct
3,MTR_030,us4,0.05,75,in_seg,1,6,4,,,,,miss,miss,4,4,correct,correct
3,MTR_030,us4,0.05,76,in_seg,1,5,1,,,,,miss,miss,1,1,correct,correct
3,MTR_030,us4,0.1,68,in_seg,0,1,6,,,,,miss,miss,6,5,correct,correct
3,MTR_030,us4,0.1,69,in_seg,0,1,6,,,,,miss,miss,6,6,correct,correct
3,MTR_030,us4,0.1,70,in_seg,0,1,6,,,,,miss,miss,6,5,correct,correct
3,MTR_030,us4,0.1,71,ligament,3,2,0,,,,,,,unknown,unknown,,
3,MTR_030,us4,0.1,72,in_seg,1,6,3,,,,,miss,miss,3,2,correct,wrong_host
3,MTR_030,us4,0.1,73,in_seg,1,4,2,,,,,miss,miss,2,2,correct,correct
3,MTR_030,us4,0.1,74,in_seg,1,4,2,0,0.2106,6,5,wrong_class,wrong_class,2,2,correct,correct
3,MTR_030,us4,0.1,75,in_seg,1,6,4,,,,,miss,miss,4,4,correct,correct
3,MTR_030,us4,0.1,76,in_seg,1,5,1,,,,,miss,miss,1,1,correct,correct
3,MTR_030,us4,0.25,68,in_seg,0,1,6,,,,,miss,miss,6,5,correct,correct
3,MTR_030,us4,0.25,69,in_seg,0,1,6,,,,,miss,miss,6,6,correct,correct
3,MTR_030,us4,0.25,70,in_seg,0,1,6,,,,,miss,miss,6,5,correct,correct
3,MTR_030,us4,0.25,71,ligament,3,2,0,,,,,,,unknown,unknown,,
3,MTR_030,us4,0.25,72,in_seg,1,6,3,,,,,miss,miss,3,2,correct,wrong_host
3,MTR_030,us4,0.25,73,in_seg,1,4,2,,,,,miss,miss,2,2,correct,correct
3,MTR_030,us4,0.25,74,in_seg,1,4,2,,,,,miss,miss,2,2,correct,correct
3,MTR_030,us4,0.25,75,in_seg,1,6,4,,,,,miss,miss,4,4,correct,correct
3,MTR_030,us4,0.25,76,in_seg,1,5,1,,,,,miss,miss,1,1,correct,correct
3,MTR_030,us8,0.05,68,in_seg,0,1,6,,,,,miss,miss,6,5,correct,correct
3,MTR_030,us8,0.05,69,in_seg,0,1,6,,,,,miss,miss,6,6,correct,correct
3,MTR_030,us8,0.05,70,in_seg,0,1,6,,,,,miss,miss,6,5,correct,correct
3,MTR_030,us8,0.05,71,ligament,3,2,0,,,,,,,unknown,unknown,,
3,MTR_030,us8,0.05,72,in_seg,1,6,3,,,,,miss,miss,3,2,correct,wrong_host
3,MTR_030,us8,0.05,73,in_seg,1,4,2,,,,,miss,miss,2,2,correct,correct
3,MTR_030,us8,0.05,74,in_seg,1,4,2,0,0.229,6,5,wrong_class,wrong_class,2,2,correct,correct
3,MTR_030,us8,0.05,75,in_seg,1,6,4,,,,,miss,miss,4,4,correct,correct
3,MTR_030,us8,0.05,76,in_seg,1,5,1,,,,,miss,miss,1,1,correct,correct
3,MTR_030,us8,0.1,68,in_seg,0,1,6,,,,,miss,miss,6,5,correct,correct
3,MTR_030,us8,0.1,69,in_seg,0,1,6,,,,,miss,miss,6,6,correct,correct
3,MTR_030,us8,0.1,70,in_seg,0,1,6,,,,,miss,miss,6,5,correct,correct
3,MTR_030,us8,0.1,71,ligament,3,2,0,,,,,,,unknown,unknown,,
3,MTR_030,us8,0.1,72,in_seg,1,6,3,,,,,miss,miss,3,2,correct,wrong_host
3,MTR_030,us8,0.1,73,in_seg,1,4,2,,,,,miss,miss,2,2,correct,correct
3,MTR_030,us8,0.1,74,in_seg,1,4,2,0,0.229,6,5,wrong_class,wrong_class,2,2,correct,correct
3,MTR_030,us8,0.1,75,in_seg,1,6,4,,,,,miss,miss,4,4,correct,correct
3,MTR_030,us8,0.1,76,in_seg,1,5,1,,,,,miss,miss,1,1,correct,correct
3,MTR_030,us8,0.25,68,in_seg,0,1,6,,,,,miss,miss,6,5,correct,correct
3,MTR_030,us8,0.25,69,in_seg,0,1,6,,,,,miss,miss,6,6,correct,correct
3,MTR_030,us8,0.25,70,in_seg,0,1,6,,,,,miss,miss,6,5,correct,correct
3,MTR_030,us8,0.25,71,ligament,3,2,0,,,,,,,unknown,unknown,,
3,MTR_030,us8,0.25,72,in_seg,1,6,3,,,,,miss,miss,3,2,correct,wrong_host
3,MTR_030,us8,0.25,73,in_seg,1,4,2,,,,,miss,miss,2,2,correct,correct
3,MTR_030,us8,0.25,74,in_seg,1,4,2,,,,,miss,miss,2,2,correct,correct
3,MTR_030,us8,0.25,75,in_seg,1,6,4,,,,,miss,miss,4,4,correct,correct
3,MTR_030,us8,0.25,76,in_seg,1,5,1,,,,,miss,miss,1,1,correct,correct
3,MTR_030,us16,0.05,68,in_seg,0,1,6,,,,,miss,miss,6,5,correct,correct
3,MTR_030,us16,0.05,69,in_seg,0,1,6,,,,,miss,miss,6,6,correct,correct
3,MTR_030,us16,0.05,70,in_seg,0,1,6,,,,,miss,miss,6,5,correct,correct
3,MTR_030,us16,0.05,71,ligament,3,2,0,,,,,,,unknown,unknown,,
3,MTR_030,us16,0.05,72,in_seg,1,6,3,,,,,miss,miss,3,2,correct,wrong_host
3,MTR_030,us16,0.05,73,in_seg,1,4,2,,,,,miss,miss,2,2,correct,correct
3,MTR_030,us16,0.05,74,in_seg,1,4,2,,,,,miss,miss,2,2,correct,correct
3,MTR_030,us16,0.05,75,in_seg,1,6,4,,,,,miss,miss,4,4,correct,correct
3,MTR_030,us16,0.05,76,in_seg,1,5,1,,,,,miss,miss,1,1,correct,correct
3,MTR_030,us16,0.1,68,in_seg,0,1,6,,,,,miss,miss,6,5,correct,correct
3,MTR_030,us16,0.1,69,in_seg,0,1,6,,,,,miss,miss,6,6,correct,correct
3,MTR_030,us16,0.1,70,in_seg,0,1,6,,,,,miss,miss,6,5,correct,correct
3,MTR_030,us16,0.1,71,ligament,3,2,0,,,,,,,unknown,unknown,,
3,MTR_030,us16,0.1,72,in_seg,1,6,3,,,,,miss,miss,3,2,correct,wrong_host
3,MTR_030,us16,0.1,73,in_seg,1,4,2,,,,,miss,miss,2,2,correct,correct
3,MTR_030,us16,0.1,74,in_seg,1,4,2,,,,,miss,miss,2,2,correct,correct
3,MTR_030,us16,0.1,75,in_seg,1,6,4,,,,,miss,miss,4,4,correct,correct
3,MTR_030,us16,0.1,76,in_seg,1,5,1,,,,,miss,miss,1,1,correct,correct
3,MTR_030,us16,0.25,68,in_seg,0,1,6,,,,,miss,miss,6,5,correct,correct
3,MTR_030,us16,0.25,69,in_seg,0,1,6,,,,,miss,miss,6,6,correct,correct
3,MTR_030,us16,0.25,70,in_seg,0,1,6,,,,,miss,miss,6,5,correct,correct
3,MTR_030,us16,0.25,71,ligament,3,2,0,,,,,,,unknown,unknown,,
3,MTR_030,us16,0.25,72,in_seg,1,6,3,,,,,miss,miss,3,2,correct,wrong_host
3,MTR_030,us16,0.25,73,in_seg,1,4,2,,,,,miss,miss,2,2,correct,correct
3,MTR_030,us16,0.25,74,in_seg,1,4,2,,,,,miss,miss,2,2,correct,correct
3,MTR_030,us16,0.25,75,in_seg,1,6,4,,,,,miss,miss,4,4,correct,correct
3,MTR_030,us16,0.25,76,in_seg,1,5,1,,,,,miss,miss,1,1,correct,correct
0,MTR_033,clean,0.05,68,effusion,2,-1,7,,,,,,,none,none,,
0,MTR_033,clean,0.05,69,in_seg,1,4,2,,,,,miss,miss,2,2,correct,correct
0,MTR_033,clean,0.05,70,in_seg,1,4,2,,,,,miss,miss,2,2,correct,correct
0,MTR_033,clean,0.1,68,effusion,2,-1,7,,,,,,,none,none,,
0,MTR_033,clean,0.1,69,in_seg,1,4,2,,,,,miss,miss,2,2,correct,correct
0,MTR_033,clean,0.1,70,in_seg,1,4,2,,,,,miss,miss,2,2,correct,correct
0,MTR_033,clean,0.25,68,effusion,2,-1,7,,,,,,,none,none,,
0,MTR_033,clean,0.25,69,in_seg,1,4,2,,,,,miss,miss,2,2,correct,correct
0,MTR_033,clean,0.25,70,in_seg,1,4,2,,,,,miss,miss,2,2,correct,correct
0,MTR_033,noise_q1,0.05,68,effusion,2,-1,7,,,,,,,none,none,,
0,MTR_033,noise_q1,0.05,69,in_seg,1,4,2,,,,,miss,miss,2,2,correct,correct
0,MTR_033,noise_q1,0.05,70,in_seg,1,4,2,,,,,miss,miss,2,2,correct,correct
0,MTR_033,noise_q1,0.1,68,effusion,2,-1,7,,,,,,,none,none,,
0,MTR_033,noise_q1,0.1,69,in_seg,1,4,2,,,,,miss,miss,2,2,correct,correct
0,MTR_033,noise_q1,0.1,70,in_seg,1,4,2,,,,,miss,miss,2,2,correct,correct
0,MTR_033,noise_q1,0.25,68,effusion,2,-1,7,,,,,,,none,none,,
0,MTR_033,noise_q1,0.25,69,in_seg,1,4,2,,,,,miss,miss,2,2,correct,correct
0,MTR_033,noise_q1,0.25,70,in_seg,1,4,2,,,,,miss,miss,2,2,correct,correct
0,MTR_033,noise_q2,0.05,68,effusion,2,-1,7,,,,,,,none,none,,
0,MTR_033,noise_q2,0.05,69,in_seg,1,4,2,,,,,miss,miss,2,2,correct,correct
0,MTR_033,noise_q2,0.05,70,in_seg,1,4,2,,,,,miss,miss,2,2,correct,correct
0,MTR_033,noise_q2,0.1,68,effusion,2,-1,7,,,,,,,none,none,,
0,MTR_033,noise_q2,0.1,69,in_seg,1,4,2,,,,,miss,miss,2,2,correct,correct
0,MTR_033,noise_q2,0.1,70,in_seg,1,4,2,,,,,miss,miss,2,2,correct,correct
0,MTR_033,noise_q2,0.25,68,effusion,2,-1,7,,,,,,,none,none,,
0,MTR_033,noise_q2,0.25,69,in_seg,1,4,2,,,,,miss,miss,2,2,correct,correct
0,MTR_033,noise_q2,0.25,70,in_seg,1,4,2,,,,,miss,miss,2,2,correct,correct
0,MTR_033,noise_q3,0.05,68,effusion,2,-1,7,,,,,,,none,none,,
0,MTR_033,noise_q3,0.05,69,in_seg,1,4,2,,,,,miss,miss,2,2,correct,correct
0,MTR_033,noise_q3,0.05,70,in_seg,1,4,2,,,,,miss,miss,2,2,correct,correct
0,MTR_033,noise_q3,0.1,68,effusion,2,-1,7,,,,,,,none,none,,
0,MTR_033,noise_q3,0.1,69,in_seg,1,4,2,,,,,miss,miss,2,2,correct,correct
0,MTR_033,noise_q3,0.1,70,in_seg,1,4,2,,,,,miss,miss,2,2,correct,correct
0,MTR_033,noise_q3,0.25,68,effusion,2,-1,7,,,,,,,none,none,,
0,MTR_033,noise_q3,0.25,69,in_seg,1,4,2,,,,,miss,miss,2,2,correct,correct
0,MTR_033,noise_q3,0.25,70,in_seg,1,4,2,,,,,miss,miss,2,2,correct,correct
0,MTR_033,us4,0.05,68,effusion,2,-1,7,,,,,,,none,none,,
0,MTR_033,us4,0.05,69,in_seg,1,4,2,,,,,miss,miss,2,2,correct,correct
0,MTR_033,us4,0.05,70,in_seg,1,4,2,,,,,miss,miss,2,2,correct,correct
0,MTR_033,us4,0.1,68,effusion,2,-1,7,,,,,,,none,none,,
0,MTR_033,us4,0.1,69,in_seg,1,4,2,,,,,miss,miss,2,2,correct,correct
0,MTR_033,us4,0.1,70,in_seg,1,4,2,,,,,miss,miss,2,2,correct,correct
0,MTR_033,us4,0.25,68,effusion,2,-1,7,,,,,,,none,none,,
0,MTR_033,us4,0.25,69,in_seg,1,4,2,,,,,miss,miss,2,2,correct,correct
0,MTR_033,us4,0.25,70,in_seg,1,4,2,,,,,miss,miss,2,2,correct,correct
0,MTR_033,us8,0.05,68,effusion,2,-1,7,,,,,,,none,none,,
0,MTR_033,us8,0.05,69,in_seg,1,4,2,,,,,miss,miss,2,2,correct,correct
0,MTR_033,us8,0.05,70,in_seg,1,4,2,,,,,miss,miss,2,2,correct,correct
0,MTR_033,us8,0.1,68,effusion,2,-1,7,,,,,,,none,none,,
0,MTR_033,us8,0.1,69,in_seg,1,4,2,,,,,miss,miss,2,2,correct,correct
0,MTR_033,us8,0.1,70,in_seg,1,4,2,,,,,miss,miss,2,2,correct,correct
0,MTR_033,us8,0.25,68,effusion,2,-1,7,,,,,,,none,none,,
0,MTR_033,us8,0.25,69,in_seg,1,4,2,,,,,miss,miss,2,2,correct,correct
0,MTR_033,us8,0.25,70,in_seg,1,4,2,,,,,miss,miss,2,2,correct,correct
0,MTR_033,us16,0.05,68,effusion,2,-1,7,,,,,,,none,none,,
0,MTR_033,us16,0.05,69,in_seg,1,4,2,,,,,miss,miss,2,2,correct,correct
0,MTR_033,us16,0.05,70,in_seg,1,4,2,,,,,miss,miss,2,2,correct,correct
0,MTR_033,us16,0.1,68,effusion,2,-1,7,,,,,,,none,none,,
0,MTR_033,us16,0.1,69,in_seg,1,4,2,,,,,miss,miss,2,2,correct,correct
0,MTR_033,us16,0.1,70,in_seg,1,4,2,,,,,miss,miss,2,2,correct,correct
0,MTR_033,us16,0.25,68,effusion,2,-1,7,,,,,,,none,none,,
0,MTR_033,us16,0.25,69,in_seg,1,4,2,,,,,miss,miss,2,2,correct,correct
0,MTR_033,us16,0.25,70,in_seg,1,4,2,,,,,miss,miss,2,2,correct,correct
2,MTR_034,clean,0.05,77,in_seg,1,4,2,,,,,miss,miss,2,2,correct,correct
2,MTR_034,clean,0.05,78,effusion,2,-1,7,,,,,,,none,none,,
2,MTR_034,clean,0.1,77,in_seg,1,4,2,,,,,miss,miss,2,2,correct,correct
2,MTR_034,clean,0.1,78,effusion,2,-1,7,,,,,,,none,none,,
2,MTR_034,clean,0.25,77,in_seg,1,4,2,,,,,miss,miss,2,2,correct,correct
2,MTR_034,clean,0.25,78,effusion,2,-1,7,,,,,,,none,none,,
2,MTR_034,noise_q1,0.05,77,in_seg,1,4,2,,,,,miss,miss,2,2,correct,correct
2,MTR_034,noise_q1,0.05,78,effusion,2,-1,7,,,,,,,none,none,,
2,MTR_034,noise_q1,0.1,77,in_seg,1,4,2,,,,,miss,miss,2,2,correct,correct
2,MTR_034,noise_q1,0.1,78,effusion,2,-1,7,,,,,,,none,none,,
2,MTR_034,noise_q1,0.25,77,in_seg,1,4,2,,,,,miss,miss,2,2,correct,correct
2,MTR_034,noise_q1,0.25,78,effusion,2,-1,7,,,,,,,none,none,,
2,MTR_034,noise_q2,0.05,77,in_seg,1,4,2,,,,,miss,miss,2,2,correct,correct
2,MTR_034,noise_q2,0.05,78,effusion,2,-1,7,,,,,,,none,none,,
2,MTR_034,noise_q2,0.1,77,in_seg,1,4,2,,,,,miss,miss,2,2,correct,correct
2,MTR_034,noise_q2,0.1,78,effusion,2,-1,7,,,,,,,none,none,,
2,MTR_034,noise_q2,0.25,77,in_seg,1,4,2,,,,,miss,miss,2,2,correct,correct
2,MTR_034,noise_q2,0.25,78,effusion,2,-1,7,,,,,,,none,none,,
2,MTR_034,noise_q3,0.05,77,in_seg,1,4,2,,,,,miss,miss,2,2,correct,correct
2,MTR_034,noise_q3,0.05,78,effusion,2,-1,7,,,,,,,none,none,,
2,MTR_034,noise_q3,0.1,77,in_seg,1,4,2,,,,,miss,miss,2,2,correct,correct
2,MTR_034,noise_q3,0.1,78,effusion,2,-1,7,,,,,,,none,none,,
2,MTR_034,noise_q3,0.25,77,in_seg,1,4,2,,,,,miss,miss,2,2,correct,correct
2,MTR_034,noise_q3,0.25,78,effusion,2,-1,7,,,,,,,none,none,,
2,MTR_034,us4,0.05,77,in_seg,1,4,2,,,,,miss,miss,2,2,correct,correct
2,MTR_034,us4,0.05,78,effusion,2,-1,7,,,,,,,none,none,,
2,MTR_034,us4,0.1,77,in_seg,1,4,2,,,,,miss,miss,2,2,correct,correct
2,MTR_034,us4,0.1,78,effusion,2,-1,7,,,,,,,none,none,,
2,MTR_034,us4,0.25,77,in_seg,1,4,2,,,,,miss,miss,2,2,correct,correct
2,MTR_034,us4,0.25,78,effusion,2,-1,7,,,,,,,none,none,,
2,MTR_034,us8,0.05,77,in_seg,1,4,2,,,,,miss,miss,2,2,correct,correct
2,MTR_034,us8,0.05,78,effusion,2,-1,7,,,,,,,none,none,,
2,MTR_034,us8,0.1,77,in_seg,1,4,2,,,,,miss,miss,2,2,correct,correct
2,MTR_034,us8,0.1,78,effusion,2,-1,7,,,,,,,none,none,,
2,MTR_034,us8,0.25,77,in_seg,1,4,2,,,,,miss,miss,2,2,correct,correct
2,MTR_034,us8,0.25,78,effusion,2,-1,7,,,,,,,none,none,,
2,MTR_034,us16,0.05,77,in_seg,1,4,2,,,,,miss,miss,2,2,correct,correct
2,MTR_034,us16,0.05,78,effusion,2,-1,7,,,,,,,none,none,,
2,MTR_034,us16,0.1,77,in_seg,1,4,2,,,,,miss,miss,2,2,correct,correct
2,MTR_034,us16,0.1,78,effusion,2,-1,7,,,,,,,none,none,,
2,MTR_034,us16,0.25,77,in_seg,1,4,2,,,,,miss,miss,2,2,correct,correct
2,MTR_034,us16,0.25,78,effusion,2,-1,7,,,,,,,none,none,,
4,MTR_037,clean,0.05,10,in_seg,0,1,5,,,,,miss,miss,5,5,correct,correct
4,MTR_037,clean,0.1,10,in_seg,0,1,5,,,,,miss,miss,5,5,correct,correct
4,MTR_037,clean,0.25,10,in_seg,0,1,5,,,,,miss,miss,5,5,correct,correct
4,MTR_037,noise_q1,0.05,10,in_seg,0,1,5,,,,,miss,miss,5,5,correct,correct
4,MTR_037,noise_q1,0.1,10,in_seg,0,1,5,,,,,miss,miss,5,5,correct,correct
4,MTR_037,noise_q1,0.25,10,in_seg,0,1,5,,,,,miss,miss,5,5,correct,correct
4,MTR_037,noise_q2,0.05,10,in_seg,0,1,5,,,,,miss,miss,5,5,correct,correct
4,MTR_037,noise_q2,0.1,10,in_seg,0,1,5,,,,,miss,miss,5,5,correct,correct
4,MTR_037,noise_q2,0.25,10,in_seg,0,1,5,,,,,miss,miss,5,5,correct,correct
4,MTR_037,noise_q3,0.05,10,in_seg,0,1,5,,,,,miss,miss,5,5,correct,correct
4,MTR_037,noise_q3,0.1,10,in_seg,0,1,5,,,,,miss,miss,5,5,correct,correct
4,MTR_037,noise_q3,0.25,10,in_seg,0,1,5,,,,,miss,miss,5,5,correct,correct
4,MTR_037,us4,0.05,10,in_seg,0,1,5,,,,,miss,miss,5,5,correct,correct
4,MTR_037,us4,0.1,10,in_seg,0,1,5,,,,,miss,miss,5,5,correct,correct
4,MTR_037,us4,0.25,10,in_seg,0,1,5,,,,,miss,miss,5,5,correct,correct
4,MTR_037,us8,0.05,10,in_seg,0,1,5,,,,,miss,miss,5,6,correct,correct
4,MTR_037,us8,0.1,10,in_seg,0,1,5,,,,,miss,miss,5,6,correct,correct
4,MTR_037,us8,0.25,10,in_seg,0,1,5,,,,,miss,miss,5,6,correct,correct
4,MTR_037,us16,0.05,10,in_seg,0,1,5,,,,,miss,miss,5,6,correct,correct
4,MTR_037,us16,0.1,10,in_seg,0,1,5,,,,,miss,miss,5,6,correct,correct
4,MTR_037,us16,0.25,10,in_seg,0,1,5,,,,,miss,miss,5,6,correct,correct
2,MTR_040,clean,0.05,71,in_seg,1,4,2,,,,,miss,miss,2,2,correct,correct
2,MTR_040,clean,0.05,72,effusion,2,-1,7,,,,,,,none,none,,
2,MTR_040,clean,0.05,73,in_seg,0,1,5,,,,,miss,miss,5,5,correct,correct
2,MTR_040,clean,0.05,74,in_seg,0,1,0,,,,,miss,miss,5,5,correct,correct
2,MTR_040,clean,0.1,71,in_seg,1,4,2,,,,,miss,miss,2,2,correct,correct
2,MTR_040,clean,0.1,72,effusion,2,-1,7,,,,,,,none,none,,
2,MTR_040,clean,0.1,73,in_seg,0,1,5,,,,,miss,miss,5,5,correct,correct
2,MTR_040,clean,0.1,74,in_seg,0,1,0,,,,,miss,miss,5,5,correct,correct
2,MTR_040,clean,0.25,71,in_seg,1,4,2,,,,,miss,miss,2,2,correct,correct
2,MTR_040,clean,0.25,72,effusion,2,-1,7,,,,,,,none,none,,
2,MTR_040,clean,0.25,73,in_seg,0,1,5,,,,,miss,miss,5,5,correct,correct
2,MTR_040,clean,0.25,74,in_seg,0,1,0,,,,,miss,miss,5,5,correct,correct
2,MTR_040,noise_q1,0.05,71,in_seg,1,4,2,,,,,miss,miss,2,2,correct,correct
2,MTR_040,noise_q1,0.05,72,effusion,2,-1,7,,,,,,,none,none,,
2,MTR_040,noise_q1,0.05,73,in_seg,0,1,5,,,,,miss,miss,5,5,correct,correct
2,MTR_040,noise_q1,0.05,74,in_seg,0,1,0,,,,,miss,miss,5,5,correct,correct
2,MTR_040,noise_q1,0.1,71,in_seg,1,4,2,,,,,miss,miss,2,2,correct,correct
2,MTR_040,noise_q1,0.1,72,effusion,2,-1,7,,,,,,,none,none,,
2,MTR_040,noise_q1,0.1,73,in_seg,0,1,5,,,,,miss,miss,5,5,correct,correct
2,MTR_040,noise_q1,0.1,74,in_seg,0,1,0,,,,,miss,miss,5,5,correct,correct
2,MTR_040,noise_q1,0.25,71,in_seg,1,4,2,,,,,miss,miss,2,2,correct,correct
2,MTR_040,noise_q1,0.25,72,effusion,2,-1,7,,,,,,,none,none,,
2,MTR_040,noise_q1,0.25,73,in_seg,0,1,5,,,,,miss,miss,5,5,correct,correct
2,MTR_040,noise_q1,0.25,74,in_seg,0,1,0,,,,,miss,miss,5,5,correct,correct
2,MTR_040,noise_q2,0.05,71,in_seg,1,4,2,,,,,miss,miss,2,2,correct,correct
2,MTR_040,noise_q2,0.05,72,effusion,2,-1,7,,,,,,,none,none,,
2,MTR_040,noise_q2,0.05,73,in_seg,0,1,5,,,,,miss,miss,5,5,correct,correct
2,MTR_040,noise_q2,0.05,74,in_seg,0,1,0,,,,,miss,miss,5,5,correct,correct
2,MTR_040,noise_q2,0.1,71,in_seg,1,4,2,,,,,miss,miss,2,2,correct,correct
2,MTR_040,noise_q2,0.1,72,effusion,2,-1,7,,,,,,,none,none,,
2,MTR_040,noise_q2,0.1,73,in_seg,0,1,5,,,,,miss,miss,5,5,correct,correct
2,MTR_040,noise_q2,0.1,74,in_seg,0,1,0,,,,,miss,miss,5,5,correct,correct
2,MTR_040,noise_q2,0.25,71,in_seg,1,4,2,,,,,miss,miss,2,2,correct,correct
2,MTR_040,noise_q2,0.25,72,effusion,2,-1,7,,,,,,,none,none,,
2,MTR_040,noise_q2,0.25,73,in_seg,0,1,5,,,,,miss,miss,5,5,correct,correct
2,MTR_040,noise_q2,0.25,74,in_seg,0,1,0,,,,,miss,miss,5,5,correct,correct
2,MTR_040,noise_q3,0.05,71,in_seg,1,4,2,,,,,miss,miss,2,2,correct,correct
2,MTR_040,noise_q3,0.05,72,effusion,2,-1,7,,,,,,,none,none,,
2,MTR_040,noise_q3,0.05,73,in_seg,0,1,5,,,,,miss,miss,5,5,correct,correct
2,MTR_040,noise_q3,0.05,74,in_seg,0,1,0,,,,,miss,miss,5,5,correct,correct
2,MTR_040,noise_q3,0.1,71,in_seg,1,4,2,,,,,miss,miss,2,2,correct,correct
2,MTR_040,noise_q3,0.1,72,effusion,2,-1,7,,,,,,,none,none,,
2,MTR_040,noise_q3,0.1,73,in_seg,0,1,5,,,,,miss,miss,5,5,correct,correct
2,MTR_040,noise_q3,0.1,74,in_seg,0,1,0,,,,,miss,miss,5,5,correct,correct
2,MTR_040,noise_q3,0.25,71,in_seg,1,4,2,,,,,miss,miss,2,2,correct,correct
2,MTR_040,noise_q3,0.25,72,effusion,2,-1,7,,,,,,,none,none,,
2,MTR_040,noise_q3,0.25,73,in_seg,0,1,5,,,,,miss,miss,5,5,correct,correct
2,MTR_040,noise_q3,0.25,74,in_seg,0,1,0,,,,,miss,miss,5,5,correct,correct
2,MTR_040,us4,0.05,71,in_seg,1,4,2,,,,,miss,miss,2,2,correct,correct
2,MTR_040,us4,0.05,72,effusion,2,-1,7,,,,,,,none,none,,
2,MTR_040,us4,0.05,73,in_seg,0,1,5,,,,,miss,miss,5,6,correct,correct
2,MTR_040,us4,0.05,74,in_seg,0,1,0,,,,,miss,miss,5,5,correct,correct
2,MTR_040,us4,0.1,71,in_seg,1,4,2,,,,,miss,miss,2,2,correct,correct
2,MTR_040,us4,0.1,72,effusion,2,-1,7,,,,,,,none,none,,
2,MTR_040,us4,0.1,73,in_seg,0,1,5,,,,,miss,miss,5,6,correct,correct
2,MTR_040,us4,0.1,74,in_seg,0,1,0,,,,,miss,miss,5,5,correct,correct
2,MTR_040,us4,0.25,71,in_seg,1,4,2,,,,,miss,miss,2,2,correct,correct
2,MTR_040,us4,0.25,72,effusion,2,-1,7,,,,,,,none,none,,
2,MTR_040,us4,0.25,73,in_seg,0,1,5,,,,,miss,miss,5,6,correct,correct
2,MTR_040,us4,0.25,74,in_seg,0,1,0,,,,,miss,miss,5,5,correct,correct
2,MTR_040,us8,0.05,71,in_seg,1,4,2,,,,,miss,miss,2,2,correct,correct
2,MTR_040,us8,0.05,72,effusion,2,-1,7,,,,,,,none,none,,
2,MTR_040,us8,0.05,73,in_seg,0,1,5,,,,,miss,miss,5,5,correct,correct
2,MTR_040,us8,0.05,74,in_seg,0,1,0,,,,,miss,miss,5,5,correct,correct
2,MTR_040,us8,0.1,71,in_seg,1,4,2,,,,,miss,miss,2,2,correct,correct
2,MTR_040,us8,0.1,72,effusion,2,-1,7,,,,,,,none,none,,
2,MTR_040,us8,0.1,73,in_seg,0,1,5,,,,,miss,miss,5,5,correct,correct
2,MTR_040,us8,0.1,74,in_seg,0,1,0,,,,,miss,miss,5,5,correct,correct
2,MTR_040,us8,0.25,71,in_seg,1,4,2,,,,,miss,miss,2,2,correct,correct
2,MTR_040,us8,0.25,72,effusion,2,-1,7,,,,,,,none,none,,
2,MTR_040,us8,0.25,73,in_seg,0,1,5,,,,,miss,miss,5,5,correct,correct
2,MTR_040,us8,0.25,74,in_seg,0,1,0,,,,,miss,miss,5,5,correct,correct
2,MTR_040,us16,0.05,71,in_seg,1,4,2,,,,,miss,miss,2,2,correct,correct
2,MTR_040,us16,0.05,72,effusion,2,-1,7,,,,,,,none,none,,
2,MTR_040,us16,0.05,73,in_seg,0,1,5,,,,,miss,miss,5,5,correct,correct
2,MTR_040,us16,0.05,74,in_seg,0,1,0,,,,,miss,miss,5,5,correct,correct
2,MTR_040,us16,0.1,71,in_seg,1,4,2,,,,,miss,miss,2,2,correct,correct
2,MTR_040,us16,0.1,72,effusion,2,-1,7,,,,,,,none,none,,
2,MTR_040,us16,0.1,73,in_seg,0,1,5,,,,,miss,miss,5,5,correct,correct
2,MTR_040,us16,0.1,74,in_seg,0,1,0,,,,,miss,miss,5,5,correct,correct
2,MTR_040,us16,0.25,71,in_seg,1,4,2,,,,,miss,miss,2,2,correct,correct
2,MTR_040,us16,0.25,72,effusion,2,-1,7,,,,,,,none,none,,
2,MTR_040,us16,0.25,73,in_seg,0,1,5,,,,,miss,miss,5,5,correct,correct
2,MTR_040,us16,0.25,74,in_seg,0,1,0,,,,,miss,miss,5,5,correct,correct
1,MTR_044,clean,0.05,75,in_seg,0,1,5,,,,,miss,miss,5,5,correct,correct
1,MTR_044,clean,0.05,76,in_seg,0,1,5,,,,,miss,miss,5,5,correct,correct
1,MTR_044,clean,0.05,77,in_seg,0,1,6,,,,,miss,miss,6,5,correct,correct
1,MTR_044,clean,0.05,78,in_seg,1,5,1,,,,,miss,miss,1,1,correct,correct
1,MTR_044,clean,0.05,79,in_seg,1,4,2,,,,,miss,miss,2,2,correct,correct
1,MTR_044,clean,0.1,75,in_seg,0,1,5,,,,,miss,miss,5,5,correct,correct
1,MTR_044,clean,0.1,76,in_seg,0,1,5,,,,,miss,miss,5,5,correct,correct
1,MTR_044,clean,0.1,77,in_seg,0,1,6,,,,,miss,miss,6,5,correct,correct
1,MTR_044,clean,0.1,78,in_seg,1,5,1,,,,,miss,miss,1,1,correct,correct
1,MTR_044,clean,0.1,79,in_seg,1,4,2,,,,,miss,miss,2,2,correct,correct
1,MTR_044,clean,0.25,75,in_seg,0,1,5,,,,,miss,miss,5,5,correct,correct
1,MTR_044,clean,0.25,76,in_seg,0,1,5,,,,,miss,miss,5,5,correct,correct
1,MTR_044,clean,0.25,77,in_seg,0,1,6,,,,,miss,miss,6,5,correct,correct
1,MTR_044,clean,0.25,78,in_seg,1,5,1,,,,,miss,miss,1,1,correct,correct
1,MTR_044,clean,0.25,79,in_seg,1,4,2,,,,,miss,miss,2,2,correct,correct
1,MTR_044,noise_q1,0.05,75,in_seg,0,1,5,,,,,miss,miss,5,5,correct,correct
1,MTR_044,noise_q1,0.05,76,in_seg,0,1,5,,,,,miss,miss,5,5,correct,correct
1,MTR_044,noise_q1,0.05,77,in_seg,0,1,6,,,,,miss,miss,6,5,correct,correct
1,MTR_044,noise_q1,0.05,78,in_seg,1,5,1,,,,,miss,miss,1,1,correct,correct
1,MTR_044,noise_q1,0.05,79,in_seg,1,4,2,,,,,miss,miss,2,2,correct,correct
1,MTR_044,noise_q1,0.1,75,in_seg,0,1,5,,,,,miss,miss,5,5,correct,correct
1,MTR_044,noise_q1,0.1,76,in_seg,0,1,5,,,,,miss,miss,5,5,correct,correct
1,MTR_044,noise_q1,0.1,77,in_seg,0,1,6,,,,,miss,miss,6,5,correct,correct
1,MTR_044,noise_q1,0.1,78,in_seg,1,5,1,,,,,miss,miss,1,1,correct,correct
1,MTR_044,noise_q1,0.1,79,in_seg,1,4,2,,,,,miss,miss,2,2,correct,correct
1,MTR_044,noise_q1,0.25,75,in_seg,0,1,5,,,,,miss,miss,5,5,correct,correct
1,MTR_044,noise_q1,0.25,76,in_seg,0,1,5,,,,,miss,miss,5,5,correct,correct
1,MTR_044,noise_q1,0.25,77,in_seg,0,1,6,,,,,miss,miss,6,5,correct,correct
1,MTR_044,noise_q1,0.25,78,in_seg,1,5,1,,,,,miss,miss,1,1,correct,correct
1,MTR_044,noise_q1,0.25,79,in_seg,1,4,2,,,,,miss,miss,2,2,correct,correct
1,MTR_044,noise_q2,0.05,75,in_seg,0,1,5,,,,,miss,miss,5,5,correct,correct
1,MTR_044,noise_q2,0.05,76,in_seg,0,1,5,,,,,miss,miss,5,5,correct,correct
1,MTR_044,noise_q2,0.05,77,in_seg,0,1,6,,,,,miss,miss,6,5,correct,correct
1,MTR_044,noise_q2,0.05,78,in_seg,1,5,1,,,,,miss,miss,1,1,correct,correct
1,MTR_044,noise_q2,0.05,79,in_seg,1,4,2,,,,,miss,miss,2,2,correct,correct
1,MTR_044,noise_q2,0.1,75,in_seg,0,1,5,,,,,miss,miss,5,5,correct,correct
1,MTR_044,noise_q2,0.1,76,in_seg,0,1,5,,,,,miss,miss,5,5,correct,correct
1,MTR_044,noise_q2,0.1,77,in_seg,0,1,6,,,,,miss,miss,6,5,correct,correct
1,MTR_044,noise_q2,0.1,78,in_seg,1,5,1,,,,,miss,miss,1,1,correct,correct
1,MTR_044,noise_q2,0.1,79,in_seg,1,4,2,,,,,miss,miss,2,2,correct,correct
1,MTR_044,noise_q2,0.25,75,in_seg,0,1,5,,,,,miss,miss,5,5,correct,correct
1,MTR_044,noise_q2,0.25,76,in_seg,0,1,5,,,,,miss,miss,5,5,correct,correct
1,MTR_044,noise_q2,0.25,77,in_seg,0,1,6,,,,,miss,miss,6,5,correct,correct
1,MTR_044,noise_q2,0.25,78,in_seg,1,5,1,,,,,miss,miss,1,1,correct,correct
1,MTR_044,noise_q2,0.25,79,in_seg,1,4,2,,,,,miss,miss,2,2,correct,correct
1,MTR_044,noise_q3,0.05,75,in_seg,0,1,5,,,,,miss,miss,5,5,correct,correct
1,MTR_044,noise_q3,0.05,76,in_seg,0,1,5,,,,,miss,miss,5,5,correct,correct
1,MTR_044,noise_q3,0.05,77,in_seg,0,1,6,,,,,miss,miss,6,5,correct,correct
1,MTR_044,noise_q3,0.05,78,in_seg,1,5,1,,,,,miss,miss,1,1,correct,correct
1,MTR_044,noise_q3,0.05,79,in_seg,1,4,2,,,,,miss,miss,2,2,correct,correct
1,MTR_044,noise_q3,0.1,75,in_seg,0,1,5,,,,,miss,miss,5,5,correct,correct
1,MTR_044,noise_q3,0.1,76,in_seg,0,1,5,,,,,miss,miss,5,5,correct,correct
1,MTR_044,noise_q3,0.1,77,in_seg,0,1,6,,,,,miss,miss,6,5,correct,correct
1,MTR_044,noise_q3,0.1,78,in_seg,1,5,1,,,,,miss,miss,1,1,correct,correct
1,MTR_044,noise_q3,0.1,79,in_seg,1,4,2,,,,,miss,miss,2,2,correct,correct
1,MTR_044,noise_q3,0.25,75,in_seg,0,1,5,,,,,miss,miss,5,5,correct,correct
1,MTR_044,noise_q3,0.25,76,in_seg,0,1,5,,,,,miss,miss,5,5,correct,correct
1,MTR_044,noise_q3,0.25,77,in_seg,0,1,6,,,,,miss,miss,6,5,correct,correct
1,MTR_044,noise_q3,0.25,78,in_seg,1,5,1,,,,,miss,miss,1,1,correct,correct
1,MTR_044,noise_q3,0.25,79,in_seg,1,4,2,,,,,miss,miss,2,2,correct,correct
1,MTR_044,us4,0.05,75,in_seg,0,1,5,,,,,miss,miss,5,5,correct,correct
1,MTR_044,us4,0.05,76,in_seg,0,1,5,,,,,miss,miss,5,5,correct,correct
1,MTR_044,us4,0.05,77,in_seg,0,1,6,,,,,miss,miss,6,5,correct,correct
1,MTR_044,us4,0.05,78,in_seg,1,5,1,,,,,miss,miss,1,1,correct,correct
1,MTR_044,us4,0.05,79,in_seg,1,4,2,,,,,miss,miss,2,2,correct,correct
1,MTR_044,us4,0.1,75,in_seg,0,1,5,,,,,miss,miss,5,5,correct,correct
1,MTR_044,us4,0.1,76,in_seg,0,1,5,,,,,miss,miss,5,5,correct,correct
1,MTR_044,us4,0.1,77,in_seg,0,1,6,,,,,miss,miss,6,5,correct,correct
1,MTR_044,us4,0.1,78,in_seg,1,5,1,,,,,miss,miss,1,1,correct,correct
1,MTR_044,us4,0.1,79,in_seg,1,4,2,,,,,miss,miss,2,2,correct,correct
1,MTR_044,us4,0.25,75,in_seg,0,1,5,,,,,miss,miss,5,5,correct,correct
1,MTR_044,us4,0.25,76,in_seg,0,1,5,,,,,miss,miss,5,5,correct,correct
1,MTR_044,us4,0.25,77,in_seg,0,1,6,,,,,miss,miss,6,5,correct,correct
1,MTR_044,us4,0.25,78,in_seg,1,5,1,,,,,miss,miss,1,1,correct,correct
1,MTR_044,us4,0.25,79,in_seg,1,4,2,,,,,miss,miss,2,2,correct,correct
1,MTR_044,us8,0.05,75,in_seg,0,1,5,,,,,miss,miss,5,5,correct,correct
1,MTR_044,us8,0.05,76,in_seg,0,1,5,,,,,miss,miss,5,5,correct,correct
1,MTR_044,us8,0.05,77,in_seg,0,1,6,,,,,miss,miss,6,5,correct,correct
1,MTR_044,us8,0.05,78,in_seg,1,5,1,,,,,miss,miss,1,1,correct,correct
1,MTR_044,us8,0.05,79,in_seg,1,4,2,,,,,miss,miss,2,2,correct,correct
1,MTR_044,us8,0.1,75,in_seg,0,1,5,,,,,miss,miss,5,5,correct,correct
1,MTR_044,us8,0.1,76,in_seg,0,1,5,,,,,miss,miss,5,5,correct,correct
1,MTR_044,us8,0.1,77,in_seg,0,1,6,,,,,miss,miss,6,5,correct,correct
1,MTR_044,us8,0.1,78,in_seg,1,5,1,,,,,miss,miss,1,1,correct,correct
1,MTR_044,us8,0.1,79,in_seg,1,4,2,,,,,miss,miss,2,2,correct,correct
1,MTR_044,us8,0.25,75,in_seg,0,1,5,,,,,miss,miss,5,5,correct,correct
1,MTR_044,us8,0.25,76,in_seg,0,1,5,,,,,miss,miss,5,5,correct,correct
1,MTR_044,us8,0.25,77,in_seg,0,1,6,,,,,miss,miss,6,5,correct,correct
1,MTR_044,us8,0.25,78,in_seg,1,5,1,,,,,miss,miss,1,1,correct,correct
1,MTR_044,us8,0.25,79,in_seg,1,4,2,,,,,miss,miss,2,2,correct,correct
1,MTR_044,us16,0.05,75,in_seg,0,1,5,,,,,miss,miss,5,5,correct,correct
1,MTR_044,us16,0.05,76,in_seg,0,1,5,,,,,miss,miss,5,5,correct,correct
1,MTR_044,us16,0.05,77,in_seg,0,1,6,,,,,miss,miss,6,5,correct,correct
1,MTR_044,us16,0.05,78,in_seg,1,5,1,,,,,miss,miss,1,1,correct,correct
1,MTR_044,us16,0.05,79,in_seg,1,4,2,,,,,miss,miss,2,2,correct,correct
1,MTR_044,us16,0.1,75,in_seg,0,1,5,,,,,miss,miss,5,5,correct,correct
1,MTR_044,us16,0.1,76,in_seg,0,1,5,,,,,miss,miss,5,5,correct,correct
1,MTR_044,us16,0.1,77,in_seg,0,1,6,,,,,miss,miss,6,5,correct,correct
1,MTR_044,us16,0.1,78,in_seg,1,5,1,,,,,miss,miss,1,1,correct,correct
1,MTR_044,us16,0.1,79,in_seg,1,4,2,,,,,miss,miss,2,2,correct,correct
1,MTR_044,us16,0.25,75,in_seg,0,1,5,,,,,miss,miss,5,5,correct,correct
1,MTR_044,us16,0.25,76,in_seg,0,1,5,,,,,miss,miss,5,5,correct,correct
1,MTR_044,us16,0.25,77,in_seg,0,1,6,,,,,miss,miss,6,5,correct,correct
1,MTR_044,us16,0.25,78,in_seg,1,5,1,,,,,miss,miss,1,1,correct,correct
1,MTR_044,us16,0.25,79,in_seg,1,4,2,,,,,miss,miss,2,2,correct,correct
3,MTR_045,clean,0.05,101,in_seg,0,1,6,,,,,miss,miss,6,6,correct,correct
3,MTR_045,clean,0.05,102,in_seg,1,6,3,,,,,miss,miss,3,3,correct,correct
3,MTR_045,clean,0.05,103,in_seg,1,5,1,,,,,miss,miss,1,1,correct,correct
3,MTR_045,clean,0.05,104,in_seg,1,4,2,,,,,miss,miss,2,2,correct,correct
3,MTR_045,clean,0.1,101,in_seg,0,1,6,,,,,miss,miss,6,6,correct,correct
3,MTR_045,clean,0.1,102,in_seg,1,6,3,,,,,miss,miss,3,3,correct,correct
3,MTR_045,clean,0.1,103,in_seg,1,5,1,,,,,miss,miss,1,1,correct,correct
3,MTR_045,clean,0.1,104,in_seg,1,4,2,,,,,miss,miss,2,2,correct,correct
3,MTR_045,clean,0.25,101,in_seg,0,1,6,,,,,miss,miss,6,6,correct,correct
3,MTR_045,clean,0.25,102,in_seg,1,6,3,,,,,miss,miss,3,3,correct,correct
3,MTR_045,clean,0.25,103,in_seg,1,5,1,,,,,miss,miss,1,1,correct,correct
3,MTR_045,clean,0.25,104,in_seg,1,4,2,,,,,miss,miss,2,2,correct,correct
3,MTR_045,noise_q1,0.05,101,in_seg,0,1,6,,,,,miss,miss,6,6,correct,correct
3,MTR_045,noise_q1,0.05,102,in_seg,1,6,3,,,,,miss,miss,3,3,correct,correct
3,MTR_045,noise_q1,0.05,103,in_seg,1,5,1,,,,,miss,miss,1,1,correct,correct
3,MTR_045,noise_q1,0.05,104,in_seg,1,4,2,,,,,miss,miss,2,2,correct,correct
3,MTR_045,noise_q1,0.1,101,in_seg,0,1,6,,,,,miss,miss,6,6,correct,correct
3,MTR_045,noise_q1,0.1,102,in_seg,1,6,3,,,,,miss,miss,3,3,correct,correct
3,MTR_045,noise_q1,0.1,103,in_seg,1,5,1,,,,,miss,miss,1,1,correct,correct
3,MTR_045,noise_q1,0.1,104,in_seg,1,4,2,,,,,miss,miss,2,2,correct,correct
3,MTR_045,noise_q1,0.25,101,in_seg,0,1,6,,,,,miss,miss,6,6,correct,correct
3,MTR_045,noise_q1,0.25,102,in_seg,1,6,3,,,,,miss,miss,3,3,correct,correct
3,MTR_045,noise_q1,0.25,103,in_seg,1,5,1,,,,,miss,miss,1,1,correct,correct
3,MTR_045,noise_q1,0.25,104,in_seg,1,4,2,,,,,miss,miss,2,2,correct,correct
3,MTR_045,noise_q2,0.05,101,in_seg,0,1,6,,,,,miss,miss,6,6,correct,correct
3,MTR_045,noise_q2,0.05,102,in_seg,1,6,3,,,,,miss,miss,3,3,correct,correct
3,MTR_045,noise_q2,0.05,103,in_seg,1,5,1,,,,,miss,miss,1,1,correct,correct
3,MTR_045,noise_q2,0.05,104,in_seg,1,4,2,,,,,miss,miss,2,2,correct,correct
3,MTR_045,noise_q2,0.1,101,in_seg,0,1,6,,,,,miss,miss,6,6,correct,correct
3,MTR_045,noise_q2,0.1,102,in_seg,1,6,3,,,,,miss,miss,3,3,correct,correct
3,MTR_045,noise_q2,0.1,103,in_seg,1,5,1,,,,,miss,miss,1,1,correct,correct
3,MTR_045,noise_q2,0.1,104,in_seg,1,4,2,,,,,miss,miss,2,2,correct,correct
3,MTR_045,noise_q2,0.25,101,in_seg,0,1,6,,,,,miss,miss,6,6,correct,correct
3,MTR_045,noise_q2,0.25,102,in_seg,1,6,3,,,,,miss,miss,3,3,correct,correct
3,MTR_045,noise_q2,0.25,103,in_seg,1,5,1,,,,,miss,miss,1,1,correct,correct
3,MTR_045,noise_q2,0.25,104,in_seg,1,4,2,,,,,miss,miss,2,2,correct,correct
3,MTR_045,noise_q3,0.05,101,in_seg,0,1,6,,,,,miss,miss,6,6,correct,correct
3,MTR_045,noise_q3,0.05,102,in_seg,1,6,3,,,,,miss,miss,3,3,correct,correct
3,MTR_045,noise_q3,0.05,103,in_seg,1,5,1,,,,,miss,miss,1,1,correct,correct
3,MTR_045,noise_q3,0.05,104,in_seg,1,4,2,,,,,miss,miss,2,2,correct,correct
3,MTR_045,noise_q3,0.1,101,in_seg,0,1,6,,,,,miss,miss,6,6,correct,correct
3,MTR_045,noise_q3,0.1,102,in_seg,1,6,3,,,,,miss,miss,3,3,correct,correct
3,MTR_045,noise_q3,0.1,103,in_seg,1,5,1,,,,,miss,miss,1,1,correct,correct
3,MTR_045,noise_q3,0.1,104,in_seg,1,4,2,,,,,miss,miss,2,2,correct,correct
3,MTR_045,noise_q3,0.25,101,in_seg,0,1,6,,,,,miss,miss,6,6,correct,correct
3,MTR_045,noise_q3,0.25,102,in_seg,1,6,3,,,,,miss,miss,3,3,correct,correct
3,MTR_045,noise_q3,0.25,103,in_seg,1,5,1,,,,,miss,miss,1,1,correct,correct
3,MTR_045,noise_q3,0.25,104,in_seg,1,4,2,,,,,miss,miss,2,2,correct,correct
3,MTR_045,us4,0.05,101,in_seg,0,1,6,,,,,miss,miss,6,6,correct,correct
3,MTR_045,us4,0.05,102,in_seg,1,6,3,,,,,miss,miss,3,3,correct,correct
3,MTR_045,us4,0.05,103,in_seg,1,5,1,,,,,miss,miss,1,1,correct,correct
3,MTR_045,us4,0.05,104,in_seg,1,4,2,,,,,miss,miss,2,1,correct,wrong_host
3,MTR_045,us4,0.1,101,in_seg,0,1,6,,,,,miss,miss,6,6,correct,correct
3,MTR_045,us4,0.1,102,in_seg,1,6,3,,,,,miss,miss,3,3,correct,correct
3,MTR_045,us4,0.1,103,in_seg,1,5,1,,,,,miss,miss,1,1,correct,correct
3,MTR_045,us4,0.1,104,in_seg,1,4,2,,,,,miss,miss,2,1,correct,wrong_host
3,MTR_045,us4,0.25,101,in_seg,0,1,6,,,,,miss,miss,6,6,correct,correct
3,MTR_045,us4,0.25,102,in_seg,1,6,3,,,,,miss,miss,3,3,correct,correct
3,MTR_045,us4,0.25,103,in_seg,1,5,1,,,,,miss,miss,1,1,correct,correct
3,MTR_045,us4,0.25,104,in_seg,1,4,2,,,,,miss,miss,2,1,correct,wrong_host
3,MTR_045,us8,0.05,101,in_seg,0,1,6,,,,,miss,miss,6,6,correct,correct
3,MTR_045,us8,0.05,102,in_seg,1,6,3,,,,,miss,miss,3,3,correct,correct
3,MTR_045,us8,0.05,103,in_seg,1,5,1,,,,,miss,miss,1,1,correct,correct
3,MTR_045,us8,0.05,104,in_seg,1,4,2,,,,,miss,miss,2,1,correct,wrong_host
3,MTR_045,us8,0.1,101,in_seg,0,1,6,,,,,miss,miss,6,6,correct,correct
3,MTR_045,us8,0.1,102,in_seg,1,6,3,,,,,miss,miss,3,3,correct,correct
3,MTR_045,us8,0.1,103,in_seg,1,5,1,,,,,miss,miss,1,1,correct,correct
3,MTR_045,us8,0.1,104,in_seg,1,4,2,,,,,miss,miss,2,1,correct,wrong_host
3,MTR_045,us8,0.25,101,in_seg,0,1,6,,,,,miss,miss,6,6,correct,correct
3,MTR_045,us8,0.25,102,in_seg,1,6,3,,,,,miss,miss,3,3,correct,correct
3,MTR_045,us8,0.25,103,in_seg,1,5,1,,,,,miss,miss,1,1,correct,correct
3,MTR_045,us8,0.25,104,in_seg,1,4,2,,,,,miss,miss,2,1,correct,wrong_host
3,MTR_045,us16,0.05,101,in_seg,0,1,6,,,,,miss,miss,6,6,correct,correct
3,MTR_045,us16,0.05,102,in_seg,1,6,3,,,,,miss,miss,3,3,correct,correct
3,MTR_045,us16,0.05,103,in_seg,1,5,1,,,,,miss,miss,1,1,correct,correct
3,MTR_045,us16,0.05,104,in_seg,1,4,2,,,,,miss,miss,2,1,correct,wrong_host
3,MTR_045,us16,0.1,101,in_seg,0,1,6,,,,,miss,miss,6,6,correct,correct
3,MTR_045,us16,0.1,102,in_seg,1,6,3,,,,,miss,miss,3,3,correct,correct
3,MTR_045,us16,0.1,103,in_seg,1,5,1,,,,,miss,miss,1,1,correct,correct
3,MTR_045,us16,0.1,104,in_seg,1,4,2,,,,,miss,miss,2,1,correct,wrong_host
3,MTR_045,us16,0.25,101,in_seg,0,1,6,,,,,miss,miss,6,6,correct,correct
3,MTR_045,us16,0.25,102,in_seg,1,6,3,,,,,miss,miss,3,3,correct,correct
3,MTR_045,us16,0.25,103,in_seg,1,5,1,,,,,miss,miss,1,1,correct,correct
3,MTR_045,us16,0.25,104,in_seg,1,4,2,,,,,miss,miss,2,1,correct,wrong_host
3,MTR_046,clean,0.05,18,effusion,2,-1,7,,,,,,,none,none,,
3,MTR_046,clean,0.05,19,effusion,2,-1,7,,,,,,,none,none,,
3,MTR_046,clean,0.05,20,in_seg,0,1,5,,,,,miss,miss,5,5,correct,correct
3,MTR_046,clean,0.05,21,in_seg,1,4,2,,,,,miss,miss,2,2,correct,correct
3,MTR_046,clean,0.1,18,effusion,2,-1,7,,,,,,,none,none,,
3,MTR_046,clean,0.1,19,effusion,2,-1,7,,,,,,,none,none,,
3,MTR_046,clean,0.1,20,in_seg,0,1,5,,,,,miss,miss,5,5,correct,correct
3,MTR_046,clean,0.1,21,in_seg,1,4,2,,,,,miss,miss,2,2,correct,correct
3,MTR_046,clean,0.25,18,effusion,2,-1,7,,,,,,,none,none,,
3,MTR_046,clean,0.25,19,effusion,2,-1,7,,,,,,,none,none,,
3,MTR_046,clean,0.25,20,in_seg,0,1,5,,,,,miss,miss,5,5,correct,correct
3,MTR_046,clean,0.25,21,in_seg,1,4,2,,,,,miss,miss,2,2,correct,correct
3,MTR_046,noise_q1,0.05,18,effusion,2,-1,7,,,,,,,none,none,,
3,MTR_046,noise_q1,0.05,19,effusion,2,-1,7,,,,,,,none,none,,
3,MTR_046,noise_q1,0.05,20,in_seg,0,1,5,,,,,miss,miss,5,5,correct,correct
3,MTR_046,noise_q1,0.05,21,in_seg,1,4,2,,,,,miss,miss,2,2,correct,correct
3,MTR_046,noise_q1,0.1,18,effusion,2,-1,7,,,,,,,none,none,,
3,MTR_046,noise_q1,0.1,19,effusion,2,-1,7,,,,,,,none,none,,
3,MTR_046,noise_q1,0.1,20,in_seg,0,1,5,,,,,miss,miss,5,5,correct,correct
3,MTR_046,noise_q1,0.1,21,in_seg,1,4,2,,,,,miss,miss,2,2,correct,correct
3,MTR_046,noise_q1,0.25,18,effusion,2,-1,7,,,,,,,none,none,,
3,MTR_046,noise_q1,0.25,19,effusion,2,-1,7,,,,,,,none,none,,
3,MTR_046,noise_q1,0.25,20,in_seg,0,1,5,,,,,miss,miss,5,5,correct,correct
3,MTR_046,noise_q1,0.25,21,in_seg,1,4,2,,,,,miss,miss,2,2,correct,correct
3,MTR_046,noise_q2,0.05,18,effusion,2,-1,7,,,,,,,none,none,,
3,MTR_046,noise_q2,0.05,19,effusion,2,-1,7,,,,,,,none,none,,
3,MTR_046,noise_q2,0.05,20,in_seg,0,1,5,,,,,miss,miss,5,5,correct,correct
3,MTR_046,noise_q2,0.05,21,in_seg,1,4,2,,,,,miss,miss,2,2,correct,correct
3,MTR_046,noise_q2,0.1,18,effusion,2,-1,7,,,,,,,none,none,,
3,MTR_046,noise_q2,0.1,19,effusion,2,-1,7,,,,,,,none,none,,
3,MTR_046,noise_q2,0.1,20,in_seg,0,1,5,,,,,miss,miss,5,5,correct,correct
3,MTR_046,noise_q2,0.1,21,in_seg,1,4,2,,,,,miss,miss,2,2,correct,correct
3,MTR_046,noise_q2,0.25,18,effusion,2,-1,7,,,,,,,none,none,,
3,MTR_046,noise_q2,0.25,19,effusion,2,-1,7,,,,,,,none,none,,
3,MTR_046,noise_q2,0.25,20,in_seg,0,1,5,,,,,miss,miss,5,5,correct,correct
3,MTR_046,noise_q2,0.25,21,in_seg,1,4,2,,,,,miss,miss,2,2,correct,correct
3,MTR_046,noise_q3,0.05,18,effusion,2,-1,7,,,,,,,none,none,,
3,MTR_046,noise_q3,0.05,19,effusion,2,-1,7,,,,,,,none,none,,
3,MTR_046,noise_q3,0.05,20,in_seg,0,1,5,,,,,miss,miss,5,5,correct,correct
3,MTR_046,noise_q3,0.05,21,in_seg,1,4,2,,,,,miss,miss,2,2,correct,correct
3,MTR_046,noise_q3,0.1,18,effusion,2,-1,7,,,,,,,none,none,,
3,MTR_046,noise_q3,0.1,19,effusion,2,-1,7,,,,,,,none,none,,
3,MTR_046,noise_q3,0.1,20,in_seg,0,1,5,,,,,miss,miss,5,5,correct,correct
3,MTR_046,noise_q3,0.1,21,in_seg,1,4,2,,,,,miss,miss,2,2,correct,correct
3,MTR_046,noise_q3,0.25,18,effusion,2,-1,7,,,,,,,none,none,,
3,MTR_046,noise_q3,0.25,19,effusion,2,-1,7,,,,,,,none,none,,
3,MTR_046,noise_q3,0.25,20,in_seg,0,1,5,,,,,miss,miss,5,5,correct,correct
3,MTR_046,noise_q3,0.25,21,in_seg,1,4,2,,,,,miss,miss,2,2,correct,correct
3,MTR_046,us4,0.05,18,effusion,2,-1,7,,,,,,,none,none,,
3,MTR_046,us4,0.05,19,effusion,2,-1,7,,,,,,,none,none,,
3,MTR_046,us4,0.05,20,in_seg,0,1,5,,,,,miss,miss,5,6,correct,correct
3,MTR_046,us4,0.05,21,in_seg,1,4,2,,,,,miss,miss,2,2,correct,correct
3,MTR_046,us4,0.1,18,effusion,2,-1,7,,,,,,,none,none,,
3,MTR_046,us4,0.1,19,effusion,2,-1,7,,,,,,,none,none,,
3,MTR_046,us4,0.1,20,in_seg,0,1,5,,,,,miss,miss,5,6,correct,correct
3,MTR_046,us4,0.1,21,in_seg,1,4,2,,,,,miss,miss,2,2,correct,correct
3,MTR_046,us4,0.25,18,effusion,2,-1,7,,,,,,,none,none,,
3,MTR_046,us4,0.25,19,effusion,2,-1,7,,,,,,,none,none,,
3,MTR_046,us4,0.25,20,in_seg,0,1,5,,,,,miss,miss,5,6,correct,correct
3,MTR_046,us4,0.25,21,in_seg,1,4,2,,,,,miss,miss,2,2,correct,correct
3,MTR_046,us8,0.05,18,effusion,2,-1,7,,,,,,,none,none,,
3,MTR_046,us8,0.05,19,effusion,2,-1,7,,,,,,,none,none,,
3,MTR_046,us8,0.05,20,in_seg,0,1,5,,,,,miss,miss,5,5,correct,correct
3,MTR_046,us8,0.05,21,in_seg,1,4,2,,,,,miss,miss,2,2,correct,correct
3,MTR_046,us8,0.1,18,effusion,2,-1,7,,,,,,,none,none,,
3,MTR_046,us8,0.1,19,effusion,2,-1,7,,,,,,,none,none,,
3,MTR_046,us8,0.1,20,in_seg,0,1,5,,,,,miss,miss,5,5,correct,correct
3,MTR_046,us8,0.1,21,in_seg,1,4,2,,,,,miss,miss,2,2,correct,correct
3,MTR_046,us8,0.25,18,effusion,2,-1,7,,,,,,,none,none,,
3,MTR_046,us8,0.25,19,effusion,2,-1,7,,,,,,,none,none,,
3,MTR_046,us8,0.25,20,in_seg,0,1,5,,,,,miss,miss,5,5,correct,correct
3,MTR_046,us8,0.25,21,in_seg,1,4,2,,,,,miss,miss,2,2,correct,correct
3,MTR_046,us16,0.05,18,effusion,2,-1,7,,,,,,,none,none,,
3,MTR_046,us16,0.05,19,effusion,2,-1,7,,,,,,,none,none,,
3,MTR_046,us16,0.05,20,in_seg,0,1,5,,,,,miss,miss,5,6,correct,correct
3,MTR_046,us16,0.05,21,in_seg,1,4,2,,,,,miss,miss,2,2,correct,correct
3,MTR_046,us16,0.1,18,effusion,2,-1,7,,,,,,,none,none,,
3,MTR_046,us16,0.1,19,effusion,2,-1,7,,,,,,,none,none,,
3,MTR_046,us16,0.1,20,in_seg,0,1,5,,,,,miss,miss,5,6,correct,correct
3,MTR_046,us16,0.1,21,in_seg,1,4,2,,,,,miss,miss,2,2,correct,correct
3,MTR_046,us16,0.25,18,effusion,2,-1,7,,,,,,,none,none,,
3,MTR_046,us16,0.25,19,effusion,2,-1,7,,,,,,,none,none,,
3,MTR_046,us16,0.25,20,in_seg,0,1,5,,,,,miss,miss,5,6,correct,correct
3,MTR_046,us16,0.25,21,in_seg,1,4,2,,,,,miss,miss,2,2,correct,correct
2,MTR_047,clean,0.05,28,effusion,2,-1,7,,,,,,,none,none,,
2,MTR_047,clean,0.05,30,in_seg,1,4,2,,,,,miss,miss,2,2,correct,correct
2,MTR_047,clean,0.1,28,effusion,2,-1,7,,,,,,,none,none,,
2,MTR_047,clean,0.1,30,in_seg,1,4,2,,,,,miss,miss,2,2,correct,correct
2,MTR_047,clean,0.25,28,effusion,2,-1,7,,,,,,,none,none,,
2,MTR_047,clean,0.25,30,in_seg,1,4,2,,,,,miss,miss,2,2,correct,correct
2,MTR_047,noise_q1,0.05,28,effusion,2,-1,7,,,,,,,none,none,,
2,MTR_047,noise_q1,0.05,30,in_seg,1,4,2,,,,,miss,miss,2,2,correct,correct
2,MTR_047,noise_q1,0.1,28,effusion,2,-1,7,,,,,,,none,none,,
2,MTR_047,noise_q1,0.1,30,in_seg,1,4,2,,,,,miss,miss,2,2,correct,correct
2,MTR_047,noise_q1,0.25,28,effusion,2,-1,7,,,,,,,none,none,,
2,MTR_047,noise_q1,0.25,30,in_seg,1,4,2,,,,,miss,miss,2,2,correct,correct
2,MTR_047,noise_q2,0.05,28,effusion,2,-1,7,,,,,,,none,none,,
2,MTR_047,noise_q2,0.05,30,in_seg,1,4,2,,,,,miss,miss,2,2,correct,correct
2,MTR_047,noise_q2,0.1,28,effusion,2,-1,7,,,,,,,none,none,,
2,MTR_047,noise_q2,0.1,30,in_seg,1,4,2,,,,,miss,miss,2,2,correct,correct
2,MTR_047,noise_q2,0.25,28,effusion,2,-1,7,,,,,,,none,none,,
2,MTR_047,noise_q2,0.25,30,in_seg,1,4,2,,,,,miss,miss,2,2,correct,correct
2,MTR_047,noise_q3,0.05,28,effusion,2,-1,7,,,,,,,none,none,,
2,MTR_047,noise_q3,0.05,30,in_seg,1,4,2,,,,,miss,miss,2,2,correct,correct
2,MTR_047,noise_q3,0.1,28,effusion,2,-1,7,,,,,,,none,none,,
2,MTR_047,noise_q3,0.1,30,in_seg,1,4,2,,,,,miss,miss,2,2,correct,correct
2,MTR_047,noise_q3,0.25,28,effusion,2,-1,7,,,,,,,none,none,,
2,MTR_047,noise_q3,0.25,30,in_seg,1,4,2,,,,,miss,miss,2,2,correct,correct
2,MTR_047,us4,0.05,28,effusion,2,-1,7,,,,,,,none,none,,
2,MTR_047,us4,0.05,30,in_seg,1,4,2,,,,,miss,miss,2,2,correct,correct
2,MTR_047,us4,0.1,28,effusion,2,-1,7,,,,,,,none,none,,
2,MTR_047,us4,0.1,30,in_seg,1,4,2,,,,,miss,miss,2,2,correct,correct
2,MTR_047,us4,0.25,28,effusion,2,-1,7,,,,,,,none,none,,
2,MTR_047,us4,0.25,30,in_seg,1,4,2,,,,,miss,miss,2,2,correct,correct
2,MTR_047,us8,0.05,28,effusion,2,-1,7,,,,,,,none,none,,
2,MTR_047,us8,0.05,30,in_seg,1,4,2,,,,,miss,miss,2,2,correct,correct
2,MTR_047,us8,0.1,28,effusion,2,-1,7,,,,,,,none,none,,
2,MTR_047,us8,0.1,30,in_seg,1,4,2,,,,,miss,miss,2,2,correct,correct
2,MTR_047,us8,0.25,28,effusion,2,-1,7,,,,,,,none,none,,
2,MTR_047,us8,0.25,30,in_seg,1,4,2,,,,,miss,miss,2,2,correct,correct
2,MTR_047,us16,0.05,28,effusion,2,-1,7,,,,,,,none,none,,
2,MTR_047,us16,0.05,30,in_seg,1,4,2,,,,,miss,miss,2,2,correct,correct
2,MTR_047,us16,0.1,28,effusion,2,-1,7,,,,,,,none,none,,
2,MTR_047,us16,0.1,30,in_seg,1,4,2,,,,,miss,miss,2,2,correct,correct
2,MTR_047,us16,0.25,28,effusion,2,-1,7,,,,,,,none,none,,
2,MTR_047,us16,0.25,30,in_seg,1,4,2,,,,,miss,miss,2,2,correct,correct
2,MTR_048,clean,0.05,79,effusion,2,-1,7,,,,,,,none,none,,
2,MTR_048,clean,0.1,79,effusion,2,-1,7,,,,,,,none,none,,
2,MTR_048,clean,0.25,79,effusion,2,-1,7,,,,,,,none,none,,
2,MTR_048,noise_q1,0.05,79,effusion,2,-1,7,,,,,,,none,none,,
2,MTR_048,noise_q1,0.1,79,effusion,2,-1,7,,,,,,,none,none,,
2,MTR_048,noise_q1,0.25,79,effusion,2,-1,7,,,,,,,none,none,,
2,MTR_048,noise_q2,0.05,79,effusion,2,-1,7,,,,,,,none,none,,
2,MTR_048,noise_q2,0.1,79,effusion,2,-1,7,,,,,,,none,none,,
2,MTR_048,noise_q2,0.25,79,effusion,2,-1,7,,,,,,,none,none,,
2,MTR_048,noise_q3,0.05,79,effusion,2,-1,7,,,,,,,none,none,,
2,MTR_048,noise_q3,0.1,79,effusion,2,-1,7,,,,,,,none,none,,
2,MTR_048,noise_q3,0.25,79,effusion,2,-1,7,,,,,,,none,none,,
2,MTR_048,us4,0.05,79,effusion,2,-1,7,,,,,,,none,none,,
2,MTR_048,us4,0.1,79,effusion,2,-1,7,,,,,,,none,none,,
2,MTR_048,us4,0.25,79,effusion,2,-1,7,,,,,,,none,none,,
2,MTR_048,us8,0.05,79,effusion,2,-1,7,,,,,,,none,none,,
2,MTR_048,us8,0.1,79,effusion,2,-1,7,,,,,,,none,none,,
2,MTR_048,us8,0.25,79,effusion,2,-1,7,,,,,,,none,none,,
2,MTR_048,us16,0.05,79,effusion,2,-1,7,,,,,,,none,none,,
2,MTR_048,us16,0.1,79,effusion,2,-1,7,,,,,,,none,none,,
2,MTR_048,us16,0.25,79,effusion,2,-1,7,,,,,,,none,none,,
2,MTR_049,clean,0.05,229,in_seg,0,1,5,,,,,miss,miss,5,6,correct,correct
2,MTR_049,clean,0.05,230,in_seg,0,1,5,,,,,miss,miss,5,5,correct,correct
2,MTR_049,clean,0.05,231,in_seg,1,5,1,,,,,miss,miss,1,1,correct,correct
2,MTR_049,clean,0.05,232,effusion,2,-1,7,,,,,,,none,none,,
2,MTR_049,clean,0.05,233,effusion,2,-1,7,,,,,,,none,none,,
2,MTR_049,clean,0.1,229,in_seg,0,1,5,,,,,miss,miss,5,6,correct,correct
2,MTR_049,clean,0.1,230,in_seg,0,1,5,,,,,miss,miss,5,5,correct,correct
2,MTR_049,clean,0.1,231,in_seg,1,5,1,,,,,miss,miss,1,1,correct,correct
2,MTR_049,clean,0.1,232,effusion,2,-1,7,,,,,,,none,none,,
2,MTR_049,clean,0.1,233,effusion,2,-1,7,,,,,,,none,none,,
2,MTR_049,clean,0.25,229,in_seg,0,1,5,,,,,miss,miss,5,6,correct,correct
2,MTR_049,clean,0.25,230,in_seg,0,1,5,,,,,miss,miss,5,5,correct,correct
2,MTR_049,clean,0.25,231,in_seg,1,5,1,,,,,miss,miss,1,1,correct,correct
2,MTR_049,clean,0.25,232,effusion,2,-1,7,,,,,,,none,none,,
2,MTR_049,clean,0.25,233,effusion,2,-1,7,,,,,,,none,none,,
2,MTR_049,noise_q1,0.05,229,in_seg,0,1,5,,,,,miss,miss,5,5,correct,correct
2,MTR_049,noise_q1,0.05,230,in_seg,0,1,5,,,,,miss,miss,5,5,correct,correct
2,MTR_049,noise_q1,0.05,231,in_seg,1,5,1,,,,,miss,miss,1,1,correct,correct
2,MTR_049,noise_q1,0.05,232,effusion,2,-1,7,,,,,,,none,none,,
2,MTR_049,noise_q1,0.05,233,effusion,2,-1,7,,,,,,,none,none,,
2,MTR_049,noise_q1,0.1,229,in_seg,0,1,5,,,,,miss,miss,5,5,correct,correct
2,MTR_049,noise_q1,0.1,230,in_seg,0,1,5,,,,,miss,miss,5,5,correct,correct
2,MTR_049,noise_q1,0.1,231,in_seg,1,5,1,,,,,miss,miss,1,1,correct,correct
2,MTR_049,noise_q1,0.1,232,effusion,2,-1,7,,,,,,,none,none,,
2,MTR_049,noise_q1,0.1,233,effusion,2,-1,7,,,,,,,none,none,,
2,MTR_049,noise_q1,0.25,229,in_seg,0,1,5,,,,,miss,miss,5,5,correct,correct
2,MTR_049,noise_q1,0.25,230,in_seg,0,1,5,,,,,miss,miss,5,5,correct,correct
2,MTR_049,noise_q1,0.25,231,in_seg,1,5,1,,,,,miss,miss,1,1,correct,correct
2,MTR_049,noise_q1,0.25,232,effusion,2,-1,7,,,,,,,none,none,,
2,MTR_049,noise_q1,0.25,233,effusion,2,-1,7,,,,,,,none,none,,
2,MTR_049,noise_q2,0.05,229,in_seg,0,1,5,,,,,miss,miss,5,5,correct,correct
2,MTR_049,noise_q2,0.05,230,in_seg,0,1,5,,,,,miss,miss,5,5,correct,correct
2,MTR_049,noise_q2,0.05,231,in_seg,1,5,1,,,,,miss,miss,1,1,correct,correct
2,MTR_049,noise_q2,0.05,232,effusion,2,-1,7,,,,,,,none,none,,
2,MTR_049,noise_q2,0.05,233,effusion,2,-1,7,,,,,,,none,none,,
2,MTR_049,noise_q2,0.1,229,in_seg,0,1,5,,,,,miss,miss,5,5,correct,correct
2,MTR_049,noise_q2,0.1,230,in_seg,0,1,5,,,,,miss,miss,5,5,correct,correct
2,MTR_049,noise_q2,0.1,231,in_seg,1,5,1,,,,,miss,miss,1,1,correct,correct
2,MTR_049,noise_q2,0.1,232,effusion,2,-1,7,,,,,,,none,none,,
2,MTR_049,noise_q2,0.1,233,effusion,2,-1,7,,,,,,,none,none,,
2,MTR_049,noise_q2,0.25,229,in_seg,0,1,5,,,,,miss,miss,5,5,correct,correct
2,MTR_049,noise_q2,0.25,230,in_seg,0,1,5,,,,,miss,miss,5,5,correct,correct
2,MTR_049,noise_q2,0.25,231,in_seg,1,5,1,,,,,miss,miss,1,1,correct,correct
2,MTR_049,noise_q2,0.25,232,effusion,2,-1,7,,,,,,,none,none,,
2,MTR_049,noise_q2,0.25,233,effusion,2,-1,7,,,,,,,none,none,,
2,MTR_049,noise_q3,0.05,229,in_seg,0,1,5,,,,,miss,miss,5,6,correct,correct
2,MTR_049,noise_q3,0.05,230,in_seg,0,1,5,,,,,miss,miss,5,5,correct,correct
2,MTR_049,noise_q3,0.05,231,in_seg,1,5,1,,,,,miss,miss,1,1,correct,correct
2,MTR_049,noise_q3,0.05,232,effusion,2,-1,7,,,,,,,none,none,,
2,MTR_049,noise_q3,0.05,233,effusion,2,-1,7,,,,,,,none,none,,
2,MTR_049,noise_q3,0.1,229,in_seg,0,1,5,,,,,miss,miss,5,6,correct,correct
2,MTR_049,noise_q3,0.1,230,in_seg,0,1,5,,,,,miss,miss,5,5,correct,correct
2,MTR_049,noise_q3,0.1,231,in_seg,1,5,1,,,,,miss,miss,1,1,correct,correct
2,MTR_049,noise_q3,0.1,232,effusion,2,-1,7,,,,,,,none,none,,
2,MTR_049,noise_q3,0.1,233,effusion,2,-1,7,,,,,,,none,none,,
2,MTR_049,noise_q3,0.25,229,in_seg,0,1,5,,,,,miss,miss,5,6,correct,correct
2,MTR_049,noise_q3,0.25,230,in_seg,0,1,5,,,,,miss,miss,5,5,correct,correct
2,MTR_049,noise_q3,0.25,231,in_seg,1,5,1,,,,,miss,miss,1,1,correct,correct
2,MTR_049,noise_q3,0.25,232,effusion,2,-1,7,,,,,,,none,none,,
2,MTR_049,noise_q3,0.25,233,effusion,2,-1,7,,,,,,,none,none,,
2,MTR_049,us4,0.05,229,in_seg,0,1,5,,,,,miss,miss,5,6,correct,correct
2,MTR_049,us4,0.05,230,in_seg,0,1,5,,,,,miss,miss,5,5,correct,correct
2,MTR_049,us4,0.05,231,in_seg,1,5,1,,,,,miss,miss,1,1,correct,correct
2,MTR_049,us4,0.05,232,effusion,2,-1,7,,,,,,,none,none,,
2,MTR_049,us4,0.05,233,effusion,2,-1,7,,,,,,,none,none,,
2,MTR_049,us4,0.1,229,in_seg,0,1,5,,,,,miss,miss,5,6,correct,correct
2,MTR_049,us4,0.1,230,in_seg,0,1,5,,,,,miss,miss,5,5,correct,correct
2,MTR_049,us4,0.1,231,in_seg,1,5,1,,,,,miss,miss,1,1,correct,correct
2,MTR_049,us4,0.1,232,effusion,2,-1,7,,,,,,,none,none,,
2,MTR_049,us4,0.1,233,effusion,2,-1,7,,,,,,,none,none,,
2,MTR_049,us4,0.25,229,in_seg,0,1,5,,,,,miss,miss,5,6,correct,correct
2,MTR_049,us4,0.25,230,in_seg,0,1,5,,,,,miss,miss,5,5,correct,correct
2,MTR_049,us4,0.25,231,in_seg,1,5,1,,,,,miss,miss,1,1,correct,correct
2,MTR_049,us4,0.25,232,effusion,2,-1,7,,,,,,,none,none,,
2,MTR_049,us4,0.25,233,effusion,2,-1,7,,,,,,,none,none,,
2,MTR_049,us8,0.05,229,in_seg,0,1,5,,,,,miss,miss,5,5,correct,correct
2,MTR_049,us8,0.05,230,in_seg,0,1,5,,,,,miss,miss,5,5,correct,correct
2,MTR_049,us8,0.05,231,in_seg,1,5,1,,,,,miss,miss,1,1,correct,correct
2,MTR_049,us8,0.05,232,effusion,2,-1,7,,,,,,,none,none,,
2,MTR_049,us8,0.05,233,effusion,2,-1,7,,,,,,,none,none,,
2,MTR_049,us8,0.1,229,in_seg,0,1,5,,,,,miss,miss,5,5,correct,correct
2,MTR_049,us8,0.1,230,in_seg,0,1,5,,,,,miss,miss,5,5,correct,correct
2,MTR_049,us8,0.1,231,in_seg,1,5,1,,,,,miss,miss,1,1,correct,correct
2,MTR_049,us8,0.1,232,effusion,2,-1,7,,,,,,,none,none,,
2,MTR_049,us8,0.1,233,effusion,2,-1,7,,,,,,,none,none,,
2,MTR_049,us8,0.25,229,in_seg,0,1,5,,,,,miss,miss,5,5,correct,correct
2,MTR_049,us8,0.25,230,in_seg,0,1,5,,,,,miss,miss,5,5,correct,correct
2,MTR_049,us8,0.25,231,in_seg,1,5,1,,,,,miss,miss,1,1,correct,correct
2,MTR_049,us8,0.25,232,effusion,2,-1,7,,,,,,,none,none,,
2,MTR_049,us8,0.25,233,effusion,2,-1,7,,,,,,,none,none,,
2,MTR_049,us16,0.05,229,in_seg,0,1,5,,,,,miss,miss,5,5,correct,correct
2,MTR_049,us16,0.05,230,in_seg,0,1,5,,,,,miss,miss,5,5,correct,correct
2,MTR_049,us16,0.05,231,in_seg,1,5,1,,,,,miss,miss,1,1,correct,correct
2,MTR_049,us16,0.05,232,effusion,2,-1,7,,,,,,,none,none,,
2,MTR_049,us16,0.05,233,effusion,2,-1,7,,,,,,,none,none,,
2,MTR_049,us16,0.1,229,in_seg,0,1,5,,,,,miss,miss,5,5,correct,correct
2,MTR_049,us16,0.1,230,in_seg,0,1,5,,,,,miss,miss,5,5,correct,correct
2,MTR_049,us16,0.1,231,in_seg,1,5,1,,,,,miss,miss,1,1,correct,correct
2,MTR_049,us16,0.1,232,effusion,2,-1,7,,,,,,,none,none,,
2,MTR_049,us16,0.1,233,effusion,2,-1,7,,,,,,,none,none,,
2,MTR_049,us16,0.25,229,in_seg,0,1,5,,,,,miss,miss,5,5,correct,correct
2,MTR_049,us16,0.25,230,in_seg,0,1,5,,,,,miss,miss,5,5,correct,correct
2,MTR_049,us16,0.25,231,in_seg,1,5,1,,,,,miss,miss,1,1,correct,correct
2,MTR_049,us16,0.25,232,effusion,2,-1,7,,,,,,,none,none,,
2,MTR_049,us16,0.25,233,effusion,2,-1,7,,,,,,,none,none,,
4,MTR_051,clean,0.05,102,in_seg,1,5,1,,,,,miss,miss,1,1,correct,correct
4,MTR_051,clean,0.1,102,in_seg,1,5,1,,,,,miss,miss,1,1,correct,correct
4,MTR_051,clean,0.25,102,in_seg,1,5,1,,,,,miss,miss,1,1,correct,correct
4,MTR_051,noise_q1,0.05,102,in_seg,1,5,1,,,,,miss,miss,1,1,correct,correct
4,MTR_051,noise_q1,0.1,102,in_seg,1,5,1,,,,,miss,miss,1,1,correct,correct
4,MTR_051,noise_q1,0.25,102,in_seg,1,5,1,,,,,miss,miss,1,1,correct,correct
4,MTR_051,noise_q2,0.05,102,in_seg,1,5,1,,,,,miss,miss,1,1,correct,correct
4,MTR_051,noise_q2,0.1,102,in_seg,1,5,1,,,,,miss,miss,1,1,correct,correct
4,MTR_051,noise_q2,0.25,102,in_seg,1,5,1,,,,,miss,miss,1,1,correct,correct
4,MTR_051,noise_q3,0.05,102,in_seg,1,5,1,,,,,miss,miss,1,1,correct,correct
4,MTR_051,noise_q3,0.1,102,in_seg,1,5,1,,,,,miss,miss,1,1,correct,correct
4,MTR_051,noise_q3,0.25,102,in_seg,1,5,1,,,,,miss,miss,1,1,correct,correct
4,MTR_051,us4,0.05,102,in_seg,1,5,1,,,,,miss,miss,1,1,correct,correct
4,MTR_051,us4,0.1,102,in_seg,1,5,1,,,,,miss,miss,1,1,correct,correct
4,MTR_051,us4,0.25,102,in_seg,1,5,1,,,,,miss,miss,1,1,correct,correct
4,MTR_051,us8,0.05,102,in_seg,1,5,1,,,,,miss,miss,1,1,correct,correct
4,MTR_051,us8,0.1,102,in_seg,1,5,1,,,,,miss,miss,1,1,correct,correct
4,MTR_051,us8,0.25,102,in_seg,1,5,1,,,,,miss,miss,1,1,correct,correct
4,MTR_051,us16,0.05,102,in_seg,1,5,1,,,,,miss,miss,1,1,correct,correct
4,MTR_051,us16,0.1,102,in_seg,1,5,1,,,,,miss,miss,1,1,correct,correct
4,MTR_051,us16,0.25,102,in_seg,1,5,1,,,,,miss,miss,1,1,correct,correct
0,MTR_052,clean,0.05,80,in_seg,0,1,0,,,,,miss,miss,6,6,correct,correct
0,MTR_052,clean,0.05,81,in_seg,0,1,5,,,,,miss,miss,5,5,correct,correct
0,MTR_052,clean,0.05,82,in_seg,1,4,2,,,,,miss,miss,2,1,correct,wrong_host
0,MTR_052,clean,0.05,83,in_seg,1,5,1,,,,,miss,miss,2,2,wrong_host,wrong_host
0,MTR_052,clean,0.05,84,effusion,2,-1,7,,,,,,,none,none,,
0,MTR_052,clean,0.1,80,in_seg,0,1,0,,,,,miss,miss,6,6,correct,correct
0,MTR_052,clean,0.1,81,in_seg,0,1,5,,,,,miss,miss,5,5,correct,correct
0,MTR_052,clean,0.1,82,in_seg,1,4,2,,,,,miss,miss,2,1,correct,wrong_host
0,MTR_052,clean,0.1,83,in_seg,1,5,1,,,,,miss,miss,2,2,wrong_host,wrong_host
0,MTR_052,clean,0.1,84,effusion,2,-1,7,,,,,,,none,none,,
0,MTR_052,clean,0.25,80,in_seg,0,1,0,,,,,miss,miss,6,6,correct,correct
0,MTR_052,clean,0.25,81,in_seg,0,1,5,,,,,miss,miss,5,5,correct,correct
0,MTR_052,clean,0.25,82,in_seg,1,4,2,,,,,miss,miss,2,1,correct,wrong_host
0,MTR_052,clean,0.25,83,in_seg,1,5,1,,,,,miss,miss,2,2,wrong_host,wrong_host
0,MTR_052,clean,0.25,84,effusion,2,-1,7,,,,,,,none,none,,
0,MTR_052,noise_q1,0.05,80,in_seg,0,1,0,,,,,miss,miss,6,6,correct,correct
0,MTR_052,noise_q1,0.05,81,in_seg,0,1,5,,,,,miss,miss,5,5,correct,correct
0,MTR_052,noise_q1,0.05,82,in_seg,1,4,2,,,,,miss,miss,2,1,correct,wrong_host
0,MTR_052,noise_q1,0.05,83,in_seg,1,5,1,,,,,miss,miss,2,2,wrong_host,wrong_host
0,MTR_052,noise_q1,0.05,84,effusion,2,-1,7,,,,,,,none,none,,
0,MTR_052,noise_q1,0.1,80,in_seg,0,1,0,,,,,miss,miss,6,6,correct,correct
0,MTR_052,noise_q1,0.1,81,in_seg,0,1,5,,,,,miss,miss,5,5,correct,correct
0,MTR_052,noise_q1,0.1,82,in_seg,1,4,2,,,,,miss,miss,2,1,correct,wrong_host
0,MTR_052,noise_q1,0.1,83,in_seg,1,5,1,,,,,miss,miss,2,2,wrong_host,wrong_host
0,MTR_052,noise_q1,0.1,84,effusion,2,-1,7,,,,,,,none,none,,
0,MTR_052,noise_q1,0.25,80,in_seg,0,1,0,,,,,miss,miss,6,6,correct,correct
0,MTR_052,noise_q1,0.25,81,in_seg,0,1,5,,,,,miss,miss,5,5,correct,correct
0,MTR_052,noise_q1,0.25,82,in_seg,1,4,2,,,,,miss,miss,2,1,correct,wrong_host
0,MTR_052,noise_q1,0.25,83,in_seg,1,5,1,,,,,miss,miss,2,2,wrong_host,wrong_host
0,MTR_052,noise_q1,0.25,84,effusion,2,-1,7,,,,,,,none,none,,
0,MTR_052,noise_q2,0.05,80,in_seg,0,1,0,,,,,miss,miss,6,6,correct,correct
0,MTR_052,noise_q2,0.05,81,in_seg,0,1,5,,,,,miss,miss,5,5,correct,correct
0,MTR_052,noise_q2,0.05,82,in_seg,1,4,2,,,,,miss,miss,2,1,correct,wrong_host
0,MTR_052,noise_q2,0.05,83,in_seg,1,5,1,,,,,miss,miss,2,2,wrong_host,wrong_host
0,MTR_052,noise_q2,0.05,84,effusion,2,-1,7,,,,,,,none,none,,
0,MTR_052,noise_q2,0.1,80,in_seg,0,1,0,,,,,miss,miss,6,6,correct,correct
0,MTR_052,noise_q2,0.1,81,in_seg,0,1,5,,,,,miss,miss,5,5,correct,correct
0,MTR_052,noise_q2,0.1,82,in_seg,1,4,2,,,,,miss,miss,2,1,correct,wrong_host
0,MTR_052,noise_q2,0.1,83,in_seg,1,5,1,,,,,miss,miss,2,2,wrong_host,wrong_host
0,MTR_052,noise_q2,0.1,84,effusion,2,-1,7,,,,,,,none,none,,
0,MTR_052,noise_q2,0.25,80,in_seg,0,1,0,,,,,miss,miss,6,6,correct,correct
0,MTR_052,noise_q2,0.25,81,in_seg,0,1,5,,,,,miss,miss,5,5,correct,correct
0,MTR_052,noise_q2,0.25,82,in_seg,1,4,2,,,,,miss,miss,2,1,correct,wrong_host
0,MTR_052,noise_q2,0.25,83,in_seg,1,5,1,,,,,miss,miss,2,2,wrong_host,wrong_host
0,MTR_052,noise_q2,0.25,84,effusion,2,-1,7,,,,,,,none,none,,
0,MTR_052,noise_q3,0.05,80,in_seg,0,1,0,,,,,miss,miss,6,5,correct,correct
0,MTR_052,noise_q3,0.05,81,in_seg,0,1,5,,,,,miss,miss,5,5,correct,correct
0,MTR_052,noise_q3,0.05,82,in_seg,1,4,2,,,,,miss,miss,2,1,correct,wrong_host
0,MTR_052,noise_q3,0.05,83,in_seg,1,5,1,,,,,miss,miss,2,2,wrong_host,wrong_host
0,MTR_052,noise_q3,0.05,84,effusion,2,-1,7,,,,,,,none,none,,
0,MTR_052,noise_q3,0.1,80,in_seg,0,1,0,,,,,miss,miss,6,5,correct,correct
0,MTR_052,noise_q3,0.1,81,in_seg,0,1,5,,,,,miss,miss,5,5,correct,correct
0,MTR_052,noise_q3,0.1,82,in_seg,1,4,2,,,,,miss,miss,2,1,correct,wrong_host
0,MTR_052,noise_q3,0.1,83,in_seg,1,5,1,,,,,miss,miss,2,2,wrong_host,wrong_host
0,MTR_052,noise_q3,0.1,84,effusion,2,-1,7,,,,,,,none,none,,
0,MTR_052,noise_q3,0.25,80,in_seg,0,1,0,,,,,miss,miss,6,5,correct,correct
0,MTR_052,noise_q3,0.25,81,in_seg,0,1,5,,,,,miss,miss,5,5,correct,correct
0,MTR_052,noise_q3,0.25,82,in_seg,1,4,2,,,,,miss,miss,2,1,correct,wrong_host
0,MTR_052,noise_q3,0.25,83,in_seg,1,5,1,,,,,miss,miss,2,2,wrong_host,wrong_host
0,MTR_052,noise_q3,0.25,84,effusion,2,-1,7,,,,,,,none,none,,
0,MTR_052,us4,0.05,80,in_seg,0,1,0,,,,,miss,miss,6,6,correct,correct
0,MTR_052,us4,0.05,81,in_seg,0,1,5,,,,,miss,miss,5,5,correct,correct
0,MTR_052,us4,0.05,82,in_seg,1,4,2,,,,,miss,miss,2,1,correct,wrong_host
0,MTR_052,us4,0.05,83,in_seg,1,5,1,,,,,miss,miss,2,2,wrong_host,wrong_host
0,MTR_052,us4,0.05,84,effusion,2,-1,7,,,,,,,none,none,,
0,MTR_052,us4,0.1,80,in_seg,0,1,0,,,,,miss,miss,6,6,correct,correct
0,MTR_052,us4,0.1,81,in_seg,0,1,5,,,,,miss,miss,5,5,correct,correct
0,MTR_052,us4,0.1,82,in_seg,1,4,2,,,,,miss,miss,2,1,correct,wrong_host
0,MTR_052,us4,0.1,83,in_seg,1,5,1,,,,,miss,miss,2,2,wrong_host,wrong_host
0,MTR_052,us4,0.1,84,effusion,2,-1,7,,,,,,,none,none,,
0,MTR_052,us4,0.25,80,in_seg,0,1,0,,,,,miss,miss,6,6,correct,correct
0,MTR_052,us4,0.25,81,in_seg,0,1,5,,,,,miss,miss,5,5,correct,correct
0,MTR_052,us4,0.25,82,in_seg,1,4,2,,,,,miss,miss,2,1,correct,wrong_host
0,MTR_052,us4,0.25,83,in_seg,1,5,1,,,,,miss,miss,2,2,wrong_host,wrong_host
0,MTR_052,us4,0.25,84,effusion,2,-1,7,,,,,,,none,none,,
0,MTR_052,us8,0.05,80,in_seg,0,1,0,,,,,miss,miss,6,5,correct,correct
0,MTR_052,us8,0.05,81,in_seg,0,1,5,,,,,miss,miss,5,5,correct,correct
0,MTR_052,us8,0.05,82,in_seg,1,4,2,,,,,miss,miss,2,1,correct,wrong_host
0,MTR_052,us8,0.05,83,in_seg,1,5,1,,,,,miss,miss,2,2,wrong_host,wrong_host
0,MTR_052,us8,0.05,84,effusion,2,-1,7,,,,,,,none,none,,
0,MTR_052,us8,0.1,80,in_seg,0,1,0,,,,,miss,miss,6,5,correct,correct
0,MTR_052,us8,0.1,81,in_seg,0,1,5,,,,,miss,miss,5,5,correct,correct
0,MTR_052,us8,0.1,82,in_seg,1,4,2,,,,,miss,miss,2,1,correct,wrong_host
0,MTR_052,us8,0.1,83,in_seg,1,5,1,,,,,miss,miss,2,2,wrong_host,wrong_host
0,MTR_052,us8,0.1,84,effusion,2,-1,7,,,,,,,none,none,,
0,MTR_052,us8,0.25,80,in_seg,0,1,0,,,,,miss,miss,6,5,correct,correct
0,MTR_052,us8,0.25,81,in_seg,0,1,5,,,,,miss,miss,5,5,correct,correct
0,MTR_052,us8,0.25,82,in_seg,1,4,2,,,,,miss,miss,2,1,correct,wrong_host
0,MTR_052,us8,0.25,83,in_seg,1,5,1,,,,,miss,miss,2,2,wrong_host,wrong_host
0,MTR_052,us8,0.25,84,effusion,2,-1,7,,,,,,,none,none,,
0,MTR_052,us16,0.05,80,in_seg,0,1,0,,,,,miss,miss,6,5,correct,correct
0,MTR_052,us16,0.05,81,in_seg,0,1,5,,,,,miss,miss,5,5,correct,correct
0,MTR_052,us16,0.05,82,in_seg,1,4,2,,,,,miss,miss,2,1,correct,wrong_host
0,MTR_052,us16,0.05,83,in_seg,1,5,1,,,,,miss,miss,2,2,wrong_host,wrong_host
0,MTR_052,us16,0.05,84,effusion,2,-1,7,,,,,,,none,none,,
0,MTR_052,us16,0.1,80,in_seg,0,1,0,,,,,miss,miss,6,5,correct,correct
0,MTR_052,us16,0.1,81,in_seg,0,1,5,,,,,miss,miss,5,5,correct,correct
0,MTR_052,us16,0.1,82,in_seg,1,4,2,,,,,miss,miss,2,1,correct,wrong_host
0,MTR_052,us16,0.1,83,in_seg,1,5,1,,,,,miss,miss,2,2,wrong_host,wrong_host
0,MTR_052,us16,0.1,84,effusion,2,-1,7,,,,,,,none,none,,
0,MTR_052,us16,0.25,80,in_seg,0,1,0,,,,,miss,miss,6,5,correct,correct
0,MTR_052,us16,0.25,81,in_seg,0,1,5,,,,,miss,miss,5,5,correct,correct
0,MTR_052,us16,0.25,82,in_seg,1,4,2,,,,,miss,miss,2,1,correct,wrong_host
0,MTR_052,us16,0.25,83,in_seg,1,5,1,,,,,miss,miss,2,2,wrong_host,wrong_host
0,MTR_052,us16,0.25,84,effusion,2,-1,7,,,,,,,none,none,,
1,MTR_053,clean,0.05,103,in_seg,0,1,5,,,,,miss,miss,5,5,correct,correct
1,MTR_053,clean,0.05,104,in_seg,1,4,2,,,,,miss,miss,2,2,correct,correct
1,MTR_053,clean,0.05,105,in_seg,1,6,3,,,,,miss,miss,3,3,correct,correct
1,MTR_053,clean,0.05,106,in_seg,1,6,4,,,,,miss,miss,4,3,correct,correct
1,MTR_053,clean,0.05,107,in_seg,1,5,1,,,,,miss,miss,1,1,correct,correct
1,MTR_053,clean,0.05,108,in_seg,1,4,2,,,,,miss,miss,2,2,correct,correct
1,MTR_053,clean,0.05,109,effusion,2,-1,7,,,,,,,none,none,,
1,MTR_053,clean,0.1,103,in_seg,0,1,5,,,,,miss,miss,5,5,correct,correct
1,MTR_053,clean,0.1,104,in_seg,1,4,2,,,,,miss,miss,2,2,correct,correct
1,MTR_053,clean,0.1,105,in_seg,1,6,3,,,,,miss,miss,3,3,correct,correct
1,MTR_053,clean,0.1,106,in_seg,1,6,4,,,,,miss,miss,4,3,correct,correct
1,MTR_053,clean,0.1,107,in_seg,1,5,1,,,,,miss,miss,1,1,correct,correct
1,MTR_053,clean,0.1,108,in_seg,1,4,2,,,,,miss,miss,2,2,correct,correct
1,MTR_053,clean,0.1,109,effusion,2,-1,7,,,,,,,none,none,,
1,MTR_053,clean,0.25,103,in_seg,0,1,5,,,,,miss,miss,5,5,correct,correct
1,MTR_053,clean,0.25,104,in_seg,1,4,2,,,,,miss,miss,2,2,correct,correct
1,MTR_053,clean,0.25,105,in_seg,1,6,3,,,,,miss,miss,3,3,correct,correct
1,MTR_053,clean,0.25,106,in_seg,1,6,4,,,,,miss,miss,4,3,correct,correct
1,MTR_053,clean,0.25,107,in_seg,1,5,1,,,,,miss,miss,1,1,correct,correct
1,MTR_053,clean,0.25,108,in_seg,1,4,2,,,,,miss,miss,2,2,correct,correct
1,MTR_053,clean,0.25,109,effusion,2,-1,7,,,,,,,none,none,,
1,MTR_053,noise_q1,0.05,103,in_seg,0,1,5,,,,,miss,miss,5,5,correct,correct
1,MTR_053,noise_q1,0.05,104,in_seg,1,4,2,,,,,miss,miss,2,2,correct,correct
1,MTR_053,noise_q1,0.05,105,in_seg,1,6,3,,,,,miss,miss,3,3,correct,correct
1,MTR_053,noise_q1,0.05,106,in_seg,1,6,4,,,,,miss,miss,4,3,correct,correct
1,MTR_053,noise_q1,0.05,107,in_seg,1,5,1,,,,,miss,miss,1,1,correct,correct
1,MTR_053,noise_q1,0.05,108,in_seg,1,4,2,,,,,miss,miss,2,2,correct,correct
1,MTR_053,noise_q1,0.05,109,effusion,2,-1,7,,,,,,,none,none,,
1,MTR_053,noise_q1,0.1,103,in_seg,0,1,5,,,,,miss,miss,5,5,correct,correct
1,MTR_053,noise_q1,0.1,104,in_seg,1,4,2,,,,,miss,miss,2,2,correct,correct
1,MTR_053,noise_q1,0.1,105,in_seg,1,6,3,,,,,miss,miss,3,3,correct,correct
1,MTR_053,noise_q1,0.1,106,in_seg,1,6,4,,,,,miss,miss,4,3,correct,correct
1,MTR_053,noise_q1,0.1,107,in_seg,1,5,1,,,,,miss,miss,1,1,correct,correct
1,MTR_053,noise_q1,0.1,108,in_seg,1,4,2,,,,,miss,miss,2,2,correct,correct
1,MTR_053,noise_q1,0.1,109,effusion,2,-1,7,,,,,,,none,none,,
1,MTR_053,noise_q1,0.25,103,in_seg,0,1,5,,,,,miss,miss,5,5,correct,correct
1,MTR_053,noise_q1,0.25,104,in_seg,1,4,2,,,,,miss,miss,2,2,correct,correct
1,MTR_053,noise_q1,0.25,105,in_seg,1,6,3,,,,,miss,miss,3,3,correct,correct
1,MTR_053,noise_q1,0.25,106,in_seg,1,6,4,,,,,miss,miss,4,3,correct,correct
1,MTR_053,noise_q1,0.25,107,in_seg,1,5,1,,,,,miss,miss,1,1,correct,correct
1,MTR_053,noise_q1,0.25,108,in_seg,1,4,2,,,,,miss,miss,2,2,correct,correct
1,MTR_053,noise_q1,0.25,109,effusion,2,-1,7,,,,,,,none,none,,
1,MTR_053,noise_q2,0.05,103,in_seg,0,1,5,,,,,miss,miss,5,5,correct,correct
1,MTR_053,noise_q2,0.05,104,in_seg,1,4,2,,,,,miss,miss,2,2,correct,correct
1,MTR_053,noise_q2,0.05,105,in_seg,1,6,3,,,,,miss,miss,3,3,correct,correct
1,MTR_053,noise_q2,0.05,106,in_seg,1,6,4,,,,,miss,miss,4,3,correct,correct
1,MTR_053,noise_q2,0.05,107,in_seg,1,5,1,,,,,miss,miss,1,1,correct,correct
1,MTR_053,noise_q2,0.05,108,in_seg,1,4,2,,,,,miss,miss,2,2,correct,correct
1,MTR_053,noise_q2,0.05,109,effusion,2,-1,7,,,,,,,none,none,,
1,MTR_053,noise_q2,0.1,103,in_seg,0,1,5,,,,,miss,miss,5,5,correct,correct
1,MTR_053,noise_q2,0.1,104,in_seg,1,4,2,,,,,miss,miss,2,2,correct,correct
1,MTR_053,noise_q2,0.1,105,in_seg,1,6,3,,,,,miss,miss,3,3,correct,correct
1,MTR_053,noise_q2,0.1,106,in_seg,1,6,4,,,,,miss,miss,4,3,correct,correct
1,MTR_053,noise_q2,0.1,107,in_seg,1,5,1,,,,,miss,miss,1,1,correct,correct
1,MTR_053,noise_q2,0.1,108,in_seg,1,4,2,,,,,miss,miss,2,2,correct,correct
1,MTR_053,noise_q2,0.1,109,effusion,2,-1,7,,,,,,,none,none,,
1,MTR_053,noise_q2,0.25,103,in_seg,0,1,5,,,,,miss,miss,5,5,correct,correct
1,MTR_053,noise_q2,0.25,104,in_seg,1,4,2,,,,,miss,miss,2,2,correct,correct
1,MTR_053,noise_q2,0.25,105,in_seg,1,6,3,,,,,miss,miss,3,3,correct,correct
1,MTR_053,noise_q2,0.25,106,in_seg,1,6,4,,,,,miss,miss,4,3,correct,correct
1,MTR_053,noise_q2,0.25,107,in_seg,1,5,1,,,,,miss,miss,1,1,correct,correct
1,MTR_053,noise_q2,0.25,108,in_seg,1,4,2,,,,,miss,miss,2,2,correct,correct
1,MTR_053,noise_q2,0.25,109,effusion,2,-1,7,,,,,,,none,none,,
1,MTR_053,noise_q3,0.05,103,in_seg,0,1,5,,,,,miss,miss,5,5,correct,correct
1,MTR_053,noise_q3,0.05,104,in_seg,1,4,2,,,,,miss,miss,2,2,correct,correct
1,MTR_053,noise_q3,0.05,105,in_seg,1,6,3,,,,,miss,miss,3,4,correct,correct
1,MTR_053,noise_q3,0.05,106,in_seg,1,6,4,,,,,miss,miss,4,4,correct,correct
1,MTR_053,noise_q3,0.05,107,in_seg,1,5,1,,,,,miss,miss,1,1,correct,correct
1,MTR_053,noise_q3,0.05,108,in_seg,1,4,2,,,,,miss,miss,2,2,correct,correct
1,MTR_053,noise_q3,0.05,109,effusion,2,-1,7,,,,,,,none,none,,
1,MTR_053,noise_q3,0.1,103,in_seg,0,1,5,,,,,miss,miss,5,5,correct,correct
1,MTR_053,noise_q3,0.1,104,in_seg,1,4,2,,,,,miss,miss,2,2,correct,correct
1,MTR_053,noise_q3,0.1,105,in_seg,1,6,3,,,,,miss,miss,3,4,correct,correct
1,MTR_053,noise_q3,0.1,106,in_seg,1,6,4,,,,,miss,miss,4,4,correct,correct
1,MTR_053,noise_q3,0.1,107,in_seg,1,5,1,,,,,miss,miss,1,1,correct,correct
1,MTR_053,noise_q3,0.1,108,in_seg,1,4,2,,,,,miss,miss,2,2,correct,correct
1,MTR_053,noise_q3,0.1,109,effusion,2,-1,7,,,,,,,none,none,,
1,MTR_053,noise_q3,0.25,103,in_seg,0,1,5,,,,,miss,miss,5,5,correct,correct
1,MTR_053,noise_q3,0.25,104,in_seg,1,4,2,,,,,miss,miss,2,2,correct,correct
1,MTR_053,noise_q3,0.25,105,in_seg,1,6,3,,,,,miss,miss,3,4,correct,correct
1,MTR_053,noise_q3,0.25,106,in_seg,1,6,4,,,,,miss,miss,4,4,correct,correct
1,MTR_053,noise_q3,0.25,107,in_seg,1,5,1,,,,,miss,miss,1,1,correct,correct
1,MTR_053,noise_q3,0.25,108,in_seg,1,4,2,,,,,miss,miss,2,2,correct,correct
1,MTR_053,noise_q3,0.25,109,effusion,2,-1,7,,,,,,,none,none,,
1,MTR_053,us4,0.05,103,in_seg,0,1,5,,,,,miss,miss,5,5,correct,correct
1,MTR_053,us4,0.05,104,in_seg,1,4,2,,,,,miss,miss,2,2,correct,correct
1,MTR_053,us4,0.05,105,in_seg,1,6,3,,,,,miss,miss,3,3,correct,correct
1,MTR_053,us4,0.05,106,in_seg,1,6,4,,,,,miss,miss,4,3,correct,correct
1,MTR_053,us4,0.05,107,in_seg,1,5,1,,,,,miss,miss,1,1,correct,correct
1,MTR_053,us4,0.05,108,in_seg,1,4,2,,,,,miss,miss,2,2,correct,correct
1,MTR_053,us4,0.05,109,effusion,2,-1,7,,,,,,,none,none,,
1,MTR_053,us4,0.1,103,in_seg,0,1,5,,,,,miss,miss,5,5,correct,correct
1,MTR_053,us4,0.1,104,in_seg,1,4,2,,,,,miss,miss,2,2,correct,correct
1,MTR_053,us4,0.1,105,in_seg,1,6,3,,,,,miss,miss,3,3,correct,correct
1,MTR_053,us4,0.1,106,in_seg,1,6,4,,,,,miss,miss,4,3,correct,correct
1,MTR_053,us4,0.1,107,in_seg,1,5,1,,,,,miss,miss,1,1,correct,correct
1,MTR_053,us4,0.1,108,in_seg,1,4,2,,,,,miss,miss,2,2,correct,correct
1,MTR_053,us4,0.1,109,effusion,2,-1,7,,,,,,,none,none,,
1,MTR_053,us4,0.25,103,in_seg,0,1,5,,,,,miss,miss,5,5,correct,correct
1,MTR_053,us4,0.25,104,in_seg,1,4,2,,,,,miss,miss,2,2,correct,correct
1,MTR_053,us4,0.25,105,in_seg,1,6,3,,,,,miss,miss,3,3,correct,correct
1,MTR_053,us4,0.25,106,in_seg,1,6,4,,,,,miss,miss,4,3,correct,correct
1,MTR_053,us4,0.25,107,in_seg,1,5,1,,,,,miss,miss,1,1,correct,correct
1,MTR_053,us4,0.25,108,in_seg,1,4,2,,,,,miss,miss,2,2,correct,correct
1,MTR_053,us4,0.25,109,effusion,2,-1,7,,,,,,,none,none,,
1,MTR_053,us8,0.05,103,in_seg,0,1,5,,,,,miss,miss,5,5,correct,correct
1,MTR_053,us8,0.05,104,in_seg,1,4,2,,,,,miss,miss,2,2,correct,correct
1,MTR_053,us8,0.05,105,in_seg,1,6,3,,,,,miss,miss,3,3,correct,correct
1,MTR_053,us8,0.05,106,in_seg,1,6,4,,,,,miss,miss,4,4,correct,correct
1,MTR_053,us8,0.05,107,in_seg,1,5,1,,,,,miss,miss,1,1,correct,correct
1,MTR_053,us8,0.05,108,in_seg,1,4,2,,,,,miss,miss,2,2,correct,correct
1,MTR_053,us8,0.05,109,effusion,2,-1,7,,,,,,,none,none,,
1,MTR_053,us8,0.1,103,in_seg,0,1,5,,,,,miss,miss,5,5,correct,correct
1,MTR_053,us8,0.1,104,in_seg,1,4,2,,,,,miss,miss,2,2,correct,correct
1,MTR_053,us8,0.1,105,in_seg,1,6,3,,,,,miss,miss,3,3,correct,correct
1,MTR_053,us8,0.1,106,in_seg,1,6,4,,,,,miss,miss,4,4,correct,correct
1,MTR_053,us8,0.1,107,in_seg,1,5,1,,,,,miss,miss,1,1,correct,correct
1,MTR_053,us8,0.1,108,in_seg,1,4,2,,,,,miss,miss,2,2,correct,correct
1,MTR_053,us8,0.1,109,effusion,2,-1,7,,,,,,,none,none,,
1,MTR_053,us8,0.25,103,in_seg,0,1,5,,,,,miss,miss,5,5,correct,correct
1,MTR_053,us8,0.25,104,in_seg,1,4,2,,,,,miss,miss,2,2,correct,correct
1,MTR_053,us8,0.25,105,in_seg,1,6,3,,,,,miss,miss,3,3,correct,correct
1,MTR_053,us8,0.25,106,in_seg,1,6,4,,,,,miss,miss,4,4,correct,correct
1,MTR_053,us8,0.25,107,in_seg,1,5,1,,,,,miss,miss,1,1,correct,correct
1,MTR_053,us8,0.25,108,in_seg,1,4,2,,,,,miss,miss,2,2,correct,correct
1,MTR_053,us8,0.25,109,effusion,2,-1,7,,,,,,,none,none,,
1,MTR_053,us16,0.05,103,in_seg,0,1,5,,,,,miss,miss,5,5,correct,correct
1,MTR_053,us16,0.05,104,in_seg,1,4,2,,,,,miss,miss,2,2,correct,correct
1,MTR_053,us16,0.05,105,in_seg,1,6,3,,,,,miss,miss,3,3,correct,correct
1,MTR_053,us16,0.05,106,in_seg,1,6,4,,,,,miss,miss,4,3,correct,correct
1,MTR_053,us16,0.05,107,in_seg,1,5,1,,,,,miss,miss,1,1,correct,correct
1,MTR_053,us16,0.05,108,in_seg,1,4,2,,,,,miss,miss,2,2,correct,correct
1,MTR_053,us16,0.05,109,effusion,2,-1,7,,,,,,,none,none,,
1,MTR_053,us16,0.1,103,in_seg,0,1,5,,,,,miss,miss,5,5,correct,correct
1,MTR_053,us16,0.1,104,in_seg,1,4,2,,,,,miss,miss,2,2,correct,correct
1,MTR_053,us16,0.1,105,in_seg,1,6,3,,,,,miss,miss,3,3,correct,correct
1,MTR_053,us16,0.1,106,in_seg,1,6,4,,,,,miss,miss,4,3,correct,correct
1,MTR_053,us16,0.1,107,in_seg,1,5,1,,,,,miss,miss,1,1,correct,correct
1,MTR_053,us16,0.1,108,in_seg,1,4,2,,,,,miss,miss,2,2,correct,correct
1,MTR_053,us16,0.1,109,effusion,2,-1,7,,,,,,,none,none,,
1,MTR_053,us16,0.25,103,in_seg,0,1,5,,,,,miss,miss,5,5,correct,correct
1,MTR_053,us16,0.25,104,in_seg,1,4,2,,,,,miss,miss,2,2,correct,correct
1,MTR_053,us16,0.25,105,in_seg,1,6,3,,,,,miss,miss,3,3,correct,correct
1,MTR_053,us16,0.25,106,in_seg,1,6,4,,,,,miss,miss,4,3,correct,correct
1,MTR_053,us16,0.25,107,in_seg,1,5,1,,,,,miss,miss,1,1,correct,correct
1,MTR_053,us16,0.25,108,in_seg,1,4,2,,,,,miss,miss,2,2,correct,correct
1,MTR_053,us16,0.25,109,effusion,2,-1,7,,,,,,,none,none,,
0,MTR_056,clean,0.05,168,in_seg,0,1,5,,,,,miss,miss,5,5,correct,correct
0,MTR_056,clean,0.05,169,in_seg,1,5,1,,,,,miss,miss,1,1,correct,correct
0,MTR_056,clean,0.05,170,in_seg,1,4,2,,,,,miss,miss,2,2,correct,correct
0,MTR_056,clean,0.05,171,effusion,2,-1,7,,,,,,,none,none,,
0,MTR_056,clean,0.05,172,effusion,2,-1,7,,,,,,,none,none,,
0,MTR_056,clean,0.1,168,in_seg,0,1,5,,,,,miss,miss,5,5,correct,correct
0,MTR_056,clean,0.1,169,in_seg,1,5,1,,,,,miss,miss,1,1,correct,correct
0,MTR_056,clean,0.1,170,in_seg,1,4,2,,,,,miss,miss,2,2,correct,correct
0,MTR_056,clean,0.1,171,effusion,2,-1,7,,,,,,,none,none,,
0,MTR_056,clean,0.1,172,effusion,2,-1,7,,,,,,,none,none,,
0,MTR_056,clean,0.25,168,in_seg,0,1,5,,,,,miss,miss,5,5,correct,correct
0,MTR_056,clean,0.25,169,in_seg,1,5,1,,,,,miss,miss,1,1,correct,correct
0,MTR_056,clean,0.25,170,in_seg,1,4,2,,,,,miss,miss,2,2,correct,correct
0,MTR_056,clean,0.25,171,effusion,2,-1,7,,,,,,,none,none,,
0,MTR_056,clean,0.25,172,effusion,2,-1,7,,,,,,,none,none,,
0,MTR_056,noise_q1,0.05,168,in_seg,0,1,5,,,,,miss,miss,5,5,correct,correct
0,MTR_056,noise_q1,0.05,169,in_seg,1,5,1,,,,,miss,miss,1,1,correct,correct
0,MTR_056,noise_q1,0.05,170,in_seg,1,4,2,,,,,miss,miss,2,2,correct,correct
0,MTR_056,noise_q1,0.05,171,effusion,2,-1,7,,,,,,,none,none,,
0,MTR_056,noise_q1,0.05,172,effusion,2,-1,7,,,,,,,none,none,,
0,MTR_056,noise_q1,0.1,168,in_seg,0,1,5,,,,,miss,miss,5,5,correct,correct
0,MTR_056,noise_q1,0.1,169,in_seg,1,5,1,,,,,miss,miss,1,1,correct,correct
0,MTR_056,noise_q1,0.1,170,in_seg,1,4,2,,,,,miss,miss,2,2,correct,correct
0,MTR_056,noise_q1,0.1,171,effusion,2,-1,7,,,,,,,none,none,,
0,MTR_056,noise_q1,0.1,172,effusion,2,-1,7,,,,,,,none,none,,
0,MTR_056,noise_q1,0.25,168,in_seg,0,1,5,,,,,miss,miss,5,5,correct,correct
0,MTR_056,noise_q1,0.25,169,in_seg,1,5,1,,,,,miss,miss,1,1,correct,correct
0,MTR_056,noise_q1,0.25,170,in_seg,1,4,2,,,,,miss,miss,2,2,correct,correct
0,MTR_056,noise_q1,0.25,171,effusion,2,-1,7,,,,,,,none,none,,
0,MTR_056,noise_q1,0.25,172,effusion,2,-1,7,,,,,,,none,none,,
0,MTR_056,noise_q2,0.05,168,in_seg,0,1,5,,,,,miss,miss,5,5,correct,correct
0,MTR_056,noise_q2,0.05,169,in_seg,1,5,1,,,,,miss,miss,1,1,correct,correct
0,MTR_056,noise_q2,0.05,170,in_seg,1,4,2,,,,,miss,miss,2,2,correct,correct
0,MTR_056,noise_q2,0.05,171,effusion,2,-1,7,,,,,,,none,none,,
0,MTR_056,noise_q2,0.05,172,effusion,2,-1,7,,,,,,,none,none,,
0,MTR_056,noise_q2,0.1,168,in_seg,0,1,5,,,,,miss,miss,5,5,correct,correct
0,MTR_056,noise_q2,0.1,169,in_seg,1,5,1,,,,,miss,miss,1,1,correct,correct
0,MTR_056,noise_q2,0.1,170,in_seg,1,4,2,,,,,miss,miss,2,2,correct,correct
0,MTR_056,noise_q2,0.1,171,effusion,2,-1,7,,,,,,,none,none,,
0,MTR_056,noise_q2,0.1,172,effusion,2,-1,7,,,,,,,none,none,,
0,MTR_056,noise_q2,0.25,168,in_seg,0,1,5,,,,,miss,miss,5,5,correct,correct
0,MTR_056,noise_q2,0.25,169,in_seg,1,5,1,,,,,miss,miss,1,1,correct,correct
0,MTR_056,noise_q2,0.25,170,in_seg,1,4,2,,,,,miss,miss,2,2,correct,correct
0,MTR_056,noise_q2,0.25,171,effusion,2,-1,7,,,,,,,none,none,,
0,MTR_056,noise_q2,0.25,172,effusion,2,-1,7,,,,,,,none,none,,
0,MTR_056,noise_q3,0.05,168,in_seg,0,1,5,,,,,miss,miss,5,5,correct,correct
0,MTR_056,noise_q3,0.05,169,in_seg,1,5,1,,,,,miss,miss,1,1,correct,correct
0,MTR_056,noise_q3,0.05,170,in_seg,1,4,2,,,,,miss,miss,2,2,correct,correct
0,MTR_056,noise_q3,0.05,171,effusion,2,-1,7,,,,,,,none,none,,
0,MTR_056,noise_q3,0.05,172,effusion,2,-1,7,,,,,,,none,none,,
0,MTR_056,noise_q3,0.1,168,in_seg,0,1,5,,,,,miss,miss,5,5,correct,correct
0,MTR_056,noise_q3,0.1,169,in_seg,1,5,1,,,,,miss,miss,1,1,correct,correct
0,MTR_056,noise_q3,0.1,170,in_seg,1,4,2,,,,,miss,miss,2,2,correct,correct
0,MTR_056,noise_q3,0.1,171,effusion,2,-1,7,,,,,,,none,none,,
0,MTR_056,noise_q3,0.1,172,effusion,2,-1,7,,,,,,,none,none,,
0,MTR_056,noise_q3,0.25,168,in_seg,0,1,5,,,,,miss,miss,5,5,correct,correct
0,MTR_056,noise_q3,0.25,169,in_seg,1,5,1,,,,,miss,miss,1,1,correct,correct
0,MTR_056,noise_q3,0.25,170,in_seg,1,4,2,,,,,miss,miss,2,2,correct,correct
0,MTR_056,noise_q3,0.25,171,effusion,2,-1,7,,,,,,,none,none,,
0,MTR_056,noise_q3,0.25,172,effusion,2,-1,7,,,,,,,none,none,,
0,MTR_056,us4,0.05,168,in_seg,0,1,5,,,,,miss,miss,5,5,correct,correct
0,MTR_056,us4,0.05,169,in_seg,1,5,1,,,,,miss,miss,1,1,correct,correct
0,MTR_056,us4,0.05,170,in_seg,1,4,2,,,,,miss,miss,2,2,correct,correct
0,MTR_056,us4,0.05,171,effusion,2,-1,7,,,,,,,none,none,,
0,MTR_056,us4,0.05,172,effusion,2,-1,7,,,,,,,none,none,,
0,MTR_056,us4,0.1,168,in_seg,0,1,5,,,,,miss,miss,5,5,correct,correct
0,MTR_056,us4,0.1,169,in_seg,1,5,1,,,,,miss,miss,1,1,correct,correct
0,MTR_056,us4,0.1,170,in_seg,1,4,2,,,,,miss,miss,2,2,correct,correct
0,MTR_056,us4,0.1,171,effusion,2,-1,7,,,,,,,none,none,,
0,MTR_056,us4,0.1,172,effusion,2,-1,7,,,,,,,none,none,,
0,MTR_056,us4,0.25,168,in_seg,0,1,5,,,,,miss,miss,5,5,correct,correct
0,MTR_056,us4,0.25,169,in_seg,1,5,1,,,,,miss,miss,1,1,correct,correct
0,MTR_056,us4,0.25,170,in_seg,1,4,2,,,,,miss,miss,2,2,correct,correct
0,MTR_056,us4,0.25,171,effusion,2,-1,7,,,,,,,none,none,,
0,MTR_056,us4,0.25,172,effusion,2,-1,7,,,,,,,none,none,,
0,MTR_056,us8,0.05,168,in_seg,0,1,5,,,,,miss,miss,5,5,correct,correct
0,MTR_056,us8,0.05,169,in_seg,1,5,1,,,,,miss,miss,1,1,correct,correct
0,MTR_056,us8,0.05,170,in_seg,1,4,2,,,,,miss,miss,2,2,correct,correct
0,MTR_056,us8,0.05,171,effusion,2,-1,7,,,,,,,none,none,,
0,MTR_056,us8,0.05,172,effusion,2,-1,7,,,,,,,none,none,,
0,MTR_056,us8,0.1,168,in_seg,0,1,5,,,,,miss,miss,5,5,correct,correct
0,MTR_056,us8,0.1,169,in_seg,1,5,1,,,,,miss,miss,1,1,correct,correct
0,MTR_056,us8,0.1,170,in_seg,1,4,2,,,,,miss,miss,2,2,correct,correct
0,MTR_056,us8,0.1,171,effusion,2,-1,7,,,,,,,none,none,,
0,MTR_056,us8,0.1,172,effusion,2,-1,7,,,,,,,none,none,,
0,MTR_056,us8,0.25,168,in_seg,0,1,5,,,,,miss,miss,5,5,correct,correct
0,MTR_056,us8,0.25,169,in_seg,1,5,1,,,,,miss,miss,1,1,correct,correct
0,MTR_056,us8,0.25,170,in_seg,1,4,2,,,,,miss,miss,2,2,correct,correct
0,MTR_056,us8,0.25,171,effusion,2,-1,7,,,,,,,none,none,,
0,MTR_056,us8,0.25,172,effusion,2,-1,7,,,,,,,none,none,,
0,MTR_056,us16,0.05,168,in_seg,0,1,5,,,,,miss,miss,5,5,correct,correct
0,MTR_056,us16,0.05,169,in_seg,1,5,1,,,,,miss,miss,1,1,correct,correct
0,MTR_056,us16,0.05,170,in_seg,1,4,2,,,,,miss,miss,2,2,correct,correct
0,MTR_056,us16,0.05,171,effusion,2,-1,7,,,,,,,none,none,,
0,MTR_056,us16,0.05,172,effusion,2,-1,7,,,,,,,none,none,,
0,MTR_056,us16,0.1,168,in_seg,0,1,5,,,,,miss,miss,5,5,correct,correct
0,MTR_056,us16,0.1,169,in_seg,1,5,1,,,,,miss,miss,1,1,correct,correct
0,MTR_056,us16,0.1,170,in_seg,1,4,2,,,,,miss,miss,2,2,correct,correct
0,MTR_056,us16,0.1,171,effusion,2,-1,7,,,,,,,none,none,,
0,MTR_056,us16,0.1,172,effusion,2,-1,7,,,,,,,none,none,,
0,MTR_056,us16,0.25,168,in_seg,0,1,5,,,,,miss,miss,5,5,correct,correct
0,MTR_056,us16,0.25,169,in_seg,1,5,1,,,,,miss,miss,1,1,correct,correct
0,MTR_056,us16,0.25,170,in_seg,1,4,2,,,,,miss,miss,2,2,correct,correct
0,MTR_056,us16,0.25,171,effusion,2,-1,7,,,,,,,none,none,,
0,MTR_056,us16,0.25,172,effusion,2,-1,7,,,,,,,none,none,,
2,MTR_057,clean,0.05,51,effusion,2,-1,7,,,,,,,none,none,,
2,MTR_057,clean,0.05,52,in_seg,0,1,6,,,,,miss,miss,6,6,correct,correct
2,MTR_057,clean,0.05,53,in_seg,1,4,2,,,,,miss,miss,2,2,correct,correct
2,MTR_057,clean,0.1,51,effusion,2,-1,7,,,,,,,none,none,,
2,MTR_057,clean,0.1,52,in_seg,0,1,6,,,,,miss,miss,6,6,correct,correct
2,MTR_057,clean,0.1,53,in_seg,1,4,2,,,,,miss,miss,2,2,correct,correct
2,MTR_057,clean,0.25,51,effusion,2,-1,7,,,,,,,none,none,,
2,MTR_057,clean,0.25,52,in_seg,0,1,6,,,,,miss,miss,6,6,correct,correct
2,MTR_057,clean,0.25,53,in_seg,1,4,2,,,,,miss,miss,2,2,correct,correct
2,MTR_057,noise_q1,0.05,51,effusion,2,-1,7,,,,,,,none,none,,
2,MTR_057,noise_q1,0.05,52,in_seg,0,1,6,,,,,miss,miss,6,6,correct,correct
2,MTR_057,noise_q1,0.05,53,in_seg,1,4,2,,,,,miss,miss,2,2,correct,correct
2,MTR_057,noise_q1,0.1,51,effusion,2,-1,7,,,,,,,none,none,,
2,MTR_057,noise_q1,0.1,52,in_seg,0,1,6,,,,,miss,miss,6,6,correct,correct
2,MTR_057,noise_q1,0.1,53,in_seg,1,4,2,,,,,miss,miss,2,2,correct,correct
2,MTR_057,noise_q1,0.25,51,effusion,2,-1,7,,,,,,,none,none,,
2,MTR_057,noise_q1,0.25,52,in_seg,0,1,6,,,,,miss,miss,6,6,correct,correct
2,MTR_057,noise_q1,0.25,53,in_seg,1,4,2,,,,,miss,miss,2,2,correct,correct
2,MTR_057,noise_q2,0.05,51,effusion,2,-1,7,,,,,,,none,none,,
2,MTR_057,noise_q2,0.05,52,in_seg,0,1,6,,,,,miss,miss,6,6,correct,correct
2,MTR_057,noise_q2,0.05,53,in_seg,1,4,2,,,,,miss,miss,2,2,correct,correct
2,MTR_057,noise_q2,0.1,51,effusion,2,-1,7,,,,,,,none,none,,
2,MTR_057,noise_q2,0.1,52,in_seg,0,1,6,,,,,miss,miss,6,6,correct,correct
2,MTR_057,noise_q2,0.1,53,in_seg,1,4,2,,,,,miss,miss,2,2,correct,correct
2,MTR_057,noise_q2,0.25,51,effusion,2,-1,7,,,,,,,none,none,,
2,MTR_057,noise_q2,0.25,52,in_seg,0,1,6,,,,,miss,miss,6,6,correct,correct
2,MTR_057,noise_q2,0.25,53,in_seg,1,4,2,,,,,miss,miss,2,2,correct,correct
2,MTR_057,noise_q3,0.05,51,effusion,2,-1,7,,,,,,,none,none,,
2,MTR_057,noise_q3,0.05,52,in_seg,0,1,6,,,,,miss,miss,6,6,correct,correct
2,MTR_057,noise_q3,0.05,53,in_seg,1,4,2,,,,,miss,miss,2,2,correct,correct
2,MTR_057,noise_q3,0.1,51,effusion,2,-1,7,,,,,,,none,none,,
2,MTR_057,noise_q3,0.1,52,in_seg,0,1,6,,,,,miss,miss,6,6,correct,correct
2,MTR_057,noise_q3,0.1,53,in_seg,1,4,2,,,,,miss,miss,2,2,correct,correct
2,MTR_057,noise_q3,0.25,51,effusion,2,-1,7,,,,,,,none,none,,
2,MTR_057,noise_q3,0.25,52,in_seg,0,1,6,,,,,miss,miss,6,6,correct,correct
2,MTR_057,noise_q3,0.25,53,in_seg,1,4,2,,,,,miss,miss,2,2,correct,correct
2,MTR_057,us4,0.05,51,effusion,2,-1,7,,,,,,,none,none,,
2,MTR_057,us4,0.05,52,in_seg,0,1,6,,,,,miss,miss,6,6,correct,correct
2,MTR_057,us4,0.05,53,in_seg,1,4,2,,,,,miss,miss,2,2,correct,correct
2,MTR_057,us4,0.1,51,effusion,2,-1,7,,,,,,,none,none,,
2,MTR_057,us4,0.1,52,in_seg,0,1,6,,,,,miss,miss,6,6,correct,correct
2,MTR_057,us4,0.1,53,in_seg,1,4,2,,,,,miss,miss,2,2,correct,correct
2,MTR_057,us4,0.25,51,effusion,2,-1,7,,,,,,,none,none,,
2,MTR_057,us4,0.25,52,in_seg,0,1,6,,,,,miss,miss,6,6,correct,correct
2,MTR_057,us4,0.25,53,in_seg,1,4,2,,,,,miss,miss,2,2,correct,correct
2,MTR_057,us8,0.05,51,effusion,2,-1,7,,,,,,,none,none,,
2,MTR_057,us8,0.05,52,in_seg,0,1,6,,,,,miss,miss,6,6,correct,correct
2,MTR_057,us8,0.05,53,in_seg,1,4,2,,,,,miss,miss,2,2,correct,correct
2,MTR_057,us8,0.1,51,effusion,2,-1,7,,,,,,,none,none,,
2,MTR_057,us8,0.1,52,in_seg,0,1,6,,,,,miss,miss,6,6,correct,correct
2,MTR_057,us8,0.1,53,in_seg,1,4,2,,,,,miss,miss,2,2,correct,correct
2,MTR_057,us8,0.25,51,effusion,2,-1,7,,,,,,,none,none,,
2,MTR_057,us8,0.25,52,in_seg,0,1,6,,,,,miss,miss,6,6,correct,correct
2,MTR_057,us8,0.25,53,in_seg,1,4,2,,,,,miss,miss,2,2,correct,correct
2,MTR_057,us16,0.05,51,effusion,2,-1,7,,,,,,,none,none,,
2,MTR_057,us16,0.05,52,in_seg,0,1,6,,,,,miss,miss,6,6,correct,correct
2,MTR_057,us16,0.05,53,in_seg,1,4,2,,,,,miss,miss,2,2,correct,correct
2,MTR_057,us16,0.1,51,effusion,2,-1,7,,,,,,,none,none,,
2,MTR_057,us16,0.1,52,in_seg,0,1,6,,,,,miss,miss,6,6,correct,correct
2,MTR_057,us16,0.1,53,in_seg,1,4,2,,,,,miss,miss,2,2,correct,correct
2,MTR_057,us16,0.25,51,effusion,2,-1,7,,,,,,,none,none,,
2,MTR_057,us16,0.25,52,in_seg,0,1,6,,,,,miss,miss,6,6,correct,correct
2,MTR_057,us16,0.25,53,in_seg,1,4,2,,,,,miss,miss,2,2,correct,correct
0,MTR_061,clean,0.05,234,in_seg,1,5,1,,,,,miss,miss,1,1,correct,correct
0,MTR_061,clean,0.05,235,in_seg,1,4,2,,,,,miss,miss,2,2,correct,correct
0,MTR_061,clean,0.1,234,in_seg,1,5,1,,,,,miss,miss,1,1,correct,correct
0,MTR_061,clean,0.1,235,in_seg,1,4,2,,,,,miss,miss,2,2,correct,correct
0,MTR_061,clean,0.25,234,in_seg,1,5,1,,,,,miss,miss,1,1,correct,correct
0,MTR_061,clean,0.25,235,in_seg,1,4,2,,,,,miss,miss,2,2,correct,correct
0,MTR_061,noise_q1,0.05,234,in_seg,1,5,1,,,,,miss,miss,1,1,correct,correct
0,MTR_061,noise_q1,0.05,235,in_seg,1,4,2,,,,,miss,miss,2,2,correct,correct
0,MTR_061,noise_q1,0.1,234,in_seg,1,5,1,,,,,miss,miss,1,1,correct,correct
0,MTR_061,noise_q1,0.1,235,in_seg,1,4,2,,,,,miss,miss,2,2,correct,correct
0,MTR_061,noise_q1,0.25,234,in_seg,1,5,1,,,,,miss,miss,1,1,correct,correct
0,MTR_061,noise_q1,0.25,235,in_seg,1,4,2,,,,,miss,miss,2,2,correct,correct
0,MTR_061,noise_q2,0.05,234,in_seg,1,5,1,,,,,miss,miss,1,1,correct,correct
0,MTR_061,noise_q2,0.05,235,in_seg,1,4,2,,,,,miss,miss,2,2,correct,correct
0,MTR_061,noise_q2,0.1,234,in_seg,1,5,1,,,,,miss,miss,1,1,correct,correct
0,MTR_061,noise_q2,0.1,235,in_seg,1,4,2,,,,,miss,miss,2,2,correct,correct
0,MTR_061,noise_q2,0.25,234,in_seg,1,5,1,,,,,miss,miss,1,1,correct,correct
0,MTR_061,noise_q2,0.25,235,in_seg,1,4,2,,,,,miss,miss,2,2,correct,correct
0,MTR_061,noise_q3,0.05,234,in_seg,1,5,1,,,,,miss,miss,1,1,correct,correct
0,MTR_061,noise_q3,0.05,235,in_seg,1,4,2,,,,,miss,miss,2,2,correct,correct
0,MTR_061,noise_q3,0.1,234,in_seg,1,5,1,,,,,miss,miss,1,1,correct,correct
0,MTR_061,noise_q3,0.1,235,in_seg,1,4,2,,,,,miss,miss,2,2,correct,correct
0,MTR_061,noise_q3,0.25,234,in_seg,1,5,1,,,,,miss,miss,1,1,correct,correct
0,MTR_061,noise_q3,0.25,235,in_seg,1,4,2,,,,,miss,miss,2,2,correct,correct
0,MTR_061,us4,0.05,234,in_seg,1,5,1,,,,,miss,miss,1,1,correct,correct
0,MTR_061,us4,0.05,235,in_seg,1,4,2,,,,,miss,miss,2,2,correct,correct
0,MTR_061,us4,0.1,234,in_seg,1,5,1,,,,,miss,miss,1,1,correct,correct
0,MTR_061,us4,0.1,235,in_seg,1,4,2,,,,,miss,miss,2,2,correct,correct
0,MTR_061,us4,0.25,234,in_seg,1,5,1,,,,,miss,miss,1,1,correct,correct
0,MTR_061,us4,0.25,235,in_seg,1,4,2,,,,,miss,miss,2,2,correct,correct
0,MTR_061,us8,0.05,234,in_seg,1,5,1,,,,,miss,miss,1,1,correct,correct
0,MTR_061,us8,0.05,235,in_seg,1,4,2,,,,,miss,miss,2,2,correct,correct
0,MTR_061,us8,0.1,234,in_seg,1,5,1,,,,,miss,miss,1,1,correct,correct
0,MTR_061,us8,0.1,235,in_seg,1,4,2,,,,,miss,miss,2,2,correct,correct
0,MTR_061,us8,0.25,234,in_seg,1,5,1,,,,,miss,miss,1,1,correct,correct
0,MTR_061,us8,0.25,235,in_seg,1,4,2,,,,,miss,miss,2,2,correct,correct
0,MTR_061,us16,0.05,234,in_seg,1,5,1,,,,,miss,miss,1,1,correct,correct
0,MTR_061,us16,0.05,235,in_seg,1,4,2,,,,,miss,miss,2,2,correct,correct
0,MTR_061,us16,0.1,234,in_seg,1,5,1,,,,,miss,miss,1,1,correct,correct
0,MTR_061,us16,0.1,235,in_seg,1,4,2,,,,,miss,miss,2,2,correct,correct
0,MTR_061,us16,0.25,234,in_seg,1,5,1,,,,,miss,miss,1,1,correct,correct
0,MTR_061,us16,0.25,235,in_seg,1,4,2,,,,,miss,miss,2,2,correct,correct
2,MTR_062,clean,0.05,80,in_seg,1,4,2,,,,,miss,miss,2,2,correct,correct
2,MTR_062,clean,0.05,81,in_seg,1,4,2,,,,,miss,miss,2,2,correct,correct
2,MTR_062,clean,0.05,82,in_seg,1,4,2,,,,,miss,miss,2,2,correct,correct
2,MTR_062,clean,0.05,83,effusion,2,-1,7,,,,,,,none,none,,
2,MTR_062,clean,0.05,84,effusion,2,-1,7,,,,,,,none,none,,
2,MTR_062,clean,0.1,80,in_seg,1,4,2,,,,,miss,miss,2,2,correct,correct
2,MTR_062,clean,0.1,81,in_seg,1,4,2,,,,,miss,miss,2,2,correct,correct
2,MTR_062,clean,0.1,82,in_seg,1,4,2,,,,,miss,miss,2,2,correct,correct
2,MTR_062,clean,0.1,83,effusion,2,-1,7,,,,,,,none,none,,
2,MTR_062,clean,0.1,84,effusion,2,-1,7,,,,,,,none,none,,
2,MTR_062,clean,0.25,80,in_seg,1,4,2,,,,,miss,miss,2,2,correct,correct
2,MTR_062,clean,0.25,81,in_seg,1,4,2,,,,,miss,miss,2,2,correct,correct
2,MTR_062,clean,0.25,82,in_seg,1,4,2,,,,,miss,miss,2,2,correct,correct
2,MTR_062,clean,0.25,83,effusion,2,-1,7,,,,,,,none,none,,
2,MTR_062,clean,0.25,84,effusion,2,-1,7,,,,,,,none,none,,
2,MTR_062,noise_q1,0.05,80,in_seg,1,4,2,,,,,miss,miss,2,2,correct,correct
2,MTR_062,noise_q1,0.05,81,in_seg,1,4,2,,,,,miss,miss,2,2,correct,correct
2,MTR_062,noise_q1,0.05,82,in_seg,1,4,2,,,,,miss,miss,2,2,correct,correct
2,MTR_062,noise_q1,0.05,83,effusion,2,-1,7,,,,,,,none,none,,
2,MTR_062,noise_q1,0.05,84,effusion,2,-1,7,,,,,,,none,none,,
2,MTR_062,noise_q1,0.1,80,in_seg,1,4,2,,,,,miss,miss,2,2,correct,correct
2,MTR_062,noise_q1,0.1,81,in_seg,1,4,2,,,,,miss,miss,2,2,correct,correct
2,MTR_062,noise_q1,0.1,82,in_seg,1,4,2,,,,,miss,miss,2,2,correct,correct
2,MTR_062,noise_q1,0.1,83,effusion,2,-1,7,,,,,,,none,none,,
2,MTR_062,noise_q1,0.1,84,effusion,2,-1,7,,,,,,,none,none,,
2,MTR_062,noise_q1,0.25,80,in_seg,1,4,2,,,,,miss,miss,2,2,correct,correct
2,MTR_062,noise_q1,0.25,81,in_seg,1,4,2,,,,,miss,miss,2,2,correct,correct
2,MTR_062,noise_q1,0.25,82,in_seg,1,4,2,,,,,miss,miss,2,2,correct,correct
2,MTR_062,noise_q1,0.25,83,effusion,2,-1,7,,,,,,,none,none,,
2,MTR_062,noise_q1,0.25,84,effusion,2,-1,7,,,,,,,none,none,,
2,MTR_062,noise_q2,0.05,80,in_seg,1,4,2,,,,,miss,miss,2,2,correct,correct
2,MTR_062,noise_q2,0.05,81,in_seg,1,4,2,,,,,miss,miss,2,2,correct,correct
2,MTR_062,noise_q2,0.05,82,in_seg,1,4,2,,,,,miss,miss,2,2,correct,correct
2,MTR_062,noise_q2,0.05,83,effusion,2,-1,7,,,,,,,none,none,,
2,MTR_062,noise_q2,0.05,84,effusion,2,-1,7,,,,,,,none,none,,
2,MTR_062,noise_q2,0.1,80,in_seg,1,4,2,,,,,miss,miss,2,2,correct,correct
2,MTR_062,noise_q2,0.1,81,in_seg,1,4,2,,,,,miss,miss,2,2,correct,correct
2,MTR_062,noise_q2,0.1,82,in_seg,1,4,2,,,,,miss,miss,2,2,correct,correct
2,MTR_062,noise_q2,0.1,83,effusion,2,-1,7,,,,,,,none,none,,
2,MTR_062,noise_q2,0.1,84,effusion,2,-1,7,,,,,,,none,none,,
2,MTR_062,noise_q2,0.25,80,in_seg,1,4,2,,,,,miss,miss,2,2,correct,correct
2,MTR_062,noise_q2,0.25,81,in_seg,1,4,2,,,,,miss,miss,2,2,correct,correct
2,MTR_062,noise_q2,0.25,82,in_seg,1,4,2,,,,,miss,miss,2,2,correct,correct
2,MTR_062,noise_q2,0.25,83,effusion,2,-1,7,,,,,,,none,none,,
2,MTR_062,noise_q2,0.25,84,effusion,2,-1,7,,,,,,,none,none,,
2,MTR_062,noise_q3,0.05,80,in_seg,1,4,2,,,,,miss,miss,2,2,correct,correct
2,MTR_062,noise_q3,0.05,81,in_seg,1,4,2,,,,,miss,miss,2,2,correct,correct
2,MTR_062,noise_q3,0.05,82,in_seg,1,4,2,,,,,miss,miss,2,2,correct,correct
2,MTR_062,noise_q3,0.05,83,effusion,2,-1,7,,,,,,,none,none,,
2,MTR_062,noise_q3,0.05,84,effusion,2,-1,7,,,,,,,none,none,,
2,MTR_062,noise_q3,0.1,80,in_seg,1,4,2,,,,,miss,miss,2,2,correct,correct
2,MTR_062,noise_q3,0.1,81,in_seg,1,4,2,,,,,miss,miss,2,2,correct,correct
2,MTR_062,noise_q3,0.1,82,in_seg,1,4,2,,,,,miss,miss,2,2,correct,correct
2,MTR_062,noise_q3,0.1,83,effusion,2,-1,7,,,,,,,none,none,,
2,MTR_062,noise_q3,0.1,84,effusion,2,-1,7,,,,,,,none,none,,
2,MTR_062,noise_q3,0.25,80,in_seg,1,4,2,,,,,miss,miss,2,2,correct,correct
2,MTR_062,noise_q3,0.25,81,in_seg,1,4,2,,,,,miss,miss,2,2,correct,correct
2,MTR_062,noise_q3,0.25,82,in_seg,1,4,2,,,,,miss,miss,2,2,correct,correct
2,MTR_062,noise_q3,0.25,83,effusion,2,-1,7,,,,,,,none,none,,
2,MTR_062,noise_q3,0.25,84,effusion,2,-1,7,,,,,,,none,none,,
2,MTR_062,us4,0.05,80,in_seg,1,4,2,,,,,miss,miss,2,2,correct,correct
2,MTR_062,us4,0.05,81,in_seg,1,4,2,,,,,miss,miss,2,2,correct,correct
2,MTR_062,us4,0.05,82,in_seg,1,4,2,,,,,miss,miss,2,2,correct,correct
2,MTR_062,us4,0.05,83,effusion,2,-1,7,,,,,,,none,none,,
2,MTR_062,us4,0.05,84,effusion,2,-1,7,,,,,,,none,none,,
2,MTR_062,us4,0.1,80,in_seg,1,4,2,,,,,miss,miss,2,2,correct,correct
2,MTR_062,us4,0.1,81,in_seg,1,4,2,,,,,miss,miss,2,2,correct,correct
2,MTR_062,us4,0.1,82,in_seg,1,4,2,,,,,miss,miss,2,2,correct,correct
2,MTR_062,us4,0.1,83,effusion,2,-1,7,,,,,,,none,none,,
2,MTR_062,us4,0.1,84,effusion,2,-1,7,,,,,,,none,none,,
2,MTR_062,us4,0.25,80,in_seg,1,4,2,,,,,miss,miss,2,2,correct,correct
2,MTR_062,us4,0.25,81,in_seg,1,4,2,,,,,miss,miss,2,2,correct,correct
2,MTR_062,us4,0.25,82,in_seg,1,4,2,,,,,miss,miss,2,2,correct,correct
2,MTR_062,us4,0.25,83,effusion,2,-1,7,,,,,,,none,none,,
2,MTR_062,us4,0.25,84,effusion,2,-1,7,,,,,,,none,none,,
2,MTR_062,us8,0.05,80,in_seg,1,4,2,,,,,miss,miss,2,2,correct,correct
2,MTR_062,us8,0.05,81,in_seg,1,4,2,,,,,miss,miss,2,2,correct,correct
2,MTR_062,us8,0.05,82,in_seg,1,4,2,,,,,miss,miss,2,2,correct,correct
2,MTR_062,us8,0.05,83,effusion,2,-1,7,,,,,,,none,none,,
2,MTR_062,us8,0.05,84,effusion,2,-1,7,,,,,,,none,none,,
2,MTR_062,us8,0.1,80,in_seg,1,4,2,,,,,miss,miss,2,2,correct,correct
2,MTR_062,us8,0.1,81,in_seg,1,4,2,,,,,miss,miss,2,2,correct,correct
2,MTR_062,us8,0.1,82,in_seg,1,4,2,,,,,miss,miss,2,2,correct,correct
2,MTR_062,us8,0.1,83,effusion,2,-1,7,,,,,,,none,none,,
2,MTR_062,us8,0.1,84,effusion,2,-1,7,,,,,,,none,none,,
2,MTR_062,us8,0.25,80,in_seg,1,4,2,,,,,miss,miss,2,2,correct,correct
2,MTR_062,us8,0.25,81,in_seg,1,4,2,,,,,miss,miss,2,2,correct,correct
2,MTR_062,us8,0.25,82,in_seg,1,4,2,,,,,miss,miss,2,2,correct,correct
2,MTR_062,us8,0.25,83,effusion,2,-1,7,,,,,,,none,none,,
2,MTR_062,us8,0.25,84,effusion,2,-1,7,,,,,,,none,none,,
2,MTR_062,us16,0.05,80,in_seg,1,4,2,,,,,miss,miss,2,2,correct,correct
2,MTR_062,us16,0.05,81,in_seg,1,4,2,,,,,miss,miss,2,2,correct,correct
2,MTR_062,us16,0.05,82,in_seg,1,4,2,,,,,miss,miss,2,2,correct,correct
2,MTR_062,us16,0.05,83,effusion,2,-1,7,,,,,,,none,none,,
2,MTR_062,us16,0.05,84,effusion,2,-1,7,,,,,,,none,none,,
2,MTR_062,us16,0.1,80,in_seg,1,4,2,,,,,miss,miss,2,2,correct,correct
2,MTR_062,us16,0.1,81,in_seg,1,4,2,,,,,miss,miss,2,2,correct,correct
2,MTR_062,us16,0.1,82,in_seg,1,4,2,,,,,miss,miss,2,2,correct,correct
2,MTR_062,us16,0.1,83,effusion,2,-1,7,,,,,,,none,none,,
2,MTR_062,us16,0.1,84,effusion,2,-1,7,,,,,,,none,none,,
2,MTR_062,us16,0.25,80,in_seg,1,4,2,,,,,miss,miss,2,2,correct,correct
2,MTR_062,us16,0.25,81,in_seg,1,4,2,,,,,miss,miss,2,2,correct,correct
2,MTR_062,us16,0.25,82,in_seg,1,4,2,,,,,miss,miss,2,2,correct,correct
2,MTR_062,us16,0.25,83,effusion,2,-1,7,,,,,,,none,none,,
2,MTR_062,us16,0.25,84,effusion,2,-1,7,,,,,,,none,none,,
3,MTR_065,clean,0.05,85,in_seg,0,1,5,,,,,miss,miss,5,5,correct,correct
3,MTR_065,clean,0.05,86,in_seg,0,1,5,,,,,miss,miss,5,5,correct,correct
3,MTR_065,clean,0.05,87,in_seg,0,1,5,,,,,miss,miss,5,5,correct,correct
3,MTR_065,clean,0.05,88,in_seg,1,5,1,,,,,miss,miss,1,1,correct,correct
3,MTR_065,clean,0.05,89,effusion,2,-1,7,,,,,,,none,none,,
3,MTR_065,clean,0.1,85,in_seg,0,1,5,,,,,miss,miss,5,5,correct,correct
3,MTR_065,clean,0.1,86,in_seg,0,1,5,,,,,miss,miss,5,5,correct,correct
3,MTR_065,clean,0.1,87,in_seg,0,1,5,,,,,miss,miss,5,5,correct,correct
3,MTR_065,clean,0.1,88,in_seg,1,5,1,,,,,miss,miss,1,1,correct,correct
3,MTR_065,clean,0.1,89,effusion,2,-1,7,,,,,,,none,none,,
3,MTR_065,clean,0.25,85,in_seg,0,1,5,,,,,miss,miss,5,5,correct,correct
3,MTR_065,clean,0.25,86,in_seg,0,1,5,,,,,miss,miss,5,5,correct,correct
3,MTR_065,clean,0.25,87,in_seg,0,1,5,,,,,miss,miss,5,5,correct,correct
3,MTR_065,clean,0.25,88,in_seg,1,5,1,,,,,miss,miss,1,1,correct,correct
3,MTR_065,clean,0.25,89,effusion,2,-1,7,,,,,,,none,none,,
3,MTR_065,noise_q1,0.05,85,in_seg,0,1,5,,,,,miss,miss,5,5,correct,correct
3,MTR_065,noise_q1,0.05,86,in_seg,0,1,5,,,,,miss,miss,5,5,correct,correct
3,MTR_065,noise_q1,0.05,87,in_seg,0,1,5,,,,,miss,miss,5,5,correct,correct
3,MTR_065,noise_q1,0.05,88,in_seg,1,5,1,,,,,miss,miss,1,1,correct,correct
3,MTR_065,noise_q1,0.05,89,effusion,2,-1,7,,,,,,,none,none,,
3,MTR_065,noise_q1,0.1,85,in_seg,0,1,5,,,,,miss,miss,5,5,correct,correct
3,MTR_065,noise_q1,0.1,86,in_seg,0,1,5,,,,,miss,miss,5,5,correct,correct
3,MTR_065,noise_q1,0.1,87,in_seg,0,1,5,,,,,miss,miss,5,5,correct,correct
3,MTR_065,noise_q1,0.1,88,in_seg,1,5,1,,,,,miss,miss,1,1,correct,correct
3,MTR_065,noise_q1,0.1,89,effusion,2,-1,7,,,,,,,none,none,,
3,MTR_065,noise_q1,0.25,85,in_seg,0,1,5,,,,,miss,miss,5,5,correct,correct
3,MTR_065,noise_q1,0.25,86,in_seg,0,1,5,,,,,miss,miss,5,5,correct,correct
3,MTR_065,noise_q1,0.25,87,in_seg,0,1,5,,,,,miss,miss,5,5,correct,correct
3,MTR_065,noise_q1,0.25,88,in_seg,1,5,1,,,,,miss,miss,1,1,correct,correct
3,MTR_065,noise_q1,0.25,89,effusion,2,-1,7,,,,,,,none,none,,
3,MTR_065,noise_q2,0.05,85,in_seg,0,1,5,,,,,miss,miss,5,5,correct,correct
3,MTR_065,noise_q2,0.05,86,in_seg,0,1,5,,,,,miss,miss,5,5,correct,correct
3,MTR_065,noise_q2,0.05,87,in_seg,0,1,5,,,,,miss,miss,5,5,correct,correct
3,MTR_065,noise_q2,0.05,88,in_seg,1,5,1,,,,,miss,miss,1,1,correct,correct
3,MTR_065,noise_q2,0.05,89,effusion,2,-1,7,,,,,,,none,none,,
3,MTR_065,noise_q2,0.1,85,in_seg,0,1,5,,,,,miss,miss,5,5,correct,correct
3,MTR_065,noise_q2,0.1,86,in_seg,0,1,5,,,,,miss,miss,5,5,correct,correct
3,MTR_065,noise_q2,0.1,87,in_seg,0,1,5,,,,,miss,miss,5,5,correct,correct
3,MTR_065,noise_q2,0.1,88,in_seg,1,5,1,,,,,miss,miss,1,1,correct,correct
3,MTR_065,noise_q2,0.1,89,effusion,2,-1,7,,,,,,,none,none,,
3,MTR_065,noise_q2,0.25,85,in_seg,0,1,5,,,,,miss,miss,5,5,correct,correct
3,MTR_065,noise_q2,0.25,86,in_seg,0,1,5,,,,,miss,miss,5,5,correct,correct
3,MTR_065,noise_q2,0.25,87,in_seg,0,1,5,,,,,miss,miss,5,5,correct,correct
3,MTR_065,noise_q2,0.25,88,in_seg,1,5,1,,,,,miss,miss,1,1,correct,correct
3,MTR_065,noise_q2,0.25,89,effusion,2,-1,7,,,,,,,none,none,,
3,MTR_065,noise_q3,0.05,85,in_seg,0,1,5,,,,,miss,miss,5,5,correct,correct
3,MTR_065,noise_q3,0.05,86,in_seg,0,1,5,,,,,miss,miss,5,5,correct,correct
3,MTR_065,noise_q3,0.05,87,in_seg,0,1,5,,,,,miss,miss,5,5,correct,correct
3,MTR_065,noise_q3,0.05,88,in_seg,1,5,1,,,,,miss,miss,1,1,correct,correct
3,MTR_065,noise_q3,0.05,89,effusion,2,-1,7,,,,,,,none,none,,
3,MTR_065,noise_q3,0.1,85,in_seg,0,1,5,,,,,miss,miss,5,5,correct,correct
3,MTR_065,noise_q3,0.1,86,in_seg,0,1,5,,,,,miss,miss,5,5,correct,correct
3,MTR_065,noise_q3,0.1,87,in_seg,0,1,5,,,,,miss,miss,5,5,correct,correct
3,MTR_065,noise_q3,0.1,88,in_seg,1,5,1,,,,,miss,miss,1,1,correct,correct
3,MTR_065,noise_q3,0.1,89,effusion,2,-1,7,,,,,,,none,none,,
3,MTR_065,noise_q3,0.25,85,in_seg,0,1,5,,,,,miss,miss,5,5,correct,correct
3,MTR_065,noise_q3,0.25,86,in_seg,0,1,5,,,,,miss,miss,5,5,correct,correct
3,MTR_065,noise_q3,0.25,87,in_seg,0,1,5,,,,,miss,miss,5,5,correct,correct
3,MTR_065,noise_q3,0.25,88,in_seg,1,5,1,,,,,miss,miss,1,1,correct,correct
3,MTR_065,noise_q3,0.25,89,effusion,2,-1,7,,,,,,,none,none,,
3,MTR_065,us4,0.05,85,in_seg,0,1,5,,,,,miss,miss,5,5,correct,correct
3,MTR_065,us4,0.05,86,in_seg,0,1,5,,,,,miss,miss,5,5,correct,correct
3,MTR_065,us4,0.05,87,in_seg,0,1,5,0,0.2922,5,5,correct,correct,5,5,correct,correct
3,MTR_065,us4,0.05,88,in_seg,1,5,1,,,,,miss,miss,1,1,correct,correct
3,MTR_065,us4,0.05,89,effusion,2,-1,7,,,,,,,none,none,,
3,MTR_065,us4,0.1,85,in_seg,0,1,5,,,,,miss,miss,5,5,correct,correct
3,MTR_065,us4,0.1,86,in_seg,0,1,5,,,,,miss,miss,5,5,correct,correct
3,MTR_065,us4,0.1,87,in_seg,0,1,5,0,0.2922,5,5,correct,correct,5,5,correct,correct
3,MTR_065,us4,0.1,88,in_seg,1,5,1,,,,,miss,miss,1,1,correct,correct
3,MTR_065,us4,0.1,89,effusion,2,-1,7,,,,,,,none,none,,
3,MTR_065,us4,0.25,85,in_seg,0,1,5,,,,,miss,miss,5,5,correct,correct
3,MTR_065,us4,0.25,86,in_seg,0,1,5,,,,,miss,miss,5,5,correct,correct
3,MTR_065,us4,0.25,87,in_seg,0,1,5,0,0.2922,5,5,correct,correct,5,5,correct,correct
3,MTR_065,us4,0.25,88,in_seg,1,5,1,,,,,miss,miss,1,1,correct,correct
3,MTR_065,us4,0.25,89,effusion,2,-1,7,,,,,,,none,none,,
3,MTR_065,us8,0.05,85,in_seg,0,1,5,,,,,miss,miss,5,5,correct,correct
3,MTR_065,us8,0.05,86,in_seg,0,1,5,,,,,miss,miss,5,5,correct,correct
3,MTR_065,us8,0.05,87,in_seg,0,1,5,,,,,miss,miss,5,5,correct,correct
3,MTR_065,us8,0.05,88,in_seg,1,5,1,,,,,miss,miss,1,1,correct,correct
3,MTR_065,us8,0.05,89,effusion,2,-1,7,,,,,,,none,none,,
3,MTR_065,us8,0.1,85,in_seg,0,1,5,,,,,miss,miss,5,5,correct,correct
3,MTR_065,us8,0.1,86,in_seg,0,1,5,,,,,miss,miss,5,5,correct,correct
3,MTR_065,us8,0.1,87,in_seg,0,1,5,,,,,miss,miss,5,5,correct,correct
3,MTR_065,us8,0.1,88,in_seg,1,5,1,,,,,miss,miss,1,1,correct,correct
3,MTR_065,us8,0.1,89,effusion,2,-1,7,,,,,,,none,none,,
3,MTR_065,us8,0.25,85,in_seg,0,1,5,,,,,miss,miss,5,5,correct,correct
3,MTR_065,us8,0.25,86,in_seg,0,1,5,,,,,miss,miss,5,5,correct,correct
3,MTR_065,us8,0.25,87,in_seg,0,1,5,,,,,miss,miss,5,5,correct,correct
3,MTR_065,us8,0.25,88,in_seg,1,5,1,,,,,miss,miss,1,1,correct,correct
3,MTR_065,us8,0.25,89,effusion,2,-1,7,,,,,,,none,none,,
3,MTR_065,us16,0.05,85,in_seg,0,1,5,,,,,miss,miss,5,5,correct,correct
3,MTR_065,us16,0.05,86,in_seg,0,1,5,,,,,miss,miss,5,5,correct,correct
3,MTR_065,us16,0.05,87,in_seg,0,1,5,,,,,miss,miss,5,5,correct,correct
3,MTR_065,us16,0.05,88,in_seg,1,5,1,,,,,miss,miss,1,1,correct,correct
3,MTR_065,us16,0.05,89,effusion,2,-1,7,,,,,,,none,none,,
3,MTR_065,us16,0.1,85,in_seg,0,1,5,,,,,miss,miss,5,5,correct,correct
3,MTR_065,us16,0.1,86,in_seg,0,1,5,,,,,miss,miss,5,5,correct,correct
3,MTR_065,us16,0.1,87,in_seg,0,1,5,,,,,miss,miss,5,5,correct,correct
3,MTR_065,us16,0.1,88,in_seg,1,5,1,,,,,miss,miss,1,1,correct,correct
3,MTR_065,us16,0.1,89,effusion,2,-1,7,,,,,,,none,none,,
3,MTR_065,us16,0.25,85,in_seg,0,1,5,,,,,miss,miss,5,5,correct,correct
3,MTR_065,us16,0.25,86,in_seg,0,1,5,,,,,miss,miss,5,5,correct,correct
3,MTR_065,us16,0.25,87,in_seg,0,1,5,,,,,miss,miss,5,5,correct,correct
3,MTR_065,us16,0.25,88,in_seg,1,5,1,,,,,miss,miss,1,1,correct,correct
3,MTR_065,us16,0.25,89,effusion,2,-1,7,,,,,,,none,none,,
2,MTR_066,clean,0.05,90,in_seg,0,1,6,,,,,miss,miss,6,5,correct,correct
2,MTR_066,clean,0.05,91,in_seg,0,1,5,,,,,miss,miss,5,5,correct,correct
2,MTR_066,clean,0.05,92,in_seg,1,6,4,,,,,miss,miss,4,3,correct,correct
2,MTR_066,clean,0.05,93,in_seg,1,4,2,,,,,miss,miss,2,2,correct,correct
2,MTR_066,clean,0.05,94,in_seg,1,4,2,,,,,miss,miss,2,2,correct,correct
2,MTR_066,clean,0.05,95,in_seg,1,4,2,,,,,miss,miss,2,2,correct,correct
2,MTR_066,clean,0.05,96,in_seg,1,5,1,,,,,miss,miss,1,1,correct,correct
2,MTR_066,clean,0.05,97,effusion,2,-1,7,,,,,,,none,none,,
2,MTR_066,clean,0.05,98,effusion,2,-1,7,,,,,,,none,none,,
2,MTR_066,clean,0.1,90,in_seg,0,1,6,,,,,miss,miss,6,5,correct,correct
2,MTR_066,clean,0.1,91,in_seg,0,1,5,,,,,miss,miss,5,5,correct,correct
2,MTR_066,clean,0.1,92,in_seg,1,6,4,,,,,miss,miss,4,3,correct,correct
2,MTR_066,clean,0.1,93,in_seg,1,4,2,,,,,miss,miss,2,2,correct,correct
2,MTR_066,clean,0.1,94,in_seg,1,4,2,,,,,miss,miss,2,2,correct,correct
2,MTR_066,clean,0.1,95,in_seg,1,4,2,,,,,miss,miss,2,2,correct,correct
2,MTR_066,clean,0.1,96,in_seg,1,5,1,,,,,miss,miss,1,1,correct,correct
2,MTR_066,clean,0.1,97,effusion,2,-1,7,,,,,,,none,none,,
2,MTR_066,clean,0.1,98,effusion,2,-1,7,,,,,,,none,none,,
2,MTR_066,clean,0.25,90,in_seg,0,1,6,,,,,miss,miss,6,5,correct,correct
2,MTR_066,clean,0.25,91,in_seg,0,1,5,,,,,miss,miss,5,5,correct,correct
2,MTR_066,clean,0.25,92,in_seg,1,6,4,,,,,miss,miss,4,3,correct,correct
2,MTR_066,clean,0.25,93,in_seg,1,4,2,,,,,miss,miss,2,2,correct,correct
2,MTR_066,clean,0.25,94,in_seg,1,4,2,,,,,miss,miss,2,2,correct,correct
2,MTR_066,clean,0.25,95,in_seg,1,4,2,,,,,miss,miss,2,2,correct,correct
2,MTR_066,clean,0.25,96,in_seg,1,5,1,,,,,miss,miss,1,1,correct,correct
2,MTR_066,clean,0.25,97,effusion,2,-1,7,,,,,,,none,none,,
2,MTR_066,clean,0.25,98,effusion,2,-1,7,,,,,,,none,none,,
2,MTR_066,noise_q1,0.05,90,in_seg,0,1,6,,,,,miss,miss,6,5,correct,correct
2,MTR_066,noise_q1,0.05,91,in_seg,0,1,5,,,,,miss,miss,5,5,correct,correct
2,MTR_066,noise_q1,0.05,92,in_seg,1,6,4,,,,,miss,miss,4,3,correct,correct
2,MTR_066,noise_q1,0.05,93,in_seg,1,4,2,,,,,miss,miss,2,2,correct,correct
2,MTR_066,noise_q1,0.05,94,in_seg,1,4,2,,,,,miss,miss,2,2,correct,correct
2,MTR_066,noise_q1,0.05,95,in_seg,1,4,2,,,,,miss,miss,2,2,correct,correct
2,MTR_066,noise_q1,0.05,96,in_seg,1,5,1,,,,,miss,miss,1,1,correct,correct
2,MTR_066,noise_q1,0.05,97,effusion,2,-1,7,,,,,,,none,none,,
2,MTR_066,noise_q1,0.05,98,effusion,2,-1,7,,,,,,,none,none,,
2,MTR_066,noise_q1,0.1,90,in_seg,0,1,6,,,,,miss,miss,6,5,correct,correct
2,MTR_066,noise_q1,0.1,91,in_seg,0,1,5,,,,,miss,miss,5,5,correct,correct
2,MTR_066,noise_q1,0.1,92,in_seg,1,6,4,,,,,miss,miss,4,3,correct,correct
2,MTR_066,noise_q1,0.1,93,in_seg,1,4,2,,,,,miss,miss,2,2,correct,correct
2,MTR_066,noise_q1,0.1,94,in_seg,1,4,2,,,,,miss,miss,2,2,correct,correct
2,MTR_066,noise_q1,0.1,95,in_seg,1,4,2,,,,,miss,miss,2,2,correct,correct
2,MTR_066,noise_q1,0.1,96,in_seg,1,5,1,,,,,miss,miss,1,1,correct,correct
2,MTR_066,noise_q1,0.1,97,effusion,2,-1,7,,,,,,,none,none,,
2,MTR_066,noise_q1,0.1,98,effusion,2,-1,7,,,,,,,none,none,,
2,MTR_066,noise_q1,0.25,90,in_seg,0,1,6,,,,,miss,miss,6,5,correct,correct
2,MTR_066,noise_q1,0.25,91,in_seg,0,1,5,,,,,miss,miss,5,5,correct,correct
2,MTR_066,noise_q1,0.25,92,in_seg,1,6,4,,,,,miss,miss,4,3,correct,correct
2,MTR_066,noise_q1,0.25,93,in_seg,1,4,2,,,,,miss,miss,2,2,correct,correct
2,MTR_066,noise_q1,0.25,94,in_seg,1,4,2,,,,,miss,miss,2,2,correct,correct
2,MTR_066,noise_q1,0.25,95,in_seg,1,4,2,,,,,miss,miss,2,2,correct,correct
2,MTR_066,noise_q1,0.25,96,in_seg,1,5,1,,,,,miss,miss,1,1,correct,correct
2,MTR_066,noise_q1,0.25,97,effusion,2,-1,7,,,,,,,none,none,,
2,MTR_066,noise_q1,0.25,98,effusion,2,-1,7,,,,,,,none,none,,
2,MTR_066,noise_q2,0.05,90,in_seg,0,1,6,,,,,miss,miss,6,5,correct,correct
2,MTR_066,noise_q2,0.05,91,in_seg,0,1,5,,,,,miss,miss,5,5,correct,correct
2,MTR_066,noise_q2,0.05,92,in_seg,1,6,4,,,,,miss,miss,4,3,correct,correct
2,MTR_066,noise_q2,0.05,93,in_seg,1,4,2,,,,,miss,miss,2,2,correct,correct
2,MTR_066,noise_q2,0.05,94,in_seg,1,4,2,,,,,miss,miss,2,2,correct,correct
2,MTR_066,noise_q2,0.05,95,in_seg,1,4,2,,,,,miss,miss,2,2,correct,correct
2,MTR_066,noise_q2,0.05,96,in_seg,1,5,1,,,,,miss,miss,1,1,correct,correct
2,MTR_066,noise_q2,0.05,97,effusion,2,-1,7,,,,,,,none,none,,
2,MTR_066,noise_q2,0.05,98,effusion,2,-1,7,,,,,,,none,none,,
2,MTR_066,noise_q2,0.1,90,in_seg,0,1,6,,,,,miss,miss,6,5,correct,correct
2,MTR_066,noise_q2,0.1,91,in_seg,0,1,5,,,,,miss,miss,5,5,correct,correct
2,MTR_066,noise_q2,0.1,92,in_seg,1,6,4,,,,,miss,miss,4,3,correct,correct
2,MTR_066,noise_q2,0.1,93,in_seg,1,4,2,,,,,miss,miss,2,2,correct,correct
2,MTR_066,noise_q2,0.1,94,in_seg,1,4,2,,,,,miss,miss,2,2,correct,correct
2,MTR_066,noise_q2,0.1,95,in_seg,1,4,2,,,,,miss,miss,2,2,correct,correct
2,MTR_066,noise_q2,0.1,96,in_seg,1,5,1,,,,,miss,miss,1,1,correct,correct
2,MTR_066,noise_q2,0.1,97,effusion,2,-1,7,,,,,,,none,none,,
2,MTR_066,noise_q2,0.1,98,effusion,2,-1,7,,,,,,,none,none,,
2,MTR_066,noise_q2,0.25,90,in_seg,0,1,6,,,,,miss,miss,6,5,correct,correct
2,MTR_066,noise_q2,0.25,91,in_seg,0,1,5,,,,,miss,miss,5,5,correct,correct
2,MTR_066,noise_q2,0.25,92,in_seg,1,6,4,,,,,miss,miss,4,3,correct,correct
2,MTR_066,noise_q2,0.25,93,in_seg,1,4,2,,,,,miss,miss,2,2,correct,correct
2,MTR_066,noise_q2,0.25,94,in_seg,1,4,2,,,,,miss,miss,2,2,correct,correct
2,MTR_066,noise_q2,0.25,95,in_seg,1,4,2,,,,,miss,miss,2,2,correct,correct
2,MTR_066,noise_q2,0.25,96,in_seg,1,5,1,,,,,miss,miss,1,1,correct,correct
2,MTR_066,noise_q2,0.25,97,effusion,2,-1,7,,,,,,,none,none,,
2,MTR_066,noise_q2,0.25,98,effusion,2,-1,7,,,,,,,none,none,,
2,MTR_066,noise_q3,0.05,90,in_seg,0,1,6,,,,,miss,miss,6,5,correct,correct
2,MTR_066,noise_q3,0.05,91,in_seg,0,1,5,,,,,miss,miss,5,5,correct,correct
2,MTR_066,noise_q3,0.05,92,in_seg,1,6,4,,,,,miss,miss,4,3,correct,correct
2,MTR_066,noise_q3,0.05,93,in_seg,1,4,2,,,,,miss,miss,2,2,correct,correct
2,MTR_066,noise_q3,0.05,94,in_seg,1,4,2,,,,,miss,miss,2,2,correct,correct
2,MTR_066,noise_q3,0.05,95,in_seg,1,4,2,,,,,miss,miss,2,2,correct,correct
2,MTR_066,noise_q3,0.05,96,in_seg,1,5,1,,,,,miss,miss,1,1,correct,correct
2,MTR_066,noise_q3,0.05,97,effusion,2,-1,7,,,,,,,none,none,,
2,MTR_066,noise_q3,0.05,98,effusion,2,-1,7,,,,,,,none,none,,
2,MTR_066,noise_q3,0.1,90,in_seg,0,1,6,,,,,miss,miss,6,5,correct,correct
2,MTR_066,noise_q3,0.1,91,in_seg,0,1,5,,,,,miss,miss,5,5,correct,correct
2,MTR_066,noise_q3,0.1,92,in_seg,1,6,4,,,,,miss,miss,4,3,correct,correct
2,MTR_066,noise_q3,0.1,93,in_seg,1,4,2,,,,,miss,miss,2,2,correct,correct
2,MTR_066,noise_q3,0.1,94,in_seg,1,4,2,,,,,miss,miss,2,2,correct,correct
2,MTR_066,noise_q3,0.1,95,in_seg,1,4,2,,,,,miss,miss,2,2,correct,correct
2,MTR_066,noise_q3,0.1,96,in_seg,1,5,1,,,,,miss,miss,1,1,correct,correct
2,MTR_066,noise_q3,0.1,97,effusion,2,-1,7,,,,,,,none,none,,
2,MTR_066,noise_q3,0.1,98,effusion,2,-1,7,,,,,,,none,none,,
2,MTR_066,noise_q3,0.25,90,in_seg,0,1,6,,,,,miss,miss,6,5,correct,correct
2,MTR_066,noise_q3,0.25,91,in_seg,0,1,5,,,,,miss,miss,5,5,correct,correct
2,MTR_066,noise_q3,0.25,92,in_seg,1,6,4,,,,,miss,miss,4,3,correct,correct
2,MTR_066,noise_q3,0.25,93,in_seg,1,4,2,,,,,miss,miss,2,2,correct,correct
2,MTR_066,noise_q3,0.25,94,in_seg,1,4,2,,,,,miss,miss,2,2,correct,correct
2,MTR_066,noise_q3,0.25,95,in_seg,1,4,2,,,,,miss,miss,2,2,correct,correct
2,MTR_066,noise_q3,0.25,96,in_seg,1,5,1,,,,,miss,miss,1,1,correct,correct
2,MTR_066,noise_q3,0.25,97,effusion,2,-1,7,,,,,,,none,none,,
2,MTR_066,noise_q3,0.25,98,effusion,2,-1,7,,,,,,,none,none,,
2,MTR_066,us4,0.05,90,in_seg,0,1,6,,,,,miss,miss,6,5,correct,correct
2,MTR_066,us4,0.05,91,in_seg,0,1,5,,,,,miss,miss,5,5,correct,correct
2,MTR_066,us4,0.05,92,in_seg,1,6,4,,,,,miss,miss,4,3,correct,correct
2,MTR_066,us4,0.05,93,in_seg,1,4,2,,,,,miss,miss,2,2,correct,correct
2,MTR_066,us4,0.05,94,in_seg,1,4,2,,,,,miss,miss,2,2,correct,correct
2,MTR_066,us4,0.05,95,in_seg,1,4,2,,,,,miss,miss,2,2,correct,correct
2,MTR_066,us4,0.05,96,in_seg,1,5,1,,,,,miss,miss,1,1,correct,correct
2,MTR_066,us4,0.05,97,effusion,2,-1,7,,,,,,,none,none,,
2,MTR_066,us4,0.05,98,effusion,2,-1,7,,,,,,,none,none,,
2,MTR_066,us4,0.1,90,in_seg,0,1,6,,,,,miss,miss,6,5,correct,correct
2,MTR_066,us4,0.1,91,in_seg,0,1,5,,,,,miss,miss,5,5,correct,correct
2,MTR_066,us4,0.1,92,in_seg,1,6,4,,,,,miss,miss,4,3,correct,correct
2,MTR_066,us4,0.1,93,in_seg,1,4,2,,,,,miss,miss,2,2,correct,correct
2,MTR_066,us4,0.1,94,in_seg,1,4,2,,,,,miss,miss,2,2,correct,correct
2,MTR_066,us4,0.1,95,in_seg,1,4,2,,,,,miss,miss,2,2,correct,correct
2,MTR_066,us4,0.1,96,in_seg,1,5,1,,,,,miss,miss,1,1,correct,correct
2,MTR_066,us4,0.1,97,effusion,2,-1,7,,,,,,,none,none,,
2,MTR_066,us4,0.1,98,effusion,2,-1,7,,,,,,,none,none,,
2,MTR_066,us4,0.25,90,in_seg,0,1,6,,,,,miss,miss,6,5,correct,correct
2,MTR_066,us4,0.25,91,in_seg,0,1,5,,,,,miss,miss,5,5,correct,correct
2,MTR_066,us4,0.25,92,in_seg,1,6,4,,,,,miss,miss,4,3,correct,correct
2,MTR_066,us4,0.25,93,in_seg,1,4,2,,,,,miss,miss,2,2,correct,correct
2,MTR_066,us4,0.25,94,in_seg,1,4,2,,,,,miss,miss,2,2,correct,correct
2,MTR_066,us4,0.25,95,in_seg,1,4,2,,,,,miss,miss,2,2,correct,correct
2,MTR_066,us4,0.25,96,in_seg,1,5,1,,,,,miss,miss,1,1,correct,correct
2,MTR_066,us4,0.25,97,effusion,2,-1,7,,,,,,,none,none,,
2,MTR_066,us4,0.25,98,effusion,2,-1,7,,,,,,,none,none,,
2,MTR_066,us8,0.05,90,in_seg,0,1,6,,,,,miss,miss,6,5,correct,correct
2,MTR_066,us8,0.05,91,in_seg,0,1,5,,,,,miss,miss,5,5,correct,correct
2,MTR_066,us8,0.05,92,in_seg,1,6,4,,,,,miss,miss,4,3,correct,correct
2,MTR_066,us8,0.05,93,in_seg,1,4,2,,,,,miss,miss,2,2,correct,correct
2,MTR_066,us8,0.05,94,in_seg,1,4,2,,,,,miss,miss,2,2,correct,correct
2,MTR_066,us8,0.05,95,in_seg,1,4,2,,,,,miss,miss,2,2,correct,correct
2,MTR_066,us8,0.05,96,in_seg,1,5,1,,,,,miss,miss,1,1,correct,correct
2,MTR_066,us8,0.05,97,effusion,2,-1,7,,,,,,,none,none,,
2,MTR_066,us8,0.05,98,effusion,2,-1,7,,,,,,,none,none,,
2,MTR_066,us8,0.1,90,in_seg,0,1,6,,,,,miss,miss,6,5,correct,correct
2,MTR_066,us8,0.1,91,in_seg,0,1,5,,,,,miss,miss,5,5,correct,correct
2,MTR_066,us8,0.1,92,in_seg,1,6,4,,,,,miss,miss,4,3,correct,correct
2,MTR_066,us8,0.1,93,in_seg,1,4,2,,,,,miss,miss,2,2,correct,correct
2,MTR_066,us8,0.1,94,in_seg,1,4,2,,,,,miss,miss,2,2,correct,correct
2,MTR_066,us8,0.1,95,in_seg,1,4,2,,,,,miss,miss,2,2,correct,correct
2,MTR_066,us8,0.1,96,in_seg,1,5,1,,,,,miss,miss,1,1,correct,correct
2,MTR_066,us8,0.1,97,effusion,2,-1,7,,,,,,,none,none,,
2,MTR_066,us8,0.1,98,effusion,2,-1,7,,,,,,,none,none,,
2,MTR_066,us8,0.25,90,in_seg,0,1,6,,,,,miss,miss,6,5,correct,correct
2,MTR_066,us8,0.25,91,in_seg,0,1,5,,,,,miss,miss,5,5,correct,correct
2,MTR_066,us8,0.25,92,in_seg,1,6,4,,,,,miss,miss,4,3,correct,correct
2,MTR_066,us8,0.25,93,in_seg,1,4,2,,,,,miss,miss,2,2,correct,correct
2,MTR_066,us8,0.25,94,in_seg,1,4,2,,,,,miss,miss,2,2,correct,correct
2,MTR_066,us8,0.25,95,in_seg,1,4,2,,,,,miss,miss,2,2,correct,correct
2,MTR_066,us8,0.25,96,in_seg,1,5,1,,,,,miss,miss,1,1,correct,correct
2,MTR_066,us8,0.25,97,effusion,2,-1,7,,,,,,,none,none,,
2,MTR_066,us8,0.25,98,effusion,2,-1,7,,,,,,,none,none,,
2,MTR_066,us16,0.05,90,in_seg,0,1,6,,,,,miss,miss,6,5,correct,correct
2,MTR_066,us16,0.05,91,in_seg,0,1,5,,,,,miss,miss,5,5,correct,correct
2,MTR_066,us16,0.05,92,in_seg,1,6,4,,,,,miss,miss,4,3,correct,correct
2,MTR_066,us16,0.05,93,in_seg,1,4,2,,,,,miss,miss,2,2,correct,correct
2,MTR_066,us16,0.05,94,in_seg,1,4,2,,,,,miss,miss,2,2,correct,correct
2,MTR_066,us16,0.05,95,in_seg,1,4,2,,,,,miss,miss,2,2,correct,correct
2,MTR_066,us16,0.05,96,in_seg,1,5,1,,,,,miss,miss,1,1,correct,correct
2,MTR_066,us16,0.05,97,effusion,2,-1,7,,,,,,,none,none,,
2,MTR_066,us16,0.05,98,effusion,2,-1,7,,,,,,,none,none,,
2,MTR_066,us16,0.1,90,in_seg,0,1,6,,,,,miss,miss,6,5,correct,correct
2,MTR_066,us16,0.1,91,in_seg,0,1,5,,,,,miss,miss,5,5,correct,correct
2,MTR_066,us16,0.1,92,in_seg,1,6,4,,,,,miss,miss,4,3,correct,correct
2,MTR_066,us16,0.1,93,in_seg,1,4,2,,,,,miss,miss,2,2,correct,correct
2,MTR_066,us16,0.1,94,in_seg,1,4,2,,,,,miss,miss,2,2,correct,correct
2,MTR_066,us16,0.1,95,in_seg,1,4,2,,,,,miss,miss,2,2,correct,correct
2,MTR_066,us16,0.1,96,in_seg,1,5,1,,,,,miss,miss,1,1,correct,correct
2,MTR_066,us16,0.1,97,effusion,2,-1,7,,,,,,,none,none,,
2,MTR_066,us16,0.1,98,effusion,2,-1,7,,,,,,,none,none,,
2,MTR_066,us16,0.25,90,in_seg,0,1,6,,,,,miss,miss,6,5,correct,correct
2,MTR_066,us16,0.25,91,in_seg,0,1,5,,,,,miss,miss,5,5,correct,correct
2,MTR_066,us16,0.25,92,in_seg,1,6,4,,,,,miss,miss,4,3,correct,correct
2,MTR_066,us16,0.25,93,in_seg,1,4,2,,,,,miss,miss,2,2,correct,correct
2,MTR_066,us16,0.25,94,in_seg,1,4,2,,,,,miss,miss,2,2,correct,correct
2,MTR_066,us16,0.25,95,in_seg,1,4,2,,,,,miss,miss,2,2,correct,correct
2,MTR_066,us16,0.25,96,in_seg,1,5,1,,,,,miss,miss,1,1,correct,correct
2,MTR_066,us16,0.25,97,effusion,2,-1,7,,,,,,,none,none,,
2,MTR_066,us16,0.25,98,effusion,2,-1,7,,,,,,,none,none,,
0,MTR_069,clean,0.05,31,in_seg,0,1,6,,,,,miss,miss,6,6,correct,correct
0,MTR_069,clean,0.05,32,in_seg,0,1,5,,,,,miss,miss,5,5,correct,correct
0,MTR_069,clean,0.05,33,in_seg,1,4,2,,,,,miss,miss,2,1,correct,wrong_host
0,MTR_069,clean,0.1,31,in_seg,0,1,6,,,,,miss,miss,6,6,correct,correct
0,MTR_069,clean,0.1,32,in_seg,0,1,5,,,,,miss,miss,5,5,correct,correct
0,MTR_069,clean,0.1,33,in_seg,1,4,2,,,,,miss,miss,2,1,correct,wrong_host
0,MTR_069,clean,0.25,31,in_seg,0,1,6,,,,,miss,miss,6,6,correct,correct
0,MTR_069,clean,0.25,32,in_seg,0,1,5,,,,,miss,miss,5,5,correct,correct
0,MTR_069,clean,0.25,33,in_seg,1,4,2,,,,,miss,miss,2,1,correct,wrong_host
0,MTR_069,noise_q1,0.05,31,in_seg,0,1,6,,,,,miss,miss,6,6,correct,correct
0,MTR_069,noise_q1,0.05,32,in_seg,0,1,5,,,,,miss,miss,5,5,correct,correct
0,MTR_069,noise_q1,0.05,33,in_seg,1,4,2,,,,,miss,miss,2,1,correct,wrong_host
0,MTR_069,noise_q1,0.1,31,in_seg,0,1,6,,,,,miss,miss,6,6,correct,correct
0,MTR_069,noise_q1,0.1,32,in_seg,0,1,5,,,,,miss,miss,5,5,correct,correct
0,MTR_069,noise_q1,0.1,33,in_seg,1,4,2,,,,,miss,miss,2,1,correct,wrong_host
0,MTR_069,noise_q1,0.25,31,in_seg,0,1,6,,,,,miss,miss,6,6,correct,correct
0,MTR_069,noise_q1,0.25,32,in_seg,0,1,5,,,,,miss,miss,5,5,correct,correct
0,MTR_069,noise_q1,0.25,33,in_seg,1,4,2,,,,,miss,miss,2,1,correct,wrong_host
0,MTR_069,noise_q2,0.05,31,in_seg,0,1,6,,,,,miss,miss,6,6,correct,correct
0,MTR_069,noise_q2,0.05,32,in_seg,0,1,5,,,,,miss,miss,5,5,correct,correct
0,MTR_069,noise_q2,0.05,33,in_seg,1,4,2,,,,,miss,miss,2,1,correct,wrong_host
0,MTR_069,noise_q2,0.1,31,in_seg,0,1,6,,,,,miss,miss,6,6,correct,correct
0,MTR_069,noise_q2,0.1,32,in_seg,0,1,5,,,,,miss,miss,5,5,correct,correct
0,MTR_069,noise_q2,0.1,33,in_seg,1,4,2,,,,,miss,miss,2,1,correct,wrong_host
0,MTR_069,noise_q2,0.25,31,in_seg,0,1,6,,,,,miss,miss,6,6,correct,correct
0,MTR_069,noise_q2,0.25,32,in_seg,0,1,5,,,,,miss,miss,5,5,correct,correct
0,MTR_069,noise_q2,0.25,33,in_seg,1,4,2,,,,,miss,miss,2,1,correct,wrong_host
0,MTR_069,noise_q3,0.05,31,in_seg,0,1,6,,,,,miss,miss,6,6,correct,correct
0,MTR_069,noise_q3,0.05,32,in_seg,0,1,5,,,,,miss,miss,5,5,correct,correct
0,MTR_069,noise_q3,0.05,33,in_seg,1,4,2,,,,,miss,miss,2,1,correct,wrong_host
0,MTR_069,noise_q3,0.1,31,in_seg,0,1,6,,,,,miss,miss,6,6,correct,correct
0,MTR_069,noise_q3,0.1,32,in_seg,0,1,5,,,,,miss,miss,5,5,correct,correct
0,MTR_069,noise_q3,0.1,33,in_seg,1,4,2,,,,,miss,miss,2,1,correct,wrong_host
0,MTR_069,noise_q3,0.25,31,in_seg,0,1,6,,,,,miss,miss,6,6,correct,correct
0,MTR_069,noise_q3,0.25,32,in_seg,0,1,5,,,,,miss,miss,5,5,correct,correct
0,MTR_069,noise_q3,0.25,33,in_seg,1,4,2,,,,,miss,miss,2,1,correct,wrong_host
0,MTR_069,us4,0.05,31,in_seg,0,1,6,,,,,miss,miss,6,6,correct,correct
0,MTR_069,us4,0.05,32,in_seg,0,1,5,,,,,miss,miss,5,5,correct,correct
0,MTR_069,us4,0.05,33,in_seg,1,4,2,,,,,miss,miss,2,1,correct,wrong_host
0,MTR_069,us4,0.1,31,in_seg,0,1,6,,,,,miss,miss,6,6,correct,correct
0,MTR_069,us4,0.1,32,in_seg,0,1,5,,,,,miss,miss,5,5,correct,correct
0,MTR_069,us4,0.1,33,in_seg,1,4,2,,,,,miss,miss,2,1,correct,wrong_host
0,MTR_069,us4,0.25,31,in_seg,0,1,6,,,,,miss,miss,6,6,correct,correct
0,MTR_069,us4,0.25,32,in_seg,0,1,5,,,,,miss,miss,5,5,correct,correct
0,MTR_069,us4,0.25,33,in_seg,1,4,2,,,,,miss,miss,2,1,correct,wrong_host
0,MTR_069,us8,0.05,31,in_seg,0,1,6,,,,,miss,miss,6,6,correct,correct
0,MTR_069,us8,0.05,32,in_seg,0,1,5,,,,,miss,miss,5,6,correct,correct
0,MTR_069,us8,0.05,33,in_seg,1,4,2,,,,,miss,miss,2,2,correct,correct
0,MTR_069,us8,0.1,31,in_seg,0,1,6,,,,,miss,miss,6,6,correct,correct
0,MTR_069,us8,0.1,32,in_seg,0,1,5,,,,,miss,miss,5,6,correct,correct
0,MTR_069,us8,0.1,33,in_seg,1,4,2,,,,,miss,miss,2,2,correct,correct
0,MTR_069,us8,0.25,31,in_seg,0,1,6,,,,,miss,miss,6,6,correct,correct
0,MTR_069,us8,0.25,32,in_seg,0,1,5,,,,,miss,miss,5,6,correct,correct
0,MTR_069,us8,0.25,33,in_seg,1,4,2,,,,,miss,miss,2,2,correct,correct
0,MTR_069,us16,0.05,31,in_seg,0,1,6,,,,,miss,miss,6,6,correct,correct
0,MTR_069,us16,0.05,32,in_seg,0,1,5,,,,,miss,miss,5,6,correct,correct
0,MTR_069,us16,0.05,33,in_seg,1,4,2,,,,,miss,miss,2,2,correct,correct
0,MTR_069,us16,0.1,31,in_seg,0,1,6,,,,,miss,miss,6,6,correct,correct
0,MTR_069,us16,0.1,32,in_seg,0,1,5,,,,,miss,miss,5,6,correct,correct
0,MTR_069,us16,0.1,33,in_seg,1,4,2,,,,,miss,miss,2,2,correct,correct
0,MTR_069,us16,0.25,31,in_seg,0,1,6,,,,,miss,miss,6,6,correct,correct
0,MTR_069,us16,0.25,32,in_seg,0,1,5,,,,,miss,miss,5,6,correct,correct
0,MTR_069,us16,0.25,33,in_seg,1,4,2,,,,,miss,miss,2,2,correct,correct
0,MTR_071,clean,0.05,34,in_seg,1,5,1,,,,,miss,miss,1,1,correct,correct
0,MTR_071,clean,0.05,35,in_seg,1,6,4,,,,,miss,miss,4,2,correct,wrong_host
0,MTR_071,clean,0.1,34,in_seg,1,5,1,,,,,miss,miss,1,1,correct,correct
0,MTR_071,clean,0.1,35,in_seg,1,6,4,,,,,miss,miss,4,2,correct,wrong_host
0,MTR_071,clean,0.25,34,in_seg,1,5,1,,,,,miss,miss,1,1,correct,correct
0,MTR_071,clean,0.25,35,in_seg,1,6,4,,,,,miss,miss,4,2,correct,wrong_host
0,MTR_071,noise_q1,0.05,34,in_seg,1,5,1,,,,,miss,miss,1,1,correct,correct
0,MTR_071,noise_q1,0.05,35,in_seg,1,6,4,,,,,miss,miss,4,2,correct,wrong_host
0,MTR_071,noise_q1,0.1,34,in_seg,1,5,1,,,,,miss,miss,1,1,correct,correct
0,MTR_071,noise_q1,0.1,35,in_seg,1,6,4,,,,,miss,miss,4,2,correct,wrong_host
0,MTR_071,noise_q1,0.25,34,in_seg,1,5,1,,,,,miss,miss,1,1,correct,correct
0,MTR_071,noise_q1,0.25,35,in_seg,1,6,4,,,,,miss,miss,4,2,correct,wrong_host
0,MTR_071,noise_q2,0.05,34,in_seg,1,5,1,,,,,miss,miss,1,1,correct,correct
0,MTR_071,noise_q2,0.05,35,in_seg,1,6,4,,,,,miss,miss,4,2,correct,wrong_host
0,MTR_071,noise_q2,0.1,34,in_seg,1,5,1,,,,,miss,miss,1,1,correct,correct
0,MTR_071,noise_q2,0.1,35,in_seg,1,6,4,,,,,miss,miss,4,2,correct,wrong_host
0,MTR_071,noise_q2,0.25,34,in_seg,1,5,1,,,,,miss,miss,1,1,correct,correct
0,MTR_071,noise_q2,0.25,35,in_seg,1,6,4,,,,,miss,miss,4,2,correct,wrong_host
0,MTR_071,noise_q3,0.05,34,in_seg,1,5,1,,,,,miss,miss,1,1,correct,correct
0,MTR_071,noise_q3,0.05,35,in_seg,1,6,4,,,,,miss,miss,4,2,correct,wrong_host
0,MTR_071,noise_q3,0.1,34,in_seg,1,5,1,,,,,miss,miss,1,1,correct,correct
0,MTR_071,noise_q3,0.1,35,in_seg,1,6,4,,,,,miss,miss,4,2,correct,wrong_host
0,MTR_071,noise_q3,0.25,34,in_seg,1,5,1,,,,,miss,miss,1,1,correct,correct
0,MTR_071,noise_q3,0.25,35,in_seg,1,6,4,,,,,miss,miss,4,2,correct,wrong_host
0,MTR_071,us4,0.05,34,in_seg,1,5,1,,,,,miss,miss,1,1,correct,correct
0,MTR_071,us4,0.05,35,in_seg,1,6,4,,,,,miss,miss,4,2,correct,wrong_host
0,MTR_071,us4,0.1,34,in_seg,1,5,1,,,,,miss,miss,1,1,correct,correct
0,MTR_071,us4,0.1,35,in_seg,1,6,4,,,,,miss,miss,4,2,correct,wrong_host
0,MTR_071,us4,0.25,34,in_seg,1,5,1,,,,,miss,miss,1,1,correct,correct
0,MTR_071,us4,0.25,35,in_seg,1,6,4,,,,,miss,miss,4,2,correct,wrong_host
0,MTR_071,us8,0.05,34,in_seg,1,5,1,,,,,miss,miss,1,1,correct,correct
0,MTR_071,us8,0.05,35,in_seg,1,6,4,,,,,miss,miss,4,2,correct,wrong_host
0,MTR_071,us8,0.1,34,in_seg,1,5,1,,,,,miss,miss,1,1,correct,correct
0,MTR_071,us8,0.1,35,in_seg,1,6,4,,,,,miss,miss,4,2,correct,wrong_host
0,MTR_071,us8,0.25,34,in_seg,1,5,1,,,,,miss,miss,1,1,correct,correct
0,MTR_071,us8,0.25,35,in_seg,1,6,4,,,,,miss,miss,4,2,correct,wrong_host
0,MTR_071,us16,0.05,34,in_seg,1,5,1,,,,,miss,miss,1,1,correct,correct
0,MTR_071,us16,0.05,35,in_seg,1,6,4,,,,,miss,miss,4,2,correct,wrong_host
0,MTR_071,us16,0.1,34,in_seg,1,5,1,,,,,miss,miss,1,1,correct,correct
0,MTR_071,us16,0.1,35,in_seg,1,6,4,,,,,miss,miss,4,2,correct,wrong_host
0,MTR_071,us16,0.25,34,in_seg,1,5,1,,,,,miss,miss,1,1,correct,correct
0,MTR_071,us16,0.25,35,in_seg,1,6,4,,,,,miss,miss,4,2,correct,wrong_host
0,MTR_077,clean,0.05,110,effusion,2,-1,7,,,,,,,none,none,,
0,MTR_077,clean,0.1,110,effusion,2,-1,7,,,,,,,none,none,,
0,MTR_077,clean,0.25,110,effusion,2,-1,7,,,,,,,none,none,,
0,MTR_077,noise_q1,0.05,110,effusion,2,-1,7,,,,,,,none,none,,
0,MTR_077,noise_q1,0.1,110,effusion,2,-1,7,,,,,,,none,none,,
0,MTR_077,noise_q1,0.25,110,effusion,2,-1,7,,,,,,,none,none,,
0,MTR_077,noise_q2,0.05,110,effusion,2,-1,7,,,,,,,none,none,,
0,MTR_077,noise_q2,0.1,110,effusion,2,-1,7,,,,,,,none,none,,
0,MTR_077,noise_q2,0.25,110,effusion,2,-1,7,,,,,,,none,none,,
0,MTR_077,noise_q3,0.05,110,effusion,2,-1,7,,,,,,,none,none,,
0,MTR_077,noise_q3,0.1,110,effusion,2,-1,7,,,,,,,none,none,,
0,MTR_077,noise_q3,0.25,110,effusion,2,-1,7,,,,,,,none,none,,
0,MTR_077,us4,0.05,110,effusion,2,-1,7,,,,,,,none,none,,
0,MTR_077,us4,0.1,110,effusion,2,-1,7,,,,,,,none,none,,
0,MTR_077,us4,0.25,110,effusion,2,-1,7,,,,,,,none,none,,
0,MTR_077,us8,0.05,110,effusion,2,-1,7,,,,,,,none,none,,
0,MTR_077,us8,0.1,110,effusion,2,-1,7,,,,,,,none,none,,
0,MTR_077,us8,0.25,110,effusion,2,-1,7,,,,,,,none,none,,
0,MTR_077,us16,0.05,110,effusion,2,-1,7,,,,,,,none,none,,
0,MTR_077,us16,0.1,110,effusion,2,-1,7,,,,,,,none,none,,
0,MTR_077,us16,0.25,110,effusion,2,-1,7,,,,,,,none,none,,
2,MTR_079,clean,0.05,99,in_seg,0,1,5,,,,,miss,miss,5,5,correct,correct
2,MTR_079,clean,0.05,100,ligament,3,2,0,,,,,,,unknown,unknown,,
2,MTR_079,clean,0.05,101,in_seg,1,5,1,,,,,miss,miss,1,1,correct,correct
2,MTR_079,clean,0.05,102,effusion,2,-1,7,,,,,,,none,none,,
2,MTR_079,clean,0.1,99,in_seg,0,1,5,,,,,miss,miss,5,5,correct,correct
2,MTR_079,clean,0.1,100,ligament,3,2,0,,,,,,,unknown,unknown,,
2,MTR_079,clean,0.1,101,in_seg,1,5,1,,,,,miss,miss,1,1,correct,correct
2,MTR_079,clean,0.1,102,effusion,2,-1,7,,,,,,,none,none,,
2,MTR_079,clean,0.25,99,in_seg,0,1,5,,,,,miss,miss,5,5,correct,correct
2,MTR_079,clean,0.25,100,ligament,3,2,0,,,,,,,unknown,unknown,,
2,MTR_079,clean,0.25,101,in_seg,1,5,1,,,,,miss,miss,1,1,correct,correct
2,MTR_079,clean,0.25,102,effusion,2,-1,7,,,,,,,none,none,,
2,MTR_079,noise_q1,0.05,99,in_seg,0,1,5,,,,,miss,miss,5,5,correct,correct
2,MTR_079,noise_q1,0.05,100,ligament,3,2,0,,,,,,,unknown,unknown,,
2,MTR_079,noise_q1,0.05,101,in_seg,1,5,1,,,,,miss,miss,1,1,correct,correct
2,MTR_079,noise_q1,0.05,102,effusion,2,-1,7,,,,,,,none,none,,
2,MTR_079,noise_q1,0.1,99,in_seg,0,1,5,,,,,miss,miss,5,5,correct,correct
2,MTR_079,noise_q1,0.1,100,ligament,3,2,0,,,,,,,unknown,unknown,,
2,MTR_079,noise_q1,0.1,101,in_seg,1,5,1,,,,,miss,miss,1,1,correct,correct
2,MTR_079,noise_q1,0.1,102,effusion,2,-1,7,,,,,,,none,none,,
2,MTR_079,noise_q1,0.25,99,in_seg,0,1,5,,,,,miss,miss,5,5,correct,correct
2,MTR_079,noise_q1,0.25,100,ligament,3,2,0,,,,,,,unknown,unknown,,
2,MTR_079,noise_q1,0.25,101,in_seg,1,5,1,,,,,miss,miss,1,1,correct,correct
2,MTR_079,noise_q1,0.25,102,effusion,2,-1,7,,,,,,,none,none,,
2,MTR_079,noise_q2,0.05,99,in_seg,0,1,5,,,,,miss,miss,5,6,correct,correct
2,MTR_079,noise_q2,0.05,100,ligament,3,2,0,,,,,,,unknown,unknown,,
2,MTR_079,noise_q2,0.05,101,in_seg,1,5,1,,,,,miss,miss,1,1,correct,correct
2,MTR_079,noise_q2,0.05,102,effusion,2,-1,7,,,,,,,none,none,,
2,MTR_079,noise_q2,0.1,99,in_seg,0,1,5,,,,,miss,miss,5,6,correct,correct
2,MTR_079,noise_q2,0.1,100,ligament,3,2,0,,,,,,,unknown,unknown,,
2,MTR_079,noise_q2,0.1,101,in_seg,1,5,1,,,,,miss,miss,1,1,correct,correct
2,MTR_079,noise_q2,0.1,102,effusion,2,-1,7,,,,,,,none,none,,
2,MTR_079,noise_q2,0.25,99,in_seg,0,1,5,,,,,miss,miss,5,6,correct,correct
2,MTR_079,noise_q2,0.25,100,ligament,3,2,0,,,,,,,unknown,unknown,,
2,MTR_079,noise_q2,0.25,101,in_seg,1,5,1,,,,,miss,miss,1,1,correct,correct
2,MTR_079,noise_q2,0.25,102,effusion,2,-1,7,,,,,,,none,none,,
2,MTR_079,noise_q3,0.05,99,in_seg,0,1,5,,,,,miss,miss,5,6,correct,correct
2,MTR_079,noise_q3,0.05,100,ligament,3,2,0,,,,,,,unknown,unknown,,
2,MTR_079,noise_q3,0.05,101,in_seg,1,5,1,,,,,miss,miss,1,1,correct,correct
2,MTR_079,noise_q3,0.05,102,effusion,2,-1,7,,,,,,,none,none,,
2,MTR_079,noise_q3,0.1,99,in_seg,0,1,5,,,,,miss,miss,5,6,correct,correct
2,MTR_079,noise_q3,0.1,100,ligament,3,2,0,,,,,,,unknown,unknown,,
2,MTR_079,noise_q3,0.1,101,in_seg,1,5,1,,,,,miss,miss,1,1,correct,correct
2,MTR_079,noise_q3,0.1,102,effusion,2,-1,7,,,,,,,none,none,,
2,MTR_079,noise_q3,0.25,99,in_seg,0,1,5,,,,,miss,miss,5,6,correct,correct
2,MTR_079,noise_q3,0.25,100,ligament,3,2,0,,,,,,,unknown,unknown,,
2,MTR_079,noise_q3,0.25,101,in_seg,1,5,1,,,,,miss,miss,1,1,correct,correct
2,MTR_079,noise_q3,0.25,102,effusion,2,-1,7,,,,,,,none,none,,
2,MTR_079,us4,0.05,99,in_seg,0,1,5,,,,,miss,miss,5,6,correct,correct
2,MTR_079,us4,0.05,100,ligament,3,2,0,,,,,,,unknown,unknown,,
2,MTR_079,us4,0.05,101,in_seg,1,5,1,,,,,miss,miss,1,1,correct,correct
2,MTR_079,us4,0.05,102,effusion,2,-1,7,,,,,,,none,none,,
2,MTR_079,us4,0.1,99,in_seg,0,1,5,,,,,miss,miss,5,6,correct,correct
2,MTR_079,us4,0.1,100,ligament,3,2,0,,,,,,,unknown,unknown,,
2,MTR_079,us4,0.1,101,in_seg,1,5,1,,,,,miss,miss,1,1,correct,correct
2,MTR_079,us4,0.1,102,effusion,2,-1,7,,,,,,,none,none,,
2,MTR_079,us4,0.25,99,in_seg,0,1,5,,,,,miss,miss,5,6,correct,correct
2,MTR_079,us4,0.25,100,ligament,3,2,0,,,,,,,unknown,unknown,,
2,MTR_079,us4,0.25,101,in_seg,1,5,1,,,,,miss,miss,1,1,correct,correct
2,MTR_079,us4,0.25,102,effusion,2,-1,7,,,,,,,none,none,,
2,MTR_079,us8,0.05,99,in_seg,0,1,5,,,,,miss,miss,5,6,correct,correct
2,MTR_079,us8,0.05,100,ligament,3,2,0,,,,,,,unknown,unknown,,
2,MTR_079,us8,0.05,101,in_seg,1,5,1,,,,,miss,miss,1,1,correct,correct
2,MTR_079,us8,0.05,102,effusion,2,-1,7,,,,,,,none,none,,
2,MTR_079,us8,0.1,99,in_seg,0,1,5,,,,,miss,miss,5,6,correct,correct
2,MTR_079,us8,0.1,100,ligament,3,2,0,,,,,,,unknown,unknown,,
2,MTR_079,us8,0.1,101,in_seg,1,5,1,,,,,miss,miss,1,1,correct,correct
2,MTR_079,us8,0.1,102,effusion,2,-1,7,,,,,,,none,none,,
2,MTR_079,us8,0.25,99,in_seg,0,1,5,,,,,miss,miss,5,6,correct,correct
2,MTR_079,us8,0.25,100,ligament,3,2,0,,,,,,,unknown,unknown,,
2,MTR_079,us8,0.25,101,in_seg,1,5,1,,,,,miss,miss,1,1,correct,correct
2,MTR_079,us8,0.25,102,effusion,2,-1,7,,,,,,,none,none,,
2,MTR_079,us16,0.05,99,in_seg,0,1,5,,,,,miss,miss,5,6,correct,correct
2,MTR_079,us16,0.05,100,ligament,3,2,0,,,,,,,unknown,unknown,,
2,MTR_079,us16,0.05,101,in_seg,1,5,1,,,,,miss,miss,1,1,correct,correct
2,MTR_079,us16,0.05,102,effusion,2,-1,7,,,,,,,none,none,,
2,MTR_079,us16,0.1,99,in_seg,0,1,5,,,,,miss,miss,5,6,correct,correct
2,MTR_079,us16,0.1,100,ligament,3,2,0,,,,,,,unknown,unknown,,
2,MTR_079,us16,0.1,101,in_seg,1,5,1,,,,,miss,miss,1,1,correct,correct
2,MTR_079,us16,0.1,102,effusion,2,-1,7,,,,,,,none,none,,
2,MTR_079,us16,0.25,99,in_seg,0,1,5,,,,,miss,miss,5,6,correct,correct
2,MTR_079,us16,0.25,100,ligament,3,2,0,,,,,,,unknown,unknown,,
2,MTR_079,us16,0.25,101,in_seg,1,5,1,,,,,miss,miss,1,1,correct,correct
2,MTR_079,us16,0.25,102,effusion,2,-1,7,,,,,,,none,none,,
3,MTR_080,clean,0.05,103,in_seg,1,5,1,,,,,miss,miss,1,1,correct,correct
3,MTR_080,clean,0.05,104,effusion,2,-1,7,,,,,,,none,none,,
3,MTR_080,clean,0.1,103,in_seg,1,5,1,,,,,miss,miss,1,1,correct,correct
3,MTR_080,clean,0.1,104,effusion,2,-1,7,,,,,,,none,none,,
3,MTR_080,clean,0.25,103,in_seg,1,5,1,,,,,miss,miss,1,1,correct,correct
3,MTR_080,clean,0.25,104,effusion,2,-1,7,,,,,,,none,none,,
3,MTR_080,noise_q1,0.05,103,in_seg,1,5,1,,,,,miss,miss,1,1,correct,correct
3,MTR_080,noise_q1,0.05,104,effusion,2,-1,7,,,,,,,none,none,,
3,MTR_080,noise_q1,0.1,103,in_seg,1,5,1,,,,,miss,miss,1,1,correct,correct
3,MTR_080,noise_q1,0.1,104,effusion,2,-1,7,,,,,,,none,none,,
3,MTR_080,noise_q1,0.25,103,in_seg,1,5,1,,,,,miss,miss,1,1,correct,correct
3,MTR_080,noise_q1,0.25,104,effusion,2,-1,7,,,,,,,none,none,,
3,MTR_080,noise_q2,0.05,103,in_seg,1,5,1,,,,,miss,miss,1,1,correct,correct
3,MTR_080,noise_q2,0.05,104,effusion,2,-1,7,,,,,,,none,none,,
3,MTR_080,noise_q2,0.1,103,in_seg,1,5,1,,,,,miss,miss,1,1,correct,correct
3,MTR_080,noise_q2,0.1,104,effusion,2,-1,7,,,,,,,none,none,,
3,MTR_080,noise_q2,0.25,103,in_seg,1,5,1,,,,,miss,miss,1,1,correct,correct
3,MTR_080,noise_q2,0.25,104,effusion,2,-1,7,,,,,,,none,none,,
3,MTR_080,noise_q3,0.05,103,in_seg,1,5,1,,,,,miss,miss,1,1,correct,correct
3,MTR_080,noise_q3,0.05,104,effusion,2,-1,7,,,,,,,none,none,,
3,MTR_080,noise_q3,0.1,103,in_seg,1,5,1,,,,,miss,miss,1,1,correct,correct
3,MTR_080,noise_q3,0.1,104,effusion,2,-1,7,,,,,,,none,none,,
3,MTR_080,noise_q3,0.25,103,in_seg,1,5,1,,,,,miss,miss,1,1,correct,correct
3,MTR_080,noise_q3,0.25,104,effusion,2,-1,7,,,,,,,none,none,,
3,MTR_080,us4,0.05,103,in_seg,1,5,1,,,,,miss,miss,1,1,correct,correct
3,MTR_080,us4,0.05,104,effusion,2,-1,7,,,,,,,none,none,,
3,MTR_080,us4,0.1,103,in_seg,1,5,1,,,,,miss,miss,1,1,correct,correct
3,MTR_080,us4,0.1,104,effusion,2,-1,7,,,,,,,none,none,,
3,MTR_080,us4,0.25,103,in_seg,1,5,1,,,,,miss,miss,1,1,correct,correct
3,MTR_080,us4,0.25,104,effusion,2,-1,7,,,,,,,none,none,,
3,MTR_080,us8,0.05,103,in_seg,1,5,1,,,,,miss,miss,1,1,correct,correct
3,MTR_080,us8,0.05,104,effusion,2,-1,7,,,,,,,none,none,,
3,MTR_080,us8,0.1,103,in_seg,1,5,1,,,,,miss,miss,1,1,correct,correct
3,MTR_080,us8,0.1,104,effusion,2,-1,7,,,,,,,none,none,,
3,MTR_080,us8,0.25,103,in_seg,1,5,1,,,,,miss,miss,1,1,correct,correct
3,MTR_080,us8,0.25,104,effusion,2,-1,7,,,,,,,none,none,,
3,MTR_080,us16,0.05,103,in_seg,1,5,1,,,,,miss,miss,1,1,correct,correct
3,MTR_080,us16,0.05,104,effusion,2,-1,7,,,,,,,none,none,,
3,MTR_080,us16,0.1,103,in_seg,1,5,1,,,,,miss,miss,1,1,correct,correct
3,MTR_080,us16,0.1,104,effusion,2,-1,7,,,,,,,none,none,,
3,MTR_080,us16,0.25,103,in_seg,1,5,1,,,,,miss,miss,1,1,correct,correct
3,MTR_080,us16,0.25,104,effusion,2,-1,7,,,,,,,none,none,,
3,MTR_083,clean,0.05,11,effusion,2,-1,7,,,,,,,none,none,,
3,MTR_083,clean,0.05,12,in_seg,1,4,2,,,,,miss,miss,2,2,correct,correct
3,MTR_083,clean,0.05,13,in_seg,1,6,4,,,,,miss,miss,4,4,correct,correct
3,MTR_083,clean,0.1,11,effusion,2,-1,7,,,,,,,none,none,,
3,MTR_083,clean,0.1,12,in_seg,1,4,2,,,,,miss,miss,2,2,correct,correct
3,MTR_083,clean,0.1,13,in_seg,1,6,4,,,,,miss,miss,4,4,correct,correct
3,MTR_083,clean,0.25,11,effusion,2,-1,7,,,,,,,none,none,,
3,MTR_083,clean,0.25,12,in_seg,1,4,2,,,,,miss,miss,2,2,correct,correct
3,MTR_083,clean,0.25,13,in_seg,1,6,4,,,,,miss,miss,4,4,correct,correct
3,MTR_083,noise_q1,0.05,11,effusion,2,-1,7,,,,,,,none,none,,
3,MTR_083,noise_q1,0.05,12,in_seg,1,4,2,,,,,miss,miss,2,2,correct,correct
3,MTR_083,noise_q1,0.05,13,in_seg,1,6,4,,,,,miss,miss,4,4,correct,correct
3,MTR_083,noise_q1,0.1,11,effusion,2,-1,7,,,,,,,none,none,,
3,MTR_083,noise_q1,0.1,12,in_seg,1,4,2,,,,,miss,miss,2,2,correct,correct
3,MTR_083,noise_q1,0.1,13,in_seg,1,6,4,,,,,miss,miss,4,4,correct,correct
3,MTR_083,noise_q1,0.25,11,effusion,2,-1,7,,,,,,,none,none,,
3,MTR_083,noise_q1,0.25,12,in_seg,1,4,2,,,,,miss,miss,2,2,correct,correct
3,MTR_083,noise_q1,0.25,13,in_seg,1,6,4,,,,,miss,miss,4,4,correct,correct
3,MTR_083,noise_q2,0.05,11,effusion,2,-1,7,,,,,,,none,none,,
3,MTR_083,noise_q2,0.05,12,in_seg,1,4,2,,,,,miss,miss,2,2,correct,correct
3,MTR_083,noise_q2,0.05,13,in_seg,1,6,4,,,,,miss,miss,4,4,correct,correct
3,MTR_083,noise_q2,0.1,11,effusion,2,-1,7,,,,,,,none,none,,
3,MTR_083,noise_q2,0.1,12,in_seg,1,4,2,,,,,miss,miss,2,2,correct,correct
3,MTR_083,noise_q2,0.1,13,in_seg,1,6,4,,,,,miss,miss,4,4,correct,correct
3,MTR_083,noise_q2,0.25,11,effusion,2,-1,7,,,,,,,none,none,,
3,MTR_083,noise_q2,0.25,12,in_seg,1,4,2,,,,,miss,miss,2,2,correct,correct
3,MTR_083,noise_q2,0.25,13,in_seg,1,6,4,,,,,miss,miss,4,4,correct,correct
3,MTR_083,noise_q3,0.05,11,effusion,2,-1,7,,,,,,,none,none,,
3,MTR_083,noise_q3,0.05,12,in_seg,1,4,2,,,,,miss,miss,2,2,correct,correct
3,MTR_083,noise_q3,0.05,13,in_seg,1,6,4,,,,,miss,miss,4,4,correct,correct
3,MTR_083,noise_q3,0.1,11,effusion,2,-1,7,,,,,,,none,none,,
3,MTR_083,noise_q3,0.1,12,in_seg,1,4,2,,,,,miss,miss,2,2,correct,correct
3,MTR_083,noise_q3,0.1,13,in_seg,1,6,4,,,,,miss,miss,4,4,correct,correct
3,MTR_083,noise_q3,0.25,11,effusion,2,-1,7,,,,,,,none,none,,
3,MTR_083,noise_q3,0.25,12,in_seg,1,4,2,,,,,miss,miss,2,2,correct,correct
3,MTR_083,noise_q3,0.25,13,in_seg,1,6,4,,,,,miss,miss,4,4,correct,correct
3,MTR_083,us4,0.05,11,effusion,2,-1,7,,,,,,,none,none,,
3,MTR_083,us4,0.05,12,in_seg,1,4,2,,,,,miss,miss,2,2,correct,correct
3,MTR_083,us4,0.05,13,in_seg,1,6,4,,,,,miss,miss,4,4,correct,correct
3,MTR_083,us4,0.1,11,effusion,2,-1,7,,,,,,,none,none,,
3,MTR_083,us4,0.1,12,in_seg,1,4,2,,,,,miss,miss,2,2,correct,correct
3,MTR_083,us4,0.1,13,in_seg,1,6,4,,,,,miss,miss,4,4,correct,correct
3,MTR_083,us4,0.25,11,effusion,2,-1,7,,,,,,,none,none,,
3,MTR_083,us4,0.25,12,in_seg,1,4,2,,,,,miss,miss,2,2,correct,correct
3,MTR_083,us4,0.25,13,in_seg,1,6,4,,,,,miss,miss,4,4,correct,correct
3,MTR_083,us8,0.05,11,effusion,2,-1,7,,,,,,,none,none,,
3,MTR_083,us8,0.05,12,in_seg,1,4,2,,,,,miss,miss,2,2,correct,correct
3,MTR_083,us8,0.05,13,in_seg,1,6,4,,,,,miss,miss,4,4,correct,correct
3,MTR_083,us8,0.1,11,effusion,2,-1,7,,,,,,,none,none,,
3,MTR_083,us8,0.1,12,in_seg,1,4,2,,,,,miss,miss,2,2,correct,correct
3,MTR_083,us8,0.1,13,in_seg,1,6,4,,,,,miss,miss,4,4,correct,correct
3,MTR_083,us8,0.25,11,effusion,2,-1,7,,,,,,,none,none,,
3,MTR_083,us8,0.25,12,in_seg,1,4,2,,,,,miss,miss,2,2,correct,correct
3,MTR_083,us8,0.25,13,in_seg,1,6,4,,,,,miss,miss,4,4,correct,correct
3,MTR_083,us16,0.05,11,effusion,2,-1,7,,,,,,,none,none,,
3,MTR_083,us16,0.05,12,in_seg,1,4,2,,,,,miss,miss,2,2,correct,correct
3,MTR_083,us16,0.05,13,in_seg,1,6,4,,,,,miss,miss,4,4,correct,correct
3,MTR_083,us16,0.1,11,effusion,2,-1,7,,,,,,,none,none,,
3,MTR_083,us16,0.1,12,in_seg,1,4,2,,,,,miss,miss,2,2,correct,correct
3,MTR_083,us16,0.1,13,in_seg,1,6,4,,,,,miss,miss,4,4,correct,correct
3,MTR_083,us16,0.25,11,effusion,2,-1,7,,,,,,,none,none,,
3,MTR_083,us16,0.25,12,in_seg,1,4,2,,,,,miss,miss,2,2,correct,correct
3,MTR_083,us16,0.25,13,in_seg,1,6,4,,,,,miss,miss,4,4,correct,correct
3,MTR_084,clean,0.05,236,ligament,3,2,0,,,,,,,unknown,unknown,,
3,MTR_084,clean,0.05,237,in_seg,1,4,2,,,,,miss,miss,2,2,correct,correct
3,MTR_084,clean,0.05,238,in_seg,1,6,4,,,,,miss,miss,4,3,correct,correct
3,MTR_084,clean,0.1,236,ligament,3,2,0,,,,,,,unknown,unknown,,
3,MTR_084,clean,0.1,237,in_seg,1,4,2,,,,,miss,miss,2,2,correct,correct
3,MTR_084,clean,0.1,238,in_seg,1,6,4,,,,,miss,miss,4,3,correct,correct
3,MTR_084,clean,0.25,236,ligament,3,2,0,,,,,,,unknown,unknown,,
3,MTR_084,clean,0.25,237,in_seg,1,4,2,,,,,miss,miss,2,2,correct,correct
3,MTR_084,clean,0.25,238,in_seg,1,6,4,,,,,miss,miss,4,3,correct,correct
3,MTR_084,noise_q1,0.05,236,ligament,3,2,0,,,,,,,unknown,unknown,,
3,MTR_084,noise_q1,0.05,237,in_seg,1,4,2,,,,,miss,miss,2,2,correct,correct
3,MTR_084,noise_q1,0.05,238,in_seg,1,6,4,,,,,miss,miss,4,3,correct,correct
3,MTR_084,noise_q1,0.1,236,ligament,3,2,0,,,,,,,unknown,unknown,,
3,MTR_084,noise_q1,0.1,237,in_seg,1,4,2,,,,,miss,miss,2,2,correct,correct
3,MTR_084,noise_q1,0.1,238,in_seg,1,6,4,,,,,miss,miss,4,3,correct,correct
3,MTR_084,noise_q1,0.25,236,ligament,3,2,0,,,,,,,unknown,unknown,,
3,MTR_084,noise_q1,0.25,237,in_seg,1,4,2,,,,,miss,miss,2,2,correct,correct
3,MTR_084,noise_q1,0.25,238,in_seg,1,6,4,,,,,miss,miss,4,3,correct,correct
3,MTR_084,noise_q2,0.05,236,ligament,3,2,0,,,,,,,unknown,unknown,,
3,MTR_084,noise_q2,0.05,237,in_seg,1,4,2,,,,,miss,miss,2,2,correct,correct
3,MTR_084,noise_q2,0.05,238,in_seg,1,6,4,,,,,miss,miss,4,4,correct,correct
3,MTR_084,noise_q2,0.1,236,ligament,3,2,0,,,,,,,unknown,unknown,,
3,MTR_084,noise_q2,0.1,237,in_seg,1,4,2,,,,,miss,miss,2,2,correct,correct
3,MTR_084,noise_q2,0.1,238,in_seg,1,6,4,,,,,miss,miss,4,4,correct,correct
3,MTR_084,noise_q2,0.25,236,ligament,3,2,0,,,,,,,unknown,unknown,,
3,MTR_084,noise_q2,0.25,237,in_seg,1,4,2,,,,,miss,miss,2,2,correct,correct
3,MTR_084,noise_q2,0.25,238,in_seg,1,6,4,,,,,miss,miss,4,4,correct,correct
3,MTR_084,noise_q3,0.05,236,ligament,3,2,0,,,,,,,unknown,unknown,,
3,MTR_084,noise_q3,0.05,237,in_seg,1,4,2,,,,,miss,miss,2,2,correct,correct
3,MTR_084,noise_q3,0.05,238,in_seg,1,6,4,,,,,miss,miss,4,3,correct,correct
3,MTR_084,noise_q3,0.1,236,ligament,3,2,0,,,,,,,unknown,unknown,,
3,MTR_084,noise_q3,0.1,237,in_seg,1,4,2,,,,,miss,miss,2,2,correct,correct
3,MTR_084,noise_q3,0.1,238,in_seg,1,6,4,,,,,miss,miss,4,3,correct,correct
3,MTR_084,noise_q3,0.25,236,ligament,3,2,0,,,,,,,unknown,unknown,,
3,MTR_084,noise_q3,0.25,237,in_seg,1,4,2,,,,,miss,miss,2,2,correct,correct
3,MTR_084,noise_q3,0.25,238,in_seg,1,6,4,,,,,miss,miss,4,3,correct,correct
3,MTR_084,us4,0.05,236,ligament,3,2,0,,,,,,,unknown,unknown,,
3,MTR_084,us4,0.05,237,in_seg,1,4,2,,,,,miss,miss,2,2,correct,correct
3,MTR_084,us4,0.05,238,in_seg,1,6,4,,,,,miss,miss,4,3,correct,correct
3,MTR_084,us4,0.1,236,ligament,3,2,0,,,,,,,unknown,unknown,,
3,MTR_084,us4,0.1,237,in_seg,1,4,2,,,,,miss,miss,2,2,correct,correct
3,MTR_084,us4,0.1,238,in_seg,1,6,4,,,,,miss,miss,4,3,correct,correct
3,MTR_084,us4,0.25,236,ligament,3,2,0,,,,,,,unknown,unknown,,
3,MTR_084,us4,0.25,237,in_seg,1,4,2,,,,,miss,miss,2,2,correct,correct
3,MTR_084,us4,0.25,238,in_seg,1,6,4,,,,,miss,miss,4,3,correct,correct
3,MTR_084,us8,0.05,236,ligament,3,2,0,,,,,,,unknown,unknown,,
3,MTR_084,us8,0.05,237,in_seg,1,4,2,,,,,miss,miss,2,2,correct,correct
3,MTR_084,us8,0.05,238,in_seg,1,6,4,,,,,miss,miss,4,3,correct,correct
3,MTR_084,us8,0.1,236,ligament,3,2,0,,,,,,,unknown,unknown,,
3,MTR_084,us8,0.1,237,in_seg,1,4,2,,,,,miss,miss,2,2,correct,correct
3,MTR_084,us8,0.1,238,in_seg,1,6,4,,,,,miss,miss,4,3,correct,correct
3,MTR_084,us8,0.25,236,ligament,3,2,0,,,,,,,unknown,unknown,,
3,MTR_084,us8,0.25,237,in_seg,1,4,2,,,,,miss,miss,2,2,correct,correct
3,MTR_084,us8,0.25,238,in_seg,1,6,4,,,,,miss,miss,4,3,correct,correct
3,MTR_084,us16,0.05,236,ligament,3,2,0,,,,,,,unknown,unknown,,
3,MTR_084,us16,0.05,237,in_seg,1,4,2,,,,,miss,miss,2,2,correct,correct
3,MTR_084,us16,0.05,238,in_seg,1,6,4,,,,,miss,miss,4,3,correct,correct
3,MTR_084,us16,0.1,236,ligament,3,2,0,,,,,,,unknown,unknown,,
3,MTR_084,us16,0.1,237,in_seg,1,4,2,,,,,miss,miss,2,2,correct,correct
3,MTR_084,us16,0.1,238,in_seg,1,6,4,,,,,miss,miss,4,3,correct,correct
3,MTR_084,us16,0.25,236,ligament,3,2,0,,,,,,,unknown,unknown,,
3,MTR_084,us16,0.25,237,in_seg,1,4,2,,,,,miss,miss,2,2,correct,correct
3,MTR_084,us16,0.25,238,in_seg,1,6,4,,,,,miss,miss,4,3,correct,correct
4,MTR_087,clean,0.05,75,effusion,2,-1,7,,,,,,,none,none,,
4,MTR_087,clean,0.05,76,effusion,2,-1,7,,,,,,,none,none,,
4,MTR_087,clean,0.05,77,in_seg,0,1,6,,,,,miss,miss,6,6,correct,correct
4,MTR_087,clean,0.05,78,in_seg,1,6,3,,,,,miss,miss,3,3,correct,correct
4,MTR_087,clean,0.1,75,effusion,2,-1,7,,,,,,,none,none,,
4,MTR_087,clean,0.1,76,effusion,2,-1,7,,,,,,,none,none,,
4,MTR_087,clean,0.1,77,in_seg,0,1,6,,,,,miss,miss,6,6,correct,correct
4,MTR_087,clean,0.1,78,in_seg,1,6,3,,,,,miss,miss,3,3,correct,correct
4,MTR_087,clean,0.25,75,effusion,2,-1,7,,,,,,,none,none,,
4,MTR_087,clean,0.25,76,effusion,2,-1,7,,,,,,,none,none,,
4,MTR_087,clean,0.25,77,in_seg,0,1,6,,,,,miss,miss,6,6,correct,correct
4,MTR_087,clean,0.25,78,in_seg,1,6,3,,,,,miss,miss,3,3,correct,correct
4,MTR_087,noise_q1,0.05,75,effusion,2,-1,7,,,,,,,none,none,,
4,MTR_087,noise_q1,0.05,76,effusion,2,-1,7,,,,,,,none,none,,
4,MTR_087,noise_q1,0.05,77,in_seg,0,1,6,,,,,miss,miss,6,6,correct,correct
4,MTR_087,noise_q1,0.05,78,in_seg,1,6,3,,,,,miss,miss,3,3,correct,correct
4,MTR_087,noise_q1,0.1,75,effusion,2,-1,7,,,,,,,none,none,,
4,MTR_087,noise_q1,0.1,76,effusion,2,-1,7,,,,,,,none,none,,
4,MTR_087,noise_q1,0.1,77,in_seg,0,1,6,,,,,miss,miss,6,6,correct,correct
4,MTR_087,noise_q1,0.1,78,in_seg,1,6,3,,,,,miss,miss,3,3,correct,correct
4,MTR_087,noise_q1,0.25,75,effusion,2,-1,7,,,,,,,none,none,,
4,MTR_087,noise_q1,0.25,76,effusion,2,-1,7,,,,,,,none,none,,
4,MTR_087,noise_q1,0.25,77,in_seg,0,1,6,,,,,miss,miss,6,6,correct,correct
4,MTR_087,noise_q1,0.25,78,in_seg,1,6,3,,,,,miss,miss,3,3,correct,correct
4,MTR_087,noise_q2,0.05,75,effusion,2,-1,7,,,,,,,none,none,,
4,MTR_087,noise_q2,0.05,76,effusion,2,-1,7,,,,,,,none,none,,
4,MTR_087,noise_q2,0.05,77,in_seg,0,1,6,,,,,miss,miss,6,6,correct,correct
4,MTR_087,noise_q2,0.05,78,in_seg,1,6,3,,,,,miss,miss,3,3,correct,correct
4,MTR_087,noise_q2,0.1,75,effusion,2,-1,7,,,,,,,none,none,,
4,MTR_087,noise_q2,0.1,76,effusion,2,-1,7,,,,,,,none,none,,
4,MTR_087,noise_q2,0.1,77,in_seg,0,1,6,,,,,miss,miss,6,6,correct,correct
4,MTR_087,noise_q2,0.1,78,in_seg,1,6,3,,,,,miss,miss,3,3,correct,correct
4,MTR_087,noise_q2,0.25,75,effusion,2,-1,7,,,,,,,none,none,,
4,MTR_087,noise_q2,0.25,76,effusion,2,-1,7,,,,,,,none,none,,
4,MTR_087,noise_q2,0.25,77,in_seg,0,1,6,,,,,miss,miss,6,6,correct,correct
4,MTR_087,noise_q2,0.25,78,in_seg,1,6,3,,,,,miss,miss,3,3,correct,correct
4,MTR_087,noise_q3,0.05,75,effusion,2,-1,7,,,,,,,none,none,,
4,MTR_087,noise_q3,0.05,76,effusion,2,-1,7,,,,,,,none,none,,
4,MTR_087,noise_q3,0.05,77,in_seg,0,1,6,,,,,miss,miss,6,6,correct,correct
4,MTR_087,noise_q3,0.05,78,in_seg,1,6,3,,,,,miss,miss,3,3,correct,correct
4,MTR_087,noise_q3,0.1,75,effusion,2,-1,7,,,,,,,none,none,,
4,MTR_087,noise_q3,0.1,76,effusion,2,-1,7,,,,,,,none,none,,
4,MTR_087,noise_q3,0.1,77,in_seg,0,1,6,,,,,miss,miss,6,6,correct,correct
4,MTR_087,noise_q3,0.1,78,in_seg,1,6,3,,,,,miss,miss,3,3,correct,correct
4,MTR_087,noise_q3,0.25,75,effusion,2,-1,7,,,,,,,none,none,,
4,MTR_087,noise_q3,0.25,76,effusion,2,-1,7,,,,,,,none,none,,
4,MTR_087,noise_q3,0.25,77,in_seg,0,1,6,,,,,miss,miss,6,6,correct,correct
4,MTR_087,noise_q3,0.25,78,in_seg,1,6,3,,,,,miss,miss,3,3,correct,correct
4,MTR_087,us4,0.05,75,effusion,2,-1,7,,,,,,,none,none,,
4,MTR_087,us4,0.05,76,effusion,2,-1,7,,,,,,,none,none,,
4,MTR_087,us4,0.05,77,in_seg,0,1,6,,,,,miss,miss,6,6,correct,correct
4,MTR_087,us4,0.05,78,in_seg,1,6,3,,,,,miss,miss,3,3,correct,correct
4,MTR_087,us4,0.1,75,effusion,2,-1,7,,,,,,,none,none,,
4,MTR_087,us4,0.1,76,effusion,2,-1,7,,,,,,,none,none,,
4,MTR_087,us4,0.1,77,in_seg,0,1,6,,,,,miss,miss,6,6,correct,correct
4,MTR_087,us4,0.1,78,in_seg,1,6,3,,,,,miss,miss,3,3,correct,correct
4,MTR_087,us4,0.25,75,effusion,2,-1,7,,,,,,,none,none,,
4,MTR_087,us4,0.25,76,effusion,2,-1,7,,,,,,,none,none,,
4,MTR_087,us4,0.25,77,in_seg,0,1,6,,,,,miss,miss,6,6,correct,correct
4,MTR_087,us4,0.25,78,in_seg,1,6,3,,,,,miss,miss,3,3,correct,correct
4,MTR_087,us8,0.05,75,effusion,2,-1,7,,,,,,,none,none,,
4,MTR_087,us8,0.05,76,effusion,2,-1,7,,,,,,,none,none,,
4,MTR_087,us8,0.05,77,in_seg,0,1,6,,,,,miss,miss,6,6,correct,correct
4,MTR_087,us8,0.05,78,in_seg,1,6,3,,,,,miss,miss,3,3,correct,correct
4,MTR_087,us8,0.1,75,effusion,2,-1,7,,,,,,,none,none,,
4,MTR_087,us8,0.1,76,effusion,2,-1,7,,,,,,,none,none,,
4,MTR_087,us8,0.1,77,in_seg,0,1,6,,,,,miss,miss,6,6,correct,correct
4,MTR_087,us8,0.1,78,in_seg,1,6,3,,,,,miss,miss,3,3,correct,correct
4,MTR_087,us8,0.25,75,effusion,2,-1,7,,,,,,,none,none,,
4,MTR_087,us8,0.25,76,effusion,2,-1,7,,,,,,,none,none,,
4,MTR_087,us8,0.25,77,in_seg,0,1,6,,,,,miss,miss,6,6,correct,correct
4,MTR_087,us8,0.25,78,in_seg,1,6,3,,,,,miss,miss,3,3,correct,correct
4,MTR_087,us16,0.05,75,effusion,2,-1,7,,,,,,,none,none,,
4,MTR_087,us16,0.05,76,effusion,2,-1,7,,,,,,,none,none,,
4,MTR_087,us16,0.05,77,in_seg,0,1,6,,,,,miss,miss,6,6,correct,correct
4,MTR_087,us16,0.05,78,in_seg,1,6,3,,,,,miss,miss,3,3,correct,correct
4,MTR_087,us16,0.1,75,effusion,2,-1,7,,,,,,,none,none,,
4,MTR_087,us16,0.1,76,effusion,2,-1,7,,,,,,,none,none,,
4,MTR_087,us16,0.1,77,in_seg,0,1,6,,,,,miss,miss,6,6,correct,correct
4,MTR_087,us16,0.1,78,in_seg,1,6,3,,,,,miss,miss,3,3,correct,correct
4,MTR_087,us16,0.25,75,effusion,2,-1,7,,,,,,,none,none,,
4,MTR_087,us16,0.25,76,effusion,2,-1,7,,,,,,,none,none,,
4,MTR_087,us16,0.25,77,in_seg,0,1,6,,,,,miss,miss,6,6,correct,correct
4,MTR_087,us16,0.25,78,in_seg,1,6,3,,,,,miss,miss,3,3,correct,correct
0,MTR_093,clean,0.05,239,in_seg,1,4,2,,,,,miss,miss,2,2,correct,correct
0,MTR_093,clean,0.1,239,in_seg,1,4,2,,,,,miss,miss,2,2,correct,correct
0,MTR_093,clean,0.25,239,in_seg,1,4,2,,,,,miss,miss,2,2,correct,correct
0,MTR_093,noise_q1,0.05,239,in_seg,1,4,2,,,,,miss,miss,2,2,correct,correct
0,MTR_093,noise_q1,0.1,239,in_seg,1,4,2,,,,,miss,miss,2,2,correct,correct
0,MTR_093,noise_q1,0.25,239,in_seg,1,4,2,,,,,miss,miss,2,2,correct,correct
0,MTR_093,noise_q2,0.05,239,in_seg,1,4,2,,,,,miss,miss,2,2,correct,correct
0,MTR_093,noise_q2,0.1,239,in_seg,1,4,2,,,,,miss,miss,2,2,correct,correct
0,MTR_093,noise_q2,0.25,239,in_seg,1,4,2,,,,,miss,miss,2,2,correct,correct
0,MTR_093,noise_q3,0.05,239,in_seg,1,4,2,,,,,miss,miss,2,2,correct,correct
0,MTR_093,noise_q3,0.1,239,in_seg,1,4,2,,,,,miss,miss,2,2,correct,correct
0,MTR_093,noise_q3,0.25,239,in_seg,1,4,2,,,,,miss,miss,2,2,correct,correct
0,MTR_093,us4,0.05,239,in_seg,1,4,2,,,,,miss,miss,2,2,correct,correct
0,MTR_093,us4,0.1,239,in_seg,1,4,2,,,,,miss,miss,2,2,correct,correct
0,MTR_093,us4,0.25,239,in_seg,1,4,2,,,,,miss,miss,2,2,correct,correct
0,MTR_093,us8,0.05,239,in_seg,1,4,2,,,,,miss,miss,2,2,correct,correct
0,MTR_093,us8,0.1,239,in_seg,1,4,2,,,,,miss,miss,2,2,correct,correct
0,MTR_093,us8,0.25,239,in_seg,1,4,2,,,,,miss,miss,2,2,correct,correct
0,MTR_093,us16,0.05,239,in_seg,1,4,2,,,,,miss,miss,2,2,correct,correct
0,MTR_093,us16,0.1,239,in_seg,1,4,2,,,,,miss,miss,2,2,correct,correct
0,MTR_093,us16,0.25,239,in_seg,1,4,2,,,,,miss,miss,2,2,correct,correct
3,MTR_094,clean,0.05,173,in_seg,1,4,2,,,,,miss,miss,3,4,wrong_host,wrong_host
3,MTR_094,clean,0.05,174,in_seg,1,6,3,,,,,miss,miss,2,2,wrong_host,wrong_host
3,MTR_094,clean,0.05,175,in_seg,1,5,1,,,,,miss,miss,2,2,wrong_host,wrong_host
3,MTR_094,clean,0.05,176,effusion,2,-1,7,,,,,,,none,none,,
3,MTR_094,clean,0.05,177,effusion,2,-1,7,,,,,,,none,none,,
3,MTR_094,clean,0.1,173,in_seg,1,4,2,,,,,miss,miss,3,4,wrong_host,wrong_host
3,MTR_094,clean,0.1,174,in_seg,1,6,3,,,,,miss,miss,2,2,wrong_host,wrong_host
3,MTR_094,clean,0.1,175,in_seg,1,5,1,,,,,miss,miss,2,2,wrong_host,wrong_host
3,MTR_094,clean,0.1,176,effusion,2,-1,7,,,,,,,none,none,,
3,MTR_094,clean,0.1,177,effusion,2,-1,7,,,,,,,none,none,,
3,MTR_094,clean,0.25,173,in_seg,1,4,2,,,,,miss,miss,3,4,wrong_host,wrong_host
3,MTR_094,clean,0.25,174,in_seg,1,6,3,,,,,miss,miss,2,2,wrong_host,wrong_host
3,MTR_094,clean,0.25,175,in_seg,1,5,1,,,,,miss,miss,2,2,wrong_host,wrong_host
3,MTR_094,clean,0.25,176,effusion,2,-1,7,,,,,,,none,none,,
3,MTR_094,clean,0.25,177,effusion,2,-1,7,,,,,,,none,none,,
3,MTR_094,noise_q1,0.05,173,in_seg,1,4,2,,,,,miss,miss,3,4,wrong_host,wrong_host
3,MTR_094,noise_q1,0.05,174,in_seg,1,6,3,,,,,miss,miss,2,2,wrong_host,wrong_host
3,MTR_094,noise_q1,0.05,175,in_seg,1,5,1,,,,,miss,miss,2,2,wrong_host,wrong_host
3,MTR_094,noise_q1,0.05,176,effusion,2,-1,7,,,,,,,none,none,,
3,MTR_094,noise_q1,0.05,177,effusion,2,-1,7,,,,,,,none,none,,
3,MTR_094,noise_q1,0.1,173,in_seg,1,4,2,,,,,miss,miss,3,4,wrong_host,wrong_host
3,MTR_094,noise_q1,0.1,174,in_seg,1,6,3,,,,,miss,miss,2,2,wrong_host,wrong_host
3,MTR_094,noise_q1,0.1,175,in_seg,1,5,1,,,,,miss,miss,2,2,wrong_host,wrong_host
3,MTR_094,noise_q1,0.1,176,effusion,2,-1,7,,,,,,,none,none,,
3,MTR_094,noise_q1,0.1,177,effusion,2,-1,7,,,,,,,none,none,,
3,MTR_094,noise_q1,0.25,173,in_seg,1,4,2,,,,,miss,miss,3,4,wrong_host,wrong_host
3,MTR_094,noise_q1,0.25,174,in_seg,1,6,3,,,,,miss,miss,2,2,wrong_host,wrong_host
3,MTR_094,noise_q1,0.25,175,in_seg,1,5,1,,,,,miss,miss,2,2,wrong_host,wrong_host
3,MTR_094,noise_q1,0.25,176,effusion,2,-1,7,,,,,,,none,none,,
3,MTR_094,noise_q1,0.25,177,effusion,2,-1,7,,,,,,,none,none,,
3,MTR_094,noise_q2,0.05,173,in_seg,1,4,2,,,,,miss,miss,3,3,wrong_host,wrong_host
3,MTR_094,noise_q2,0.05,174,in_seg,1,6,3,,,,,miss,miss,2,2,wrong_host,wrong_host
3,MTR_094,noise_q2,0.05,175,in_seg,1,5,1,,,,,miss,miss,2,2,wrong_host,wrong_host
3,MTR_094,noise_q2,0.05,176,effusion,2,-1,7,,,,,,,none,none,,
3,MTR_094,noise_q2,0.05,177,effusion,2,-1,7,,,,,,,none,none,,
3,MTR_094,noise_q2,0.1,173,in_seg,1,4,2,,,,,miss,miss,3,3,wrong_host,wrong_host
3,MTR_094,noise_q2,0.1,174,in_seg,1,6,3,,,,,miss,miss,2,2,wrong_host,wrong_host
3,MTR_094,noise_q2,0.1,175,in_seg,1,5,1,,,,,miss,miss,2,2,wrong_host,wrong_host
3,MTR_094,noise_q2,0.1,176,effusion,2,-1,7,,,,,,,none,none,,
3,MTR_094,noise_q2,0.1,177,effusion,2,-1,7,,,,,,,none,none,,
3,MTR_094,noise_q2,0.25,173,in_seg,1,4,2,,,,,miss,miss,3,3,wrong_host,wrong_host
3,MTR_094,noise_q2,0.25,174,in_seg,1,6,3,,,,,miss,miss,2,2,wrong_host,wrong_host
3,MTR_094,noise_q2,0.25,175,in_seg,1,5,1,,,,,miss,miss,2,2,wrong_host,wrong_host
3,MTR_094,noise_q2,0.25,176,effusion,2,-1,7,,,,,,,none,none,,
3,MTR_094,noise_q2,0.25,177,effusion,2,-1,7,,,,,,,none,none,,
3,MTR_094,noise_q3,0.05,173,in_seg,1,4,2,,,,,miss,miss,3,4,wrong_host,wrong_host
3,MTR_094,noise_q3,0.05,174,in_seg,1,6,3,,,,,miss,miss,2,2,wrong_host,wrong_host
3,MTR_094,noise_q3,0.05,175,in_seg,1,5,1,,,,,miss,miss,2,2,wrong_host,wrong_host
3,MTR_094,noise_q3,0.05,176,effusion,2,-1,7,,,,,,,none,none,,
3,MTR_094,noise_q3,0.05,177,effusion,2,-1,7,,,,,,,none,none,,
3,MTR_094,noise_q3,0.1,173,in_seg,1,4,2,,,,,miss,miss,3,4,wrong_host,wrong_host
3,MTR_094,noise_q3,0.1,174,in_seg,1,6,3,,,,,miss,miss,2,2,wrong_host,wrong_host
3,MTR_094,noise_q3,0.1,175,in_seg,1,5,1,,,,,miss,miss,2,2,wrong_host,wrong_host
3,MTR_094,noise_q3,0.1,176,effusion,2,-1,7,,,,,,,none,none,,
3,MTR_094,noise_q3,0.1,177,effusion,2,-1,7,,,,,,,none,none,,
3,MTR_094,noise_q3,0.25,173,in_seg,1,4,2,,,,,miss,miss,3,4,wrong_host,wrong_host
3,MTR_094,noise_q3,0.25,174,in_seg,1,6,3,,,,,miss,miss,2,2,wrong_host,wrong_host
3,MTR_094,noise_q3,0.25,175,in_seg,1,5,1,,,,,miss,miss,2,2,wrong_host,wrong_host
3,MTR_094,noise_q3,0.25,176,effusion,2,-1,7,,,,,,,none,none,,
3,MTR_094,noise_q3,0.25,177,effusion,2,-1,7,,,,,,,none,none,,
3,MTR_094,us4,0.05,173,in_seg,1,4,2,,,,,miss,miss,3,4,wrong_host,wrong_host
3,MTR_094,us4,0.05,174,in_seg,1,6,3,,,,,miss,miss,2,2,wrong_host,wrong_host
3,MTR_094,us4,0.05,175,in_seg,1,5,1,,,,,miss,miss,2,1,wrong_host,correct
3,MTR_094,us4,0.05,176,effusion,2,-1,7,,,,,,,none,none,,
3,MTR_094,us4,0.05,177,effusion,2,-1,7,,,,,,,none,none,,
3,MTR_094,us4,0.1,173,in_seg,1,4,2,,,,,miss,miss,3,4,wrong_host,wrong_host
3,MTR_094,us4,0.1,174,in_seg,1,6,3,,,,,miss,miss,2,2,wrong_host,wrong_host
3,MTR_094,us4,0.1,175,in_seg,1,5,1,,,,,miss,miss,2,1,wrong_host,correct
3,MTR_094,us4,0.1,176,effusion,2,-1,7,,,,,,,none,none,,
3,MTR_094,us4,0.1,177,effusion,2,-1,7,,,,,,,none,none,,
3,MTR_094,us4,0.25,173,in_seg,1,4,2,,,,,miss,miss,3,4,wrong_host,wrong_host
3,MTR_094,us4,0.25,174,in_seg,1,6,3,,,,,miss,miss,2,2,wrong_host,wrong_host
3,MTR_094,us4,0.25,175,in_seg,1,5,1,,,,,miss,miss,2,1,wrong_host,correct
3,MTR_094,us4,0.25,176,effusion,2,-1,7,,,,,,,none,none,,
3,MTR_094,us4,0.25,177,effusion,2,-1,7,,,,,,,none,none,,
3,MTR_094,us8,0.05,173,in_seg,1,4,2,,,,,miss,miss,3,4,wrong_host,wrong_host
3,MTR_094,us8,0.05,174,in_seg,1,6,3,,,,,miss,miss,2,2,wrong_host,wrong_host
3,MTR_094,us8,0.05,175,in_seg,1,5,1,,,,,miss,miss,1,1,correct,correct
3,MTR_094,us8,0.05,176,effusion,2,-1,7,,,,,,,none,none,,
3,MTR_094,us8,0.05,177,effusion,2,-1,7,,,,,,,none,none,,
3,MTR_094,us8,0.1,173,in_seg,1,4,2,,,,,miss,miss,3,4,wrong_host,wrong_host
3,MTR_094,us8,0.1,174,in_seg,1,6,3,,,,,miss,miss,2,2,wrong_host,wrong_host
3,MTR_094,us8,0.1,175,in_seg,1,5,1,,,,,miss,miss,1,1,correct,correct
3,MTR_094,us8,0.1,176,effusion,2,-1,7,,,,,,,none,none,,
3,MTR_094,us8,0.1,177,effusion,2,-1,7,,,,,,,none,none,,
3,MTR_094,us8,0.25,173,in_seg,1,4,2,,,,,miss,miss,3,4,wrong_host,wrong_host
3,MTR_094,us8,0.25,174,in_seg,1,6,3,,,,,miss,miss,2,2,wrong_host,wrong_host
3,MTR_094,us8,0.25,175,in_seg,1,5,1,,,,,miss,miss,1,1,correct,correct
3,MTR_094,us8,0.25,176,effusion,2,-1,7,,,,,,,none,none,,
3,MTR_094,us8,0.25,177,effusion,2,-1,7,,,,,,,none,none,,
3,MTR_094,us16,0.05,173,in_seg,1,4,2,,,,,miss,miss,3,4,wrong_host,wrong_host
3,MTR_094,us16,0.05,174,in_seg,1,6,3,,,,,miss,miss,2,2,wrong_host,wrong_host
3,MTR_094,us16,0.05,175,in_seg,1,5,1,,,,,miss,miss,2,1,wrong_host,correct
3,MTR_094,us16,0.05,176,effusion,2,-1,7,,,,,,,none,none,,
3,MTR_094,us16,0.05,177,effusion,2,-1,7,,,,,,,none,none,,
3,MTR_094,us16,0.1,173,in_seg,1,4,2,,,,,miss,miss,3,4,wrong_host,wrong_host
3,MTR_094,us16,0.1,174,in_seg,1,6,3,,,,,miss,miss,2,2,wrong_host,wrong_host
3,MTR_094,us16,0.1,175,in_seg,1,5,1,,,,,miss,miss,2,1,wrong_host,correct
3,MTR_094,us16,0.1,176,effusion,2,-1,7,,,,,,,none,none,,
3,MTR_094,us16,0.1,177,effusion,2,-1,7,,,,,,,none,none,,
3,MTR_094,us16,0.25,173,in_seg,1,4,2,,,,,miss,miss,3,4,wrong_host,wrong_host
3,MTR_094,us16,0.25,174,in_seg,1,6,3,,,,,miss,miss,2,2,wrong_host,wrong_host
3,MTR_094,us16,0.25,175,in_seg,1,5,1,,,,,miss,miss,2,1,wrong_host,correct
3,MTR_094,us16,0.25,176,effusion,2,-1,7,,,,,,,none,none,,
3,MTR_094,us16,0.25,177,effusion,2,-1,7,,,,,,,none,none,,
3,MTR_095,clean,0.05,79,in_seg,1,4,2,,,,,miss,miss,2,2,correct,correct
3,MTR_095,clean,0.05,80,in_seg,1,4,2,,,,,miss,miss,2,2,correct,correct
3,MTR_095,clean,0.1,79,in_seg,1,4,2,,,,,miss,miss,2,2,correct,correct
3,MTR_095,clean,0.1,80,in_seg,1,4,2,,,,,miss,miss,2,2,correct,correct
3,MTR_095,clean,0.25,79,in_seg,1,4,2,,,,,miss,miss,2,2,correct,correct
3,MTR_095,clean,0.25,80,in_seg,1,4,2,,,,,miss,miss,2,2,correct,correct
3,MTR_095,noise_q1,0.05,79,in_seg,1,4,2,,,,,miss,miss,2,2,correct,correct
3,MTR_095,noise_q1,0.05,80,in_seg,1,4,2,,,,,miss,miss,2,2,correct,correct
3,MTR_095,noise_q1,0.1,79,in_seg,1,4,2,,,,,miss,miss,2,2,correct,correct
3,MTR_095,noise_q1,0.1,80,in_seg,1,4,2,,,,,miss,miss,2,2,correct,correct
3,MTR_095,noise_q1,0.25,79,in_seg,1,4,2,,,,,miss,miss,2,2,correct,correct
3,MTR_095,noise_q1,0.25,80,in_seg,1,4,2,,,,,miss,miss,2,2,correct,correct
3,MTR_095,noise_q2,0.05,79,in_seg,1,4,2,,,,,miss,miss,2,2,correct,correct
3,MTR_095,noise_q2,0.05,80,in_seg,1,4,2,,,,,miss,miss,2,2,correct,correct
3,MTR_095,noise_q2,0.1,79,in_seg,1,4,2,,,,,miss,miss,2,2,correct,correct
3,MTR_095,noise_q2,0.1,80,in_seg,1,4,2,,,,,miss,miss,2,2,correct,correct
3,MTR_095,noise_q2,0.25,79,in_seg,1,4,2,,,,,miss,miss,2,2,correct,correct
3,MTR_095,noise_q2,0.25,80,in_seg,1,4,2,,,,,miss,miss,2,2,correct,correct
3,MTR_095,noise_q3,0.05,79,in_seg,1,4,2,,,,,miss,miss,2,2,correct,correct
3,MTR_095,noise_q3,0.05,80,in_seg,1,4,2,,,,,miss,miss,2,2,correct,correct
3,MTR_095,noise_q3,0.1,79,in_seg,1,4,2,,,,,miss,miss,2,2,correct,correct
3,MTR_095,noise_q3,0.1,80,in_seg,1,4,2,,,,,miss,miss,2,2,correct,correct
3,MTR_095,noise_q3,0.25,79,in_seg,1,4,2,,,,,miss,miss,2,2,correct,correct
3,MTR_095,noise_q3,0.25,80,in_seg,1,4,2,,,,,miss,miss,2,2,correct,correct
3,MTR_095,us4,0.05,79,in_seg,1,4,2,,,,,miss,miss,2,3,correct,wrong_host
3,MTR_095,us4,0.05,80,in_seg,1,4,2,,,,,miss,miss,2,2,correct,correct
3,MTR_095,us4,0.1,79,in_seg,1,4,2,,,,,miss,miss,2,3,correct,wrong_host
3,MTR_095,us4,0.1,80,in_seg,1,4,2,,,,,miss,miss,2,2,correct,correct
3,MTR_095,us4,0.25,79,in_seg,1,4,2,,,,,miss,miss,2,3,correct,wrong_host
3,MTR_095,us4,0.25,80,in_seg,1,4,2,,,,,miss,miss,2,2,correct,correct
3,MTR_095,us8,0.05,79,in_seg,1,4,2,,,,,miss,miss,2,4,correct,wrong_host
3,MTR_095,us8,0.05,80,in_seg,1,4,2,,,,,miss,miss,2,2,correct,correct
3,MTR_095,us8,0.1,79,in_seg,1,4,2,,,,,miss,miss,2,4,correct,wrong_host
3,MTR_095,us8,0.1,80,in_seg,1,4,2,,,,,miss,miss,2,2,correct,correct
3,MTR_095,us8,0.25,79,in_seg,1,4,2,,,,,miss,miss,2,4,correct,wrong_host
3,MTR_095,us8,0.25,80,in_seg,1,4,2,,,,,miss,miss,2,2,correct,correct
3,MTR_095,us16,0.05,79,in_seg,1,4,2,,,,,miss,miss,2,2,correct,correct
3,MTR_095,us16,0.05,80,in_seg,1,4,2,,,,,miss,miss,2,2,correct,correct
3,MTR_095,us16,0.1,79,in_seg,1,4,2,,,,,miss,miss,2,2,correct,correct
3,MTR_095,us16,0.1,80,in_seg,1,4,2,,,,,miss,miss,2,2,correct,correct
3,MTR_095,us16,0.25,79,in_seg,1,4,2,,,,,miss,miss,2,2,correct,correct
3,MTR_095,us16,0.25,80,in_seg,1,4,2,,,,,miss,miss,2,2,correct,correct
0,MTR_096,clean,0.05,105,in_seg,1,5,1,,,,,miss,miss,1,1,correct,correct
0,MTR_096,clean,0.1,105,in_seg,1,5,1,,,,,miss,miss,1,1,correct,correct
0,MTR_096,clean,0.25,105,in_seg,1,5,1,,,,,miss,miss,1,1,correct,correct
0,MTR_096,noise_q1,0.05,105,in_seg,1,5,1,,,,,miss,miss,1,1,correct,correct
0,MTR_096,noise_q1,0.1,105,in_seg,1,5,1,,,,,miss,miss,1,1,correct,correct
0,MTR_096,noise_q1,0.25,105,in_seg,1,5,1,,,,,miss,miss,1,1,correct,correct
0,MTR_096,noise_q2,0.05,105,in_seg,1,5,1,,,,,miss,miss,1,1,correct,correct
0,MTR_096,noise_q2,0.1,105,in_seg,1,5,1,,,,,miss,miss,1,1,correct,correct
0,MTR_096,noise_q2,0.25,105,in_seg,1,5,1,,,,,miss,miss,1,1,correct,correct
0,MTR_096,noise_q3,0.05,105,in_seg,1,5,1,,,,,miss,miss,1,1,correct,correct
0,MTR_096,noise_q3,0.1,105,in_seg,1,5,1,,,,,miss,miss,1,1,correct,correct
0,MTR_096,noise_q3,0.25,105,in_seg,1,5,1,,,,,miss,miss,1,1,correct,correct
0,MTR_096,us4,0.05,105,in_seg,1,5,1,,,,,miss,miss,1,1,correct,correct
0,MTR_096,us4,0.1,105,in_seg,1,5,1,,,,,miss,miss,1,1,correct,correct
0,MTR_096,us4,0.25,105,in_seg,1,5,1,,,,,miss,miss,1,1,correct,correct
0,MTR_096,us8,0.05,105,in_seg,1,5,1,,,,,miss,miss,1,1,correct,correct
0,MTR_096,us8,0.1,105,in_seg,1,5,1,,,,,miss,miss,1,1,correct,correct
0,MTR_096,us8,0.25,105,in_seg,1,5,1,,,,,miss,miss,1,1,correct,correct
0,MTR_096,us16,0.05,105,in_seg,1,5,1,,,,,miss,miss,1,1,correct,correct
0,MTR_096,us16,0.1,105,in_seg,1,5,1,,,,,miss,miss,1,1,correct,correct
0,MTR_096,us16,0.25,105,in_seg,1,5,1,,,,,miss,miss,1,1,correct,correct
3,MTR_097,clean,0.05,81,effusion,2,-1,7,,,,,,,none,none,,
3,MTR_097,clean,0.05,82,effusion,2,-1,7,,,,,,,none,none,,
3,MTR_097,clean,0.05,83,effusion,2,-1,7,,,,,,,none,none,,
3,MTR_097,clean,0.05,84,in_seg,0,1,5,,,,,miss,miss,5,5,correct,correct
3,MTR_097,clean,0.05,85,in_seg,0,1,5,,,,,miss,miss,5,5,correct,correct
3,MTR_097,clean,0.05,86,in_seg,0,1,6,,,,,miss,miss,6,6,correct,correct
3,MTR_097,clean,0.05,87,in_seg,1,4,2,,,,,miss,miss,2,2,correct,correct
3,MTR_097,clean,0.1,81,effusion,2,-1,7,,,,,,,none,none,,
3,MTR_097,clean,0.1,82,effusion,2,-1,7,,,,,,,none,none,,
3,MTR_097,clean,0.1,83,effusion,2,-1,7,,,,,,,none,none,,
3,MTR_097,clean,0.1,84,in_seg,0,1,5,,,,,miss,miss,5,5,correct,correct
3,MTR_097,clean,0.1,85,in_seg,0,1,5,,,,,miss,miss,5,5,correct,correct
3,MTR_097,clean,0.1,86,in_seg,0,1,6,,,,,miss,miss,6,6,correct,correct
3,MTR_097,clean,0.1,87,in_seg,1,4,2,,,,,miss,miss,2,2,correct,correct
3,MTR_097,clean,0.25,81,effusion,2,-1,7,,,,,,,none,none,,
3,MTR_097,clean,0.25,82,effusion,2,-1,7,,,,,,,none,none,,
3,MTR_097,clean,0.25,83,effusion,2,-1,7,,,,,,,none,none,,
3,MTR_097,clean,0.25,84,in_seg,0,1,5,,,,,miss,miss,5,5,correct,correct
3,MTR_097,clean,0.25,85,in_seg,0,1,5,,,,,miss,miss,5,5,correct,correct
3,MTR_097,clean,0.25,86,in_seg,0,1,6,,,,,miss,miss,6,6,correct,correct
3,MTR_097,clean,0.25,87,in_seg,1,4,2,,,,,miss,miss,2,2,correct,correct
3,MTR_097,noise_q1,0.05,81,effusion,2,-1,7,,,,,,,none,none,,
3,MTR_097,noise_q1,0.05,82,effusion,2,-1,7,,,,,,,none,none,,
3,MTR_097,noise_q1,0.05,83,effusion,2,-1,7,,,,,,,none,none,,
3,MTR_097,noise_q1,0.05,84,in_seg,0,1,5,,,,,miss,miss,5,5,correct,correct
3,MTR_097,noise_q1,0.05,85,in_seg,0,1,5,,,,,miss,miss,5,5,correct,correct
3,MTR_097,noise_q1,0.05,86,in_seg,0,1,6,,,,,miss,miss,6,6,correct,correct
3,MTR_097,noise_q1,0.05,87,in_seg,1,4,2,,,,,miss,miss,2,2,correct,correct
3,MTR_097,noise_q1,0.1,81,effusion,2,-1,7,,,,,,,none,none,,
3,MTR_097,noise_q1,0.1,82,effusion,2,-1,7,,,,,,,none,none,,
3,MTR_097,noise_q1,0.1,83,effusion,2,-1,7,,,,,,,none,none,,
3,MTR_097,noise_q1,0.1,84,in_seg,0,1,5,,,,,miss,miss,5,5,correct,correct
3,MTR_097,noise_q1,0.1,85,in_seg,0,1,5,,,,,miss,miss,5,5,correct,correct
3,MTR_097,noise_q1,0.1,86,in_seg,0,1,6,,,,,miss,miss,6,6,correct,correct
3,MTR_097,noise_q1,0.1,87,in_seg,1,4,2,,,,,miss,miss,2,2,correct,correct
3,MTR_097,noise_q1,0.25,81,effusion,2,-1,7,,,,,,,none,none,,
3,MTR_097,noise_q1,0.25,82,effusion,2,-1,7,,,,,,,none,none,,
3,MTR_097,noise_q1,0.25,83,effusion,2,-1,7,,,,,,,none,none,,
3,MTR_097,noise_q1,0.25,84,in_seg,0,1,5,,,,,miss,miss,5,5,correct,correct
3,MTR_097,noise_q1,0.25,85,in_seg,0,1,5,,,,,miss,miss,5,5,correct,correct
3,MTR_097,noise_q1,0.25,86,in_seg,0,1,6,,,,,miss,miss,6,6,correct,correct
3,MTR_097,noise_q1,0.25,87,in_seg,1,4,2,,,,,miss,miss,2,2,correct,correct
3,MTR_097,noise_q2,0.05,81,effusion,2,-1,7,,,,,,,none,none,,
3,MTR_097,noise_q2,0.05,82,effusion,2,-1,7,,,,,,,none,none,,
3,MTR_097,noise_q2,0.05,83,effusion,2,-1,7,,,,,,,none,none,,
3,MTR_097,noise_q2,0.05,84,in_seg,0,1,5,,,,,miss,miss,5,5,correct,correct
3,MTR_097,noise_q2,0.05,85,in_seg,0,1,5,,,,,miss,miss,5,5,correct,correct
3,MTR_097,noise_q2,0.05,86,in_seg,0,1,6,,,,,miss,miss,6,6,correct,correct
3,MTR_097,noise_q2,0.05,87,in_seg,1,4,2,,,,,miss,miss,2,2,correct,correct
3,MTR_097,noise_q2,0.1,81,effusion,2,-1,7,,,,,,,none,none,,
3,MTR_097,noise_q2,0.1,82,effusion,2,-1,7,,,,,,,none,none,,
3,MTR_097,noise_q2,0.1,83,effusion,2,-1,7,,,,,,,none,none,,
3,MTR_097,noise_q2,0.1,84,in_seg,0,1,5,,,,,miss,miss,5,5,correct,correct
3,MTR_097,noise_q2,0.1,85,in_seg,0,1,5,,,,,miss,miss,5,5,correct,correct
3,MTR_097,noise_q2,0.1,86,in_seg,0,1,6,,,,,miss,miss,6,6,correct,correct
3,MTR_097,noise_q2,0.1,87,in_seg,1,4,2,,,,,miss,miss,2,2,correct,correct
3,MTR_097,noise_q2,0.25,81,effusion,2,-1,7,,,,,,,none,none,,
3,MTR_097,noise_q2,0.25,82,effusion,2,-1,7,,,,,,,none,none,,
3,MTR_097,noise_q2,0.25,83,effusion,2,-1,7,,,,,,,none,none,,
3,MTR_097,noise_q2,0.25,84,in_seg,0,1,5,,,,,miss,miss,5,5,correct,correct
3,MTR_097,noise_q2,0.25,85,in_seg,0,1,5,,,,,miss,miss,5,5,correct,correct
3,MTR_097,noise_q2,0.25,86,in_seg,0,1,6,,,,,miss,miss,6,6,correct,correct
3,MTR_097,noise_q2,0.25,87,in_seg,1,4,2,,,,,miss,miss,2,2,correct,correct
3,MTR_097,noise_q3,0.05,81,effusion,2,-1,7,,,,,,,none,none,,
3,MTR_097,noise_q3,0.05,82,effusion,2,-1,7,,,,,,,none,none,,
3,MTR_097,noise_q3,0.05,83,effusion,2,-1,7,,,,,,,none,none,,
3,MTR_097,noise_q3,0.05,84,in_seg,0,1,5,,,,,miss,miss,5,5,correct,correct
3,MTR_097,noise_q3,0.05,85,in_seg,0,1,5,,,,,miss,miss,5,5,correct,correct
3,MTR_097,noise_q3,0.05,86,in_seg,0,1,6,,,,,miss,miss,6,6,correct,correct
3,MTR_097,noise_q3,0.05,87,in_seg,1,4,2,,,,,miss,miss,2,2,correct,correct
3,MTR_097,noise_q3,0.1,81,effusion,2,-1,7,,,,,,,none,none,,
3,MTR_097,noise_q3,0.1,82,effusion,2,-1,7,,,,,,,none,none,,
3,MTR_097,noise_q3,0.1,83,effusion,2,-1,7,,,,,,,none,none,,
3,MTR_097,noise_q3,0.1,84,in_seg,0,1,5,,,,,miss,miss,5,5,correct,correct
3,MTR_097,noise_q3,0.1,85,in_seg,0,1,5,,,,,miss,miss,5,5,correct,correct
3,MTR_097,noise_q3,0.1,86,in_seg,0,1,6,,,,,miss,miss,6,6,correct,correct
3,MTR_097,noise_q3,0.1,87,in_seg,1,4,2,,,,,miss,miss,2,2,correct,correct
3,MTR_097,noise_q3,0.25,81,effusion,2,-1,7,,,,,,,none,none,,
3,MTR_097,noise_q3,0.25,82,effusion,2,-1,7,,,,,,,none,none,,
3,MTR_097,noise_q3,0.25,83,effusion,2,-1,7,,,,,,,none,none,,
3,MTR_097,noise_q3,0.25,84,in_seg,0,1,5,,,,,miss,miss,5,5,correct,correct
3,MTR_097,noise_q3,0.25,85,in_seg,0,1,5,,,,,miss,miss,5,5,correct,correct
3,MTR_097,noise_q3,0.25,86,in_seg,0,1,6,,,,,miss,miss,6,6,correct,correct
3,MTR_097,noise_q3,0.25,87,in_seg,1,4,2,,,,,miss,miss,2,2,correct,correct
3,MTR_097,us4,0.05,81,effusion,2,-1,7,,,,,,,none,none,,
3,MTR_097,us4,0.05,82,effusion,2,-1,7,,,,,,,none,none,,
3,MTR_097,us4,0.05,83,effusion,2,-1,7,,,,,,,none,none,,
3,MTR_097,us4,0.05,84,in_seg,0,1,5,,,,,miss,miss,5,5,correct,correct
3,MTR_097,us4,0.05,85,in_seg,0,1,5,,,,,miss,miss,5,5,correct,correct
3,MTR_097,us4,0.05,86,in_seg,0,1,6,,,,,miss,miss,6,6,correct,correct
3,MTR_097,us4,0.05,87,in_seg,1,4,2,,,,,miss,miss,2,2,correct,correct
3,MTR_097,us4,0.1,81,effusion,2,-1,7,,,,,,,none,none,,
3,MTR_097,us4,0.1,82,effusion,2,-1,7,,,,,,,none,none,,
3,MTR_097,us4,0.1,83,effusion,2,-1,7,,,,,,,none,none,,
3,MTR_097,us4,0.1,84,in_seg,0,1,5,,,,,miss,miss,5,5,correct,correct
3,MTR_097,us4,0.1,85,in_seg,0,1,5,,,,,miss,miss,5,5,correct,correct
3,MTR_097,us4,0.1,86,in_seg,0,1,6,,,,,miss,miss,6,6,correct,correct
3,MTR_097,us4,0.1,87,in_seg,1,4,2,,,,,miss,miss,2,2,correct,correct
3,MTR_097,us4,0.25,81,effusion,2,-1,7,,,,,,,none,none,,
3,MTR_097,us4,0.25,82,effusion,2,-1,7,,,,,,,none,none,,
3,MTR_097,us4,0.25,83,effusion,2,-1,7,,,,,,,none,none,,
3,MTR_097,us4,0.25,84,in_seg,0,1,5,,,,,miss,miss,5,5,correct,correct
3,MTR_097,us4,0.25,85,in_seg,0,1,5,,,,,miss,miss,5,5,correct,correct
3,MTR_097,us4,0.25,86,in_seg,0,1,6,,,,,miss,miss,6,6,correct,correct
3,MTR_097,us4,0.25,87,in_seg,1,4,2,,,,,miss,miss,2,2,correct,correct
3,MTR_097,us8,0.05,81,effusion,2,-1,7,,,,,,,none,none,,
3,MTR_097,us8,0.05,82,effusion,2,-1,7,,,,,,,none,none,,
3,MTR_097,us8,0.05,83,effusion,2,-1,7,,,,,,,none,none,,
3,MTR_097,us8,0.05,84,in_seg,0,1,5,,,,,miss,miss,5,5,correct,correct
3,MTR_097,us8,0.05,85,in_seg,0,1,5,,,,,miss,miss,5,5,correct,correct
3,MTR_097,us8,0.05,86,in_seg,0,1,6,,,,,miss,miss,6,6,correct,correct
3,MTR_097,us8,0.05,87,in_seg,1,4,2,,,,,miss,miss,2,2,correct,correct
3,MTR_097,us8,0.1,81,effusion,2,-1,7,,,,,,,none,none,,
3,MTR_097,us8,0.1,82,effusion,2,-1,7,,,,,,,none,none,,
3,MTR_097,us8,0.1,83,effusion,2,-1,7,,,,,,,none,none,,
3,MTR_097,us8,0.1,84,in_seg,0,1,5,,,,,miss,miss,5,5,correct,correct
3,MTR_097,us8,0.1,85,in_seg,0,1,5,,,,,miss,miss,5,5,correct,correct
3,MTR_097,us8,0.1,86,in_seg,0,1,6,,,,,miss,miss,6,6,correct,correct
3,MTR_097,us8,0.1,87,in_seg,1,4,2,,,,,miss,miss,2,2,correct,correct
3,MTR_097,us8,0.25,81,effusion,2,-1,7,,,,,,,none,none,,
3,MTR_097,us8,0.25,82,effusion,2,-1,7,,,,,,,none,none,,
3,MTR_097,us8,0.25,83,effusion,2,-1,7,,,,,,,none,none,,
3,MTR_097,us8,0.25,84,in_seg,0,1,5,,,,,miss,miss,5,5,correct,correct
3,MTR_097,us8,0.25,85,in_seg,0,1,5,,,,,miss,miss,5,5,correct,correct
3,MTR_097,us8,0.25,86,in_seg,0,1,6,,,,,miss,miss,6,6,correct,correct
3,MTR_097,us8,0.25,87,in_seg,1,4,2,,,,,miss,miss,2,2,correct,correct
3,MTR_097,us16,0.05,81,effusion,2,-1,7,,,,,,,none,none,,
3,MTR_097,us16,0.05,82,effusion,2,-1,7,,,,,,,none,none,,
3,MTR_097,us16,0.05,83,effusion,2,-1,7,,,,,,,none,none,,
3,MTR_097,us16,0.05,84,in_seg,0,1,5,,,,,miss,miss,5,5,correct,correct
3,MTR_097,us16,0.05,85,in_seg,0,1,5,,,,,miss,miss,5,5,correct,correct
3,MTR_097,us16,0.05,86,in_seg,0,1,6,,,,,miss,miss,6,6,correct,correct
3,MTR_097,us16,0.05,87,in_seg,1,4,2,,,,,miss,miss,2,2,correct,correct
3,MTR_097,us16,0.1,81,effusion,2,-1,7,,,,,,,none,none,,
3,MTR_097,us16,0.1,82,effusion,2,-1,7,,,,,,,none,none,,
3,MTR_097,us16,0.1,83,effusion,2,-1,7,,,,,,,none,none,,
3,MTR_097,us16,0.1,84,in_seg,0,1,5,,,,,miss,miss,5,5,correct,correct
3,MTR_097,us16,0.1,85,in_seg,0,1,5,,,,,miss,miss,5,5,correct,correct
3,MTR_097,us16,0.1,86,in_seg,0,1,6,,,,,miss,miss,6,6,correct,correct
3,MTR_097,us16,0.1,87,in_seg,1,4,2,,,,,miss,miss,2,2,correct,correct
3,MTR_097,us16,0.25,81,effusion,2,-1,7,,,,,,,none,none,,
3,MTR_097,us16,0.25,82,effusion,2,-1,7,,,,,,,none,none,,
3,MTR_097,us16,0.25,83,effusion,2,-1,7,,,,,,,none,none,,
3,MTR_097,us16,0.25,84,in_seg,0,1,5,,,,,miss,miss,5,5,correct,correct
3,MTR_097,us16,0.25,85,in_seg,0,1,5,,,,,miss,miss,5,5,correct,correct
3,MTR_097,us16,0.25,86,in_seg,0,1,6,,,,,miss,miss,6,6,correct,correct
3,MTR_097,us16,0.25,87,in_seg,1,4,2,,,,,miss,miss,2,2,correct,correct
1,MTR_098,clean,0.05,111,in_seg,0,1,5,,,,,miss,miss,5,5,correct,correct
1,MTR_098,clean,0.05,112,ligament,3,2,0,,,,,,,unknown,unknown,,
1,MTR_098,clean,0.05,113,effusion,2,-1,7,,,,,,,none,none,,
1,MTR_098,clean,0.1,111,in_seg,0,1,5,,,,,miss,miss,5,5,correct,correct
1,MTR_098,clean,0.1,112,ligament,3,2,0,,,,,,,unknown,unknown,,
1,MTR_098,clean,0.1,113,effusion,2,-1,7,,,,,,,none,none,,
1,MTR_098,clean,0.25,111,in_seg,0,1,5,,,,,miss,miss,5,5,correct,correct
1,MTR_098,clean,0.25,112,ligament,3,2,0,,,,,,,unknown,unknown,,
1,MTR_098,clean,0.25,113,effusion,2,-1,7,,,,,,,none,none,,
1,MTR_098,noise_q1,0.05,111,in_seg,0,1,5,,,,,miss,miss,5,5,correct,correct
1,MTR_098,noise_q1,0.05,112,ligament,3,2,0,,,,,,,unknown,unknown,,
1,MTR_098,noise_q1,0.05,113,effusion,2,-1,7,,,,,,,none,none,,
1,MTR_098,noise_q1,0.1,111,in_seg,0,1,5,,,,,miss,miss,5,5,correct,correct
1,MTR_098,noise_q1,0.1,112,ligament,3,2,0,,,,,,,unknown,unknown,,
1,MTR_098,noise_q1,0.1,113,effusion,2,-1,7,,,,,,,none,none,,
1,MTR_098,noise_q1,0.25,111,in_seg,0,1,5,,,,,miss,miss,5,5,correct,correct
1,MTR_098,noise_q1,0.25,112,ligament,3,2,0,,,,,,,unknown,unknown,,
1,MTR_098,noise_q1,0.25,113,effusion,2,-1,7,,,,,,,none,none,,
1,MTR_098,noise_q2,0.05,111,in_seg,0,1,5,,,,,miss,miss,5,5,correct,correct
1,MTR_098,noise_q2,0.05,112,ligament,3,2,0,,,,,,,unknown,unknown,,
1,MTR_098,noise_q2,0.05,113,effusion,2,-1,7,,,,,,,none,none,,
1,MTR_098,noise_q2,0.1,111,in_seg,0,1,5,,,,,miss,miss,5,5,correct,correct
1,MTR_098,noise_q2,0.1,112,ligament,3,2,0,,,,,,,unknown,unknown,,
1,MTR_098,noise_q2,0.1,113,effusion,2,-1,7,,,,,,,none,none,,
1,MTR_098,noise_q2,0.25,111,in_seg,0,1,5,,,,,miss,miss,5,5,correct,correct
1,MTR_098,noise_q2,0.25,112,ligament,3,2,0,,,,,,,unknown,unknown,,
1,MTR_098,noise_q2,0.25,113,effusion,2,-1,7,,,,,,,none,none,,
1,MTR_098,noise_q3,0.05,111,in_seg,0,1,5,,,,,miss,miss,5,5,correct,correct
1,MTR_098,noise_q3,0.05,112,ligament,3,2,0,,,,,,,unknown,unknown,,
1,MTR_098,noise_q3,0.05,113,effusion,2,-1,7,,,,,,,none,none,,
1,MTR_098,noise_q3,0.1,111,in_seg,0,1,5,,,,,miss,miss,5,5,correct,correct
1,MTR_098,noise_q3,0.1,112,ligament,3,2,0,,,,,,,unknown,unknown,,
1,MTR_098,noise_q3,0.1,113,effusion,2,-1,7,,,,,,,none,none,,
1,MTR_098,noise_q3,0.25,111,in_seg,0,1,5,,,,,miss,miss,5,5,correct,correct
1,MTR_098,noise_q3,0.25,112,ligament,3,2,0,,,,,,,unknown,unknown,,
1,MTR_098,noise_q3,0.25,113,effusion,2,-1,7,,,,,,,none,none,,
1,MTR_098,us4,0.05,111,in_seg,0,1,5,,,,,miss,miss,5,5,correct,correct
1,MTR_098,us4,0.05,112,ligament,3,2,0,,,,,,,unknown,unknown,,
1,MTR_098,us4,0.05,113,effusion,2,-1,7,,,,,,,none,none,,
1,MTR_098,us4,0.1,111,in_seg,0,1,5,,,,,miss,miss,5,5,correct,correct
1,MTR_098,us4,0.1,112,ligament,3,2,0,,,,,,,unknown,unknown,,
1,MTR_098,us4,0.1,113,effusion,2,-1,7,,,,,,,none,none,,
1,MTR_098,us4,0.25,111,in_seg,0,1,5,,,,,miss,miss,5,5,correct,correct
1,MTR_098,us4,0.25,112,ligament,3,2,0,,,,,,,unknown,unknown,,
1,MTR_098,us4,0.25,113,effusion,2,-1,7,,,,,,,none,none,,
1,MTR_098,us8,0.05,111,in_seg,0,1,5,,,,,miss,miss,5,5,correct,correct
1,MTR_098,us8,0.05,112,ligament,3,2,0,,,,,,,unknown,unknown,,
1,MTR_098,us8,0.05,113,effusion,2,-1,7,,,,,,,none,none,,
1,MTR_098,us8,0.1,111,in_seg,0,1,5,,,,,miss,miss,5,5,correct,correct
1,MTR_098,us8,0.1,112,ligament,3,2,0,,,,,,,unknown,unknown,,
1,MTR_098,us8,0.1,113,effusion,2,-1,7,,,,,,,none,none,,
1,MTR_098,us8,0.25,111,in_seg,0,1,5,,,,,miss,miss,5,5,correct,correct
1,MTR_098,us8,0.25,112,ligament,3,2,0,,,,,,,unknown,unknown,,
1,MTR_098,us8,0.25,113,effusion,2,-1,7,,,,,,,none,none,,
1,MTR_098,us16,0.05,111,in_seg,0,1,5,,,,,miss,miss,5,5,correct,correct
1,MTR_098,us16,0.05,112,ligament,3,2,0,,,,,,,unknown,unknown,,
1,MTR_098,us16,0.05,113,effusion,2,-1,7,,,,,,,none,none,,
1,MTR_098,us16,0.1,111,in_seg,0,1,5,,,,,miss,miss,5,5,correct,correct
1,MTR_098,us16,0.1,112,ligament,3,2,0,,,,,,,unknown,unknown,,
1,MTR_098,us16,0.1,113,effusion,2,-1,7,,,,,,,none,none,,
1,MTR_098,us16,0.25,111,in_seg,0,1,5,,,,,miss,miss,5,5,correct,correct
1,MTR_098,us16,0.25,112,ligament,3,2,0,,,,,,,unknown,unknown,,
1,MTR_098,us16,0.25,113,effusion,2,-1,7,,,,,,,none,none,,
2,MTR_099,clean,0.05,106,ligament,3,2,0,,,,,,,unknown,unknown,,
2,MTR_099,clean,0.05,107,effusion,2,-1,7,,,,,,,none,none,,
2,MTR_099,clean,0.1,106,ligament,3,2,0,,,,,,,unknown,unknown,,
2,MTR_099,clean,0.1,107,effusion,2,-1,7,,,,,,,none,none,,
2,MTR_099,clean,0.25,106,ligament,3,2,0,,,,,,,unknown,unknown,,
2,MTR_099,clean,0.25,107,effusion,2,-1,7,,,,,,,none,none,,
2,MTR_099,noise_q1,0.05,106,ligament,3,2,0,,,,,,,unknown,unknown,,
2,MTR_099,noise_q1,0.05,107,effusion,2,-1,7,,,,,,,none,none,,
2,MTR_099,noise_q1,0.1,106,ligament,3,2,0,,,,,,,unknown,unknown,,
2,MTR_099,noise_q1,0.1,107,effusion,2,-1,7,,,,,,,none,none,,
2,MTR_099,noise_q1,0.25,106,ligament,3,2,0,,,,,,,unknown,unknown,,
2,MTR_099,noise_q1,0.25,107,effusion,2,-1,7,,,,,,,none,none,,
2,MTR_099,noise_q2,0.05,106,ligament,3,2,0,,,,,,,unknown,unknown,,
2,MTR_099,noise_q2,0.05,107,effusion,2,-1,7,,,,,,,none,none,,
2,MTR_099,noise_q2,0.1,106,ligament,3,2,0,,,,,,,unknown,unknown,,
2,MTR_099,noise_q2,0.1,107,effusion,2,-1,7,,,,,,,none,none,,
2,MTR_099,noise_q2,0.25,106,ligament,3,2,0,,,,,,,unknown,unknown,,
2,MTR_099,noise_q2,0.25,107,effusion,2,-1,7,,,,,,,none,none,,
2,MTR_099,noise_q3,0.05,106,ligament,3,2,0,,,,,,,unknown,unknown,,
2,MTR_099,noise_q3,0.05,107,effusion,2,-1,7,,,,,,,none,none,,
2,MTR_099,noise_q3,0.1,106,ligament,3,2,0,,,,,,,unknown,unknown,,
2,MTR_099,noise_q3,0.1,107,effusion,2,-1,7,,,,,,,none,none,,
2,MTR_099,noise_q3,0.25,106,ligament,3,2,0,,,,,,,unknown,unknown,,
2,MTR_099,noise_q3,0.25,107,effusion,2,-1,7,,,,,,,none,none,,
2,MTR_099,us4,0.05,106,ligament,3,2,0,,,,,,,unknown,unknown,,
2,MTR_099,us4,0.05,107,effusion,2,-1,7,,,,,,,none,none,,
2,MTR_099,us4,0.1,106,ligament,3,2,0,,,,,,,unknown,unknown,,
2,MTR_099,us4,0.1,107,effusion,2,-1,7,,,,,,,none,none,,
2,MTR_099,us4,0.25,106,ligament,3,2,0,,,,,,,unknown,unknown,,
2,MTR_099,us4,0.25,107,effusion,2,-1,7,,,,,,,none,none,,
2,MTR_099,us8,0.05,106,ligament,3,2,0,,,,,,,unknown,unknown,,
2,MTR_099,us8,0.05,107,effusion,2,-1,7,,,,,,,none,none,,
2,MTR_099,us8,0.1,106,ligament,3,2,0,,,,,,,unknown,unknown,,
2,MTR_099,us8,0.1,107,effusion,2,-1,7,,,,,,,none,none,,
2,MTR_099,us8,0.25,106,ligament,3,2,0,,,,,,,unknown,unknown,,
2,MTR_099,us8,0.25,107,effusion,2,-1,7,,,,,,,none,none,,
2,MTR_099,us16,0.05,106,ligament,3,2,0,,,,,,,unknown,unknown,,
2,MTR_099,us16,0.05,107,effusion,2,-1,7,,,,,,,none,none,,
2,MTR_099,us16,0.1,106,ligament,3,2,0,,,,,,,unknown,unknown,,
2,MTR_099,us16,0.1,107,effusion,2,-1,7,,,,,,,none,none,,
2,MTR_099,us16,0.25,106,ligament,3,2,0,,,,,,,unknown,unknown,,
2,MTR_099,us16,0.25,107,effusion,2,-1,7,,,,,,,none,none,,
1,MTR_100,clean,0.05,178,effusion,2,-1,7,,,,,,,none,none,,
1,MTR_100,clean,0.1,178,effusion,2,-1,7,,,,,,,none,none,,
1,MTR_100,clean,0.25,178,effusion,2,-1,7,,,,,,,none,none,,
1,MTR_100,noise_q1,0.05,178,effusion,2,-1,7,,,,,,,none,none,,
1,MTR_100,noise_q1,0.1,178,effusion,2,-1,7,,,,,,,none,none,,
1,MTR_100,noise_q1,0.25,178,effusion,2,-1,7,,,,,,,none,none,,
1,MTR_100,noise_q2,0.05,178,effusion,2,-1,7,,,,,,,none,none,,
1,MTR_100,noise_q2,0.1,178,effusion,2,-1,7,,,,,,,none,none,,
1,MTR_100,noise_q2,0.25,178,effusion,2,-1,7,,,,,,,none,none,,
1,MTR_100,noise_q3,0.05,178,effusion,2,-1,7,,,,,,,none,none,,
1,MTR_100,noise_q3,0.1,178,effusion,2,-1,7,,,,,,,none,none,,
1,MTR_100,noise_q3,0.25,178,effusion,2,-1,7,,,,,,,none,none,,
1,MTR_100,us4,0.05,178,effusion,2,-1,7,,,,,,,none,none,,
1,MTR_100,us4,0.1,178,effusion,2,-1,7,,,,,,,none,none,,
1,MTR_100,us4,0.25,178,effusion,2,-1,7,,,,,,,none,none,,
1,MTR_100,us8,0.05,178,effusion,2,-1,7,,,,,,,none,none,,
1,MTR_100,us8,0.1,178,effusion,2,-1,7,,,,,,,none,none,,
1,MTR_100,us8,0.25,178,effusion,2,-1,7,,,,,,,none,none,,
1,MTR_100,us16,0.05,178,effusion,2,-1,7,,,,,,,none,none,,
1,MTR_100,us16,0.1,178,effusion,2,-1,7,,,,,,,none,none,,
1,MTR_100,us16,0.25,178,effusion,2,-1,7,,,,,,,none,none,,
3,MTR_101,clean,0.05,240,ligament,3,2,0,,,,,,,unknown,unknown,,
3,MTR_101,clean,0.05,241,in_seg,1,5,1,,,,,miss,miss,2,2,wrong_host,wrong_host
3,MTR_101,clean,0.05,242,effusion,2,-1,7,,,,,,,none,none,,
3,MTR_101,clean,0.1,240,ligament,3,2,0,,,,,,,unknown,unknown,,
3,MTR_101,clean,0.1,241,in_seg,1,5,1,,,,,miss,miss,2,2,wrong_host,wrong_host
3,MTR_101,clean,0.1,242,effusion,2,-1,7,,,,,,,none,none,,
3,MTR_101,clean,0.25,240,ligament,3,2,0,,,,,,,unknown,unknown,,
3,MTR_101,clean,0.25,241,in_seg,1,5,1,,,,,miss,miss,2,2,wrong_host,wrong_host
3,MTR_101,clean,0.25,242,effusion,2,-1,7,,,,,,,none,none,,
3,MTR_101,noise_q1,0.05,240,ligament,3,2,0,,,,,,,unknown,unknown,,
3,MTR_101,noise_q1,0.05,241,in_seg,1,5,1,,,,,miss,miss,2,2,wrong_host,wrong_host
3,MTR_101,noise_q1,0.05,242,effusion,2,-1,7,,,,,,,none,none,,
3,MTR_101,noise_q1,0.1,240,ligament,3,2,0,,,,,,,unknown,unknown,,
3,MTR_101,noise_q1,0.1,241,in_seg,1,5,1,,,,,miss,miss,2,2,wrong_host,wrong_host
3,MTR_101,noise_q1,0.1,242,effusion,2,-1,7,,,,,,,none,none,,
3,MTR_101,noise_q1,0.25,240,ligament,3,2,0,,,,,,,unknown,unknown,,
3,MTR_101,noise_q1,0.25,241,in_seg,1,5,1,,,,,miss,miss,2,2,wrong_host,wrong_host
3,MTR_101,noise_q1,0.25,242,effusion,2,-1,7,,,,,,,none,none,,
3,MTR_101,noise_q2,0.05,240,ligament,3,2,0,,,,,,,unknown,unknown,,
3,MTR_101,noise_q2,0.05,241,in_seg,1,5,1,,,,,miss,miss,2,2,wrong_host,wrong_host
3,MTR_101,noise_q2,0.05,242,effusion,2,-1,7,,,,,,,none,none,,
3,MTR_101,noise_q2,0.1,240,ligament,3,2,0,,,,,,,unknown,unknown,,
3,MTR_101,noise_q2,0.1,241,in_seg,1,5,1,,,,,miss,miss,2,2,wrong_host,wrong_host
3,MTR_101,noise_q2,0.1,242,effusion,2,-1,7,,,,,,,none,none,,
3,MTR_101,noise_q2,0.25,240,ligament,3,2,0,,,,,,,unknown,unknown,,
3,MTR_101,noise_q2,0.25,241,in_seg,1,5,1,,,,,miss,miss,2,2,wrong_host,wrong_host
3,MTR_101,noise_q2,0.25,242,effusion,2,-1,7,,,,,,,none,none,,
3,MTR_101,noise_q3,0.05,240,ligament,3,2,0,,,,,,,unknown,unknown,,
3,MTR_101,noise_q3,0.05,241,in_seg,1,5,1,,,,,miss,miss,2,2,wrong_host,wrong_host
3,MTR_101,noise_q3,0.05,242,effusion,2,-1,7,,,,,,,none,none,,
3,MTR_101,noise_q3,0.1,240,ligament,3,2,0,,,,,,,unknown,unknown,,
3,MTR_101,noise_q3,0.1,241,in_seg,1,5,1,,,,,miss,miss,2,2,wrong_host,wrong_host
3,MTR_101,noise_q3,0.1,242,effusion,2,-1,7,,,,,,,none,none,,
3,MTR_101,noise_q3,0.25,240,ligament,3,2,0,,,,,,,unknown,unknown,,
3,MTR_101,noise_q3,0.25,241,in_seg,1,5,1,,,,,miss,miss,2,2,wrong_host,wrong_host
3,MTR_101,noise_q3,0.25,242,effusion,2,-1,7,,,,,,,none,none,,
3,MTR_101,us4,0.05,240,ligament,3,2,0,,,,,,,unknown,unknown,,
3,MTR_101,us4,0.05,241,in_seg,1,5,1,,,,,miss,miss,2,2,wrong_host,wrong_host
3,MTR_101,us4,0.05,242,effusion,2,-1,7,,,,,,,none,none,,
3,MTR_101,us4,0.1,240,ligament,3,2,0,,,,,,,unknown,unknown,,
3,MTR_101,us4,0.1,241,in_seg,1,5,1,,,,,miss,miss,2,2,wrong_host,wrong_host
3,MTR_101,us4,0.1,242,effusion,2,-1,7,,,,,,,none,none,,
3,MTR_101,us4,0.25,240,ligament,3,2,0,,,,,,,unknown,unknown,,
3,MTR_101,us4,0.25,241,in_seg,1,5,1,,,,,miss,miss,2,2,wrong_host,wrong_host
3,MTR_101,us4,0.25,242,effusion,2,-1,7,,,,,,,none,none,,
3,MTR_101,us8,0.05,240,ligament,3,2,0,,,,,,,unknown,unknown,,
3,MTR_101,us8,0.05,241,in_seg,1,5,1,,,,,miss,miss,2,2,wrong_host,wrong_host
3,MTR_101,us8,0.05,242,effusion,2,-1,7,,,,,,,none,none,,
3,MTR_101,us8,0.1,240,ligament,3,2,0,,,,,,,unknown,unknown,,
3,MTR_101,us8,0.1,241,in_seg,1,5,1,,,,,miss,miss,2,2,wrong_host,wrong_host
3,MTR_101,us8,0.1,242,effusion,2,-1,7,,,,,,,none,none,,
3,MTR_101,us8,0.25,240,ligament,3,2,0,,,,,,,unknown,unknown,,
3,MTR_101,us8,0.25,241,in_seg,1,5,1,,,,,miss,miss,2,2,wrong_host,wrong_host
3,MTR_101,us8,0.25,242,effusion,2,-1,7,,,,,,,none,none,,
3,MTR_101,us16,0.05,240,ligament,3,2,0,,,,,,,unknown,unknown,,
3,MTR_101,us16,0.05,241,in_seg,1,5,1,,,,,miss,miss,2,2,wrong_host,wrong_host
3,MTR_101,us16,0.05,242,effusion,2,-1,7,,,,,,,none,none,,
3,MTR_101,us16,0.1,240,ligament,3,2,0,,,,,,,unknown,unknown,,
3,MTR_101,us16,0.1,241,in_seg,1,5,1,,,,,miss,miss,2,2,wrong_host,wrong_host
3,MTR_101,us16,0.1,242,effusion,2,-1,7,,,,,,,none,none,,
3,MTR_101,us16,0.25,240,ligament,3,2,0,,,,,,,unknown,unknown,,
3,MTR_101,us16,0.25,241,in_seg,1,5,1,,,,,miss,miss,2,2,wrong_host,wrong_host
3,MTR_101,us16,0.25,242,effusion,2,-1,7,,,,,,,none,none,,
0,MTR_104,clean,0.05,1,in_seg,0,1,6,,,,,miss,miss,6,6,correct,correct
0,MTR_104,clean,0.05,2,in_seg,1,4,2,,,,,miss,miss,2,2,correct,correct
0,MTR_104,clean,0.05,3,in_seg,1,4,2,,,,,miss,miss,2,2,correct,correct
0,MTR_104,clean,0.1,1,in_seg,0,1,6,,,,,miss,miss,6,6,correct,correct
0,MTR_104,clean,0.1,2,in_seg,1,4,2,,,,,miss,miss,2,2,correct,correct
0,MTR_104,clean,0.1,3,in_seg,1,4,2,,,,,miss,miss,2,2,correct,correct
0,MTR_104,clean,0.25,1,in_seg,0,1,6,,,,,miss,miss,6,6,correct,correct
0,MTR_104,clean,0.25,2,in_seg,1,4,2,,,,,miss,miss,2,2,correct,correct
0,MTR_104,clean,0.25,3,in_seg,1,4,2,,,,,miss,miss,2,2,correct,correct
0,MTR_104,noise_q1,0.05,1,in_seg,0,1,6,,,,,miss,miss,6,6,correct,correct
0,MTR_104,noise_q1,0.05,2,in_seg,1,4,2,,,,,miss,miss,2,2,correct,correct
0,MTR_104,noise_q1,0.05,3,in_seg,1,4,2,,,,,miss,miss,2,2,correct,correct
0,MTR_104,noise_q1,0.1,1,in_seg,0,1,6,,,,,miss,miss,6,6,correct,correct
0,MTR_104,noise_q1,0.1,2,in_seg,1,4,2,,,,,miss,miss,2,2,correct,correct
0,MTR_104,noise_q1,0.1,3,in_seg,1,4,2,,,,,miss,miss,2,2,correct,correct
0,MTR_104,noise_q1,0.25,1,in_seg,0,1,6,,,,,miss,miss,6,6,correct,correct
0,MTR_104,noise_q1,0.25,2,in_seg,1,4,2,,,,,miss,miss,2,2,correct,correct
0,MTR_104,noise_q1,0.25,3,in_seg,1,4,2,,,,,miss,miss,2,2,correct,correct
0,MTR_104,noise_q2,0.05,1,in_seg,0,1,6,,,,,miss,miss,6,6,correct,correct
0,MTR_104,noise_q2,0.05,2,in_seg,1,4,2,,,,,miss,miss,2,2,correct,correct
0,MTR_104,noise_q2,0.05,3,in_seg,1,4,2,,,,,miss,miss,2,2,correct,correct
0,MTR_104,noise_q2,0.1,1,in_seg,0,1,6,,,,,miss,miss,6,6,correct,correct
0,MTR_104,noise_q2,0.1,2,in_seg,1,4,2,,,,,miss,miss,2,2,correct,correct
0,MTR_104,noise_q2,0.1,3,in_seg,1,4,2,,,,,miss,miss,2,2,correct,correct
0,MTR_104,noise_q2,0.25,1,in_seg,0,1,6,,,,,miss,miss,6,6,correct,correct
0,MTR_104,noise_q2,0.25,2,in_seg,1,4,2,,,,,miss,miss,2,2,correct,correct
0,MTR_104,noise_q2,0.25,3,in_seg,1,4,2,,,,,miss,miss,2,2,correct,correct
0,MTR_104,noise_q3,0.05,1,in_seg,0,1,6,,,,,miss,miss,6,5,correct,correct
0,MTR_104,noise_q3,0.05,2,in_seg,1,4,2,,,,,miss,miss,2,2,correct,correct
0,MTR_104,noise_q3,0.05,3,in_seg,1,4,2,,,,,miss,miss,2,2,correct,correct
0,MTR_104,noise_q3,0.1,1,in_seg,0,1,6,,,,,miss,miss,6,5,correct,correct
0,MTR_104,noise_q3,0.1,2,in_seg,1,4,2,,,,,miss,miss,2,2,correct,correct
0,MTR_104,noise_q3,0.1,3,in_seg,1,4,2,,,,,miss,miss,2,2,correct,correct
0,MTR_104,noise_q3,0.25,1,in_seg,0,1,6,,,,,miss,miss,6,5,correct,correct
0,MTR_104,noise_q3,0.25,2,in_seg,1,4,2,,,,,miss,miss,2,2,correct,correct
0,MTR_104,noise_q3,0.25,3,in_seg,1,4,2,,,,,miss,miss,2,2,correct,correct
0,MTR_104,us4,0.05,1,in_seg,0,1,6,,,,,miss,miss,6,5,correct,correct
0,MTR_104,us4,0.05,2,in_seg,1,4,2,,,,,miss,miss,2,2,correct,correct
0,MTR_104,us4,0.05,3,in_seg,1,4,2,,,,,miss,miss,2,2,correct,correct
0,MTR_104,us4,0.1,1,in_seg,0,1,6,,,,,miss,miss,6,5,correct,correct
0,MTR_104,us4,0.1,2,in_seg,1,4,2,,,,,miss,miss,2,2,correct,correct
0,MTR_104,us4,0.1,3,in_seg,1,4,2,,,,,miss,miss,2,2,correct,correct
0,MTR_104,us4,0.25,1,in_seg,0,1,6,,,,,miss,miss,6,5,correct,correct
0,MTR_104,us4,0.25,2,in_seg,1,4,2,,,,,miss,miss,2,2,correct,correct
0,MTR_104,us4,0.25,3,in_seg,1,4,2,,,,,miss,miss,2,2,correct,correct
0,MTR_104,us8,0.05,1,in_seg,0,1,6,,,,,miss,miss,6,5,correct,correct
0,MTR_104,us8,0.05,2,in_seg,1,4,2,,,,,miss,miss,2,2,correct,correct
0,MTR_104,us8,0.05,3,in_seg,1,4,2,,,,,miss,miss,2,2,correct,correct
0,MTR_104,us8,0.1,1,in_seg,0,1,6,,,,,miss,miss,6,5,correct,correct
0,MTR_104,us8,0.1,2,in_seg,1,4,2,,,,,miss,miss,2,2,correct,correct
0,MTR_104,us8,0.1,3,in_seg,1,4,2,,,,,miss,miss,2,2,correct,correct
0,MTR_104,us8,0.25,1,in_seg,0,1,6,,,,,miss,miss,6,5,correct,correct
0,MTR_104,us8,0.25,2,in_seg,1,4,2,,,,,miss,miss,2,2,correct,correct
0,MTR_104,us8,0.25,3,in_seg,1,4,2,,,,,miss,miss,2,2,correct,correct
0,MTR_104,us16,0.05,1,in_seg,0,1,6,,,,,miss,miss,6,5,correct,correct
0,MTR_104,us16,0.05,2,in_seg,1,4,2,,,,,miss,miss,2,2,correct,correct
0,MTR_104,us16,0.05,3,in_seg,1,4,2,,,,,miss,miss,2,2,correct,correct
0,MTR_104,us16,0.1,1,in_seg,0,1,6,,,,,miss,miss,6,5,correct,correct
0,MTR_104,us16,0.1,2,in_seg,1,4,2,,,,,miss,miss,2,2,correct,correct
0,MTR_104,us16,0.1,3,in_seg,1,4,2,,,,,miss,miss,2,2,correct,correct
0,MTR_104,us16,0.25,1,in_seg,0,1,6,,,,,miss,miss,6,5,correct,correct
0,MTR_104,us16,0.25,2,in_seg,1,4,2,,,,,miss,miss,2,2,correct,correct
0,MTR_104,us16,0.25,3,in_seg,1,4,2,,,,,miss,miss,2,2,correct,correct
1,MTR_105,clean,0.05,4,effusion,2,-1,7,,,,,,,none,none,,
1,MTR_105,clean,0.05,5,in_seg,0,1,5,,,,,miss,miss,5,5,correct,correct
1,MTR_105,clean,0.05,6,in_seg,1,6,3,,,,,miss,miss,3,4,correct,correct
1,MTR_105,clean,0.05,7,in_seg,1,4,2,,,,,miss,miss,2,2,correct,correct
1,MTR_105,clean,0.1,4,effusion,2,-1,7,,,,,,,none,none,,
1,MTR_105,clean,0.1,5,in_seg,0,1,5,,,,,miss,miss,5,5,correct,correct
1,MTR_105,clean,0.1,6,in_seg,1,6,3,,,,,miss,miss,3,4,correct,correct
1,MTR_105,clean,0.1,7,in_seg,1,4,2,,,,,miss,miss,2,2,correct,correct
1,MTR_105,clean,0.25,4,effusion,2,-1,7,,,,,,,none,none,,
1,MTR_105,clean,0.25,5,in_seg,0,1,5,,,,,miss,miss,5,5,correct,correct
1,MTR_105,clean,0.25,6,in_seg,1,6,3,,,,,miss,miss,3,4,correct,correct
1,MTR_105,clean,0.25,7,in_seg,1,4,2,,,,,miss,miss,2,2,correct,correct
1,MTR_105,noise_q1,0.05,4,effusion,2,-1,7,,,,,,,none,none,,
1,MTR_105,noise_q1,0.05,5,in_seg,0,1,5,,,,,miss,miss,5,5,correct,correct
1,MTR_105,noise_q1,0.05,6,in_seg,1,6,3,,,,,miss,miss,3,4,correct,correct
1,MTR_105,noise_q1,0.05,7,in_seg,1,4,2,,,,,miss,miss,2,2,correct,correct
1,MTR_105,noise_q1,0.1,4,effusion,2,-1,7,,,,,,,none,none,,
1,MTR_105,noise_q1,0.1,5,in_seg,0,1,5,,,,,miss,miss,5,5,correct,correct
1,MTR_105,noise_q1,0.1,6,in_seg,1,6,3,,,,,miss,miss,3,4,correct,correct
1,MTR_105,noise_q1,0.1,7,in_seg,1,4,2,,,,,miss,miss,2,2,correct,correct
1,MTR_105,noise_q1,0.25,4,effusion,2,-1,7,,,,,,,none,none,,
1,MTR_105,noise_q1,0.25,5,in_seg,0,1,5,,,,,miss,miss,5,5,correct,correct
1,MTR_105,noise_q1,0.25,6,in_seg,1,6,3,,,,,miss,miss,3,4,correct,correct
1,MTR_105,noise_q1,0.25,7,in_seg,1,4,2,,,,,miss,miss,2,2,correct,correct
1,MTR_105,noise_q2,0.05,4,effusion,2,-1,7,,,,,,,none,none,,
1,MTR_105,noise_q2,0.05,5,in_seg,0,1,5,,,,,miss,miss,5,5,correct,correct
1,MTR_105,noise_q2,0.05,6,in_seg,1,6,3,,,,,miss,miss,3,4,correct,correct
1,MTR_105,noise_q2,0.05,7,in_seg,1,4,2,,,,,miss,miss,2,2,correct,correct
1,MTR_105,noise_q2,0.1,4,effusion,2,-1,7,,,,,,,none,none,,
1,MTR_105,noise_q2,0.1,5,in_seg,0,1,5,,,,,miss,miss,5,5,correct,correct
1,MTR_105,noise_q2,0.1,6,in_seg,1,6,3,,,,,miss,miss,3,4,correct,correct
1,MTR_105,noise_q2,0.1,7,in_seg,1,4,2,,,,,miss,miss,2,2,correct,correct
1,MTR_105,noise_q2,0.25,4,effusion,2,-1,7,,,,,,,none,none,,
1,MTR_105,noise_q2,0.25,5,in_seg,0,1,5,,,,,miss,miss,5,5,correct,correct
1,MTR_105,noise_q2,0.25,6,in_seg,1,6,3,,,,,miss,miss,3,4,correct,correct
1,MTR_105,noise_q2,0.25,7,in_seg,1,4,2,,,,,miss,miss,2,2,correct,correct
1,MTR_105,noise_q3,0.05,4,effusion,2,-1,7,,,,,,,none,none,,
1,MTR_105,noise_q3,0.05,5,in_seg,0,1,5,,,,,miss,miss,5,5,correct,correct
1,MTR_105,noise_q3,0.05,6,in_seg,1,6,3,,,,,miss,miss,3,2,correct,wrong_host
1,MTR_105,noise_q3,0.05,7,in_seg,1,4,2,,,,,miss,miss,2,2,correct,correct
1,MTR_105,noise_q3,0.1,4,effusion,2,-1,7,,,,,,,none,none,,
1,MTR_105,noise_q3,0.1,5,in_seg,0,1,5,,,,,miss,miss,5,5,correct,correct
1,MTR_105,noise_q3,0.1,6,in_seg,1,6,3,,,,,miss,miss,3,2,correct,wrong_host
1,MTR_105,noise_q3,0.1,7,in_seg,1,4,2,,,,,miss,miss,2,2,correct,correct
1,MTR_105,noise_q3,0.25,4,effusion,2,-1,7,,,,,,,none,none,,
1,MTR_105,noise_q3,0.25,5,in_seg,0,1,5,,,,,miss,miss,5,5,correct,correct
1,MTR_105,noise_q3,0.25,6,in_seg,1,6,3,,,,,miss,miss,3,2,correct,wrong_host
1,MTR_105,noise_q3,0.25,7,in_seg,1,4,2,,,,,miss,miss,2,2,correct,correct
1,MTR_105,us4,0.05,4,effusion,2,-1,7,,,,,,,none,none,,
1,MTR_105,us4,0.05,5,in_seg,0,1,5,,,,,miss,miss,5,5,correct,correct
1,MTR_105,us4,0.05,6,in_seg,1,6,3,,,,,miss,miss,3,2,correct,wrong_host
1,MTR_105,us4,0.05,7,in_seg,1,4,2,,,,,miss,miss,2,2,correct,correct
1,MTR_105,us4,0.1,4,effusion,2,-1,7,,,,,,,none,none,,
1,MTR_105,us4,0.1,5,in_seg,0,1,5,,,,,miss,miss,5,5,correct,correct
1,MTR_105,us4,0.1,6,in_seg,1,6,3,,,,,miss,miss,3,2,correct,wrong_host
1,MTR_105,us4,0.1,7,in_seg,1,4,2,,,,,miss,miss,2,2,correct,correct
1,MTR_105,us4,0.25,4,effusion,2,-1,7,,,,,,,none,none,,
1,MTR_105,us4,0.25,5,in_seg,0,1,5,,,,,miss,miss,5,5,correct,correct
1,MTR_105,us4,0.25,6,in_seg,1,6,3,,,,,miss,miss,3,2,correct,wrong_host
1,MTR_105,us4,0.25,7,in_seg,1,4,2,,,,,miss,miss,2,2,correct,correct
1,MTR_105,us8,0.05,4,effusion,2,-1,7,,,,,,,none,none,,
1,MTR_105,us8,0.05,5,in_seg,0,1,5,,,,,miss,miss,5,5,correct,correct
1,MTR_105,us8,0.05,6,in_seg,1,6,3,,,,,miss,miss,3,2,correct,wrong_host
1,MTR_105,us8,0.05,7,in_seg,1,4,2,,,,,miss,miss,2,2,correct,correct
1,MTR_105,us8,0.1,4,effusion,2,-1,7,,,,,,,none,none,,
1,MTR_105,us8,0.1,5,in_seg,0,1,5,,,,,miss,miss,5,5,correct,correct
1,MTR_105,us8,0.1,6,in_seg,1,6,3,,,,,miss,miss,3,2,correct,wrong_host
1,MTR_105,us8,0.1,7,in_seg,1,4,2,,,,,miss,miss,2,2,correct,correct
1,MTR_105,us8,0.25,4,effusion,2,-1,7,,,,,,,none,none,,
1,MTR_105,us8,0.25,5,in_seg,0,1,5,,,,,miss,miss,5,5,correct,correct
1,MTR_105,us8,0.25,6,in_seg,1,6,3,,,,,miss,miss,3,2,correct,wrong_host
1,MTR_105,us8,0.25,7,in_seg,1,4,2,,,,,miss,miss,2,2,correct,correct
1,MTR_105,us16,0.05,4,effusion,2,-1,7,,,,,,,none,none,,
1,MTR_105,us16,0.05,5,in_seg,0,1,5,,,,,miss,miss,5,5,correct,correct
1,MTR_105,us16,0.05,6,in_seg,1,6,3,,,,,miss,miss,3,2,correct,wrong_host
1,MTR_105,us16,0.05,7,in_seg,1,4,2,,,,,miss,miss,2,2,correct,correct
1,MTR_105,us16,0.1,4,effusion,2,-1,7,,,,,,,none,none,,
1,MTR_105,us16,0.1,5,in_seg,0,1,5,,,,,miss,miss,5,5,correct,correct
1,MTR_105,us16,0.1,6,in_seg,1,6,3,,,,,miss,miss,3,2,correct,wrong_host
1,MTR_105,us16,0.1,7,in_seg,1,4,2,,,,,miss,miss,2,2,correct,correct
1,MTR_105,us16,0.25,4,effusion,2,-1,7,,,,,,,none,none,,
1,MTR_105,us16,0.25,5,in_seg,0,1,5,,,,,miss,miss,5,5,correct,correct
1,MTR_105,us16,0.25,6,in_seg,1,6,3,,,,,miss,miss,3,2,correct,wrong_host
1,MTR_105,us16,0.25,7,in_seg,1,4,2,,,,,miss,miss,2,2,correct,correct
4,MTR_107,clean,0.05,179,in_seg,0,1,5,,,,,miss,miss,5,6,correct,correct
4,MTR_107,clean,0.05,180,in_seg,0,1,5,,,,,miss,miss,5,5,correct,correct
4,MTR_107,clean,0.05,181,in_seg,0,1,5,,,,,miss,miss,5,6,correct,correct
4,MTR_107,clean,0.05,182,ligament,3,2,0,,,,,,,unknown,unknown,,
4,MTR_107,clean,0.05,183,in_seg,1,4,2,,,,,miss,miss,2,2,correct,correct
4,MTR_107,clean,0.05,184,in_seg,1,4,2,,,,,miss,miss,2,2,correct,correct
4,MTR_107,clean,0.05,185,effusion,2,-1,7,,,,,,,none,none,,
4,MTR_107,clean,0.05,186,effusion,2,-1,7,,,,,,,none,none,,
4,MTR_107,clean,0.05,187,effusion,2,-1,7,,,,,,,none,none,,
4,MTR_107,clean,0.1,179,in_seg,0,1,5,,,,,miss,miss,5,6,correct,correct
4,MTR_107,clean,0.1,180,in_seg,0,1,5,,,,,miss,miss,5,5,correct,correct
4,MTR_107,clean,0.1,181,in_seg,0,1,5,,,,,miss,miss,5,6,correct,correct
4,MTR_107,clean,0.1,182,ligament,3,2,0,,,,,,,unknown,unknown,,
4,MTR_107,clean,0.1,183,in_seg,1,4,2,,,,,miss,miss,2,2,correct,correct
4,MTR_107,clean,0.1,184,in_seg,1,4,2,,,,,miss,miss,2,2,correct,correct
4,MTR_107,clean,0.1,185,effusion,2,-1,7,,,,,,,none,none,,
4,MTR_107,clean,0.1,186,effusion,2,-1,7,,,,,,,none,none,,
4,MTR_107,clean,0.1,187,effusion,2,-1,7,,,,,,,none,none,,
4,MTR_107,clean,0.25,179,in_seg,0,1,5,,,,,miss,miss,5,6,correct,correct
4,MTR_107,clean,0.25,180,in_seg,0,1,5,,,,,miss,miss,5,5,correct,correct
4,MTR_107,clean,0.25,181,in_seg,0,1,5,,,,,miss,miss,5,6,correct,correct
4,MTR_107,clean,0.25,182,ligament,3,2,0,,,,,,,unknown,unknown,,
4,MTR_107,clean,0.25,183,in_seg,1,4,2,,,,,miss,miss,2,2,correct,correct
4,MTR_107,clean,0.25,184,in_seg,1,4,2,,,,,miss,miss,2,2,correct,correct
4,MTR_107,clean,0.25,185,effusion,2,-1,7,,,,,,,none,none,,
4,MTR_107,clean,0.25,186,effusion,2,-1,7,,,,,,,none,none,,
4,MTR_107,clean,0.25,187,effusion,2,-1,7,,,,,,,none,none,,
4,MTR_107,noise_q1,0.05,179,in_seg,0,1,5,,,,,miss,miss,5,6,correct,correct
4,MTR_107,noise_q1,0.05,180,in_seg,0,1,5,,,,,miss,miss,5,5,correct,correct
4,MTR_107,noise_q1,0.05,181,in_seg,0,1,5,,,,,miss,miss,5,6,correct,correct
4,MTR_107,noise_q1,0.05,182,ligament,3,2,0,,,,,,,unknown,unknown,,
4,MTR_107,noise_q1,0.05,183,in_seg,1,4,2,,,,,miss,miss,2,2,correct,correct
4,MTR_107,noise_q1,0.05,184,in_seg,1,4,2,,,,,miss,miss,2,2,correct,correct
4,MTR_107,noise_q1,0.05,185,effusion,2,-1,7,,,,,,,none,none,,
4,MTR_107,noise_q1,0.05,186,effusion,2,-1,7,,,,,,,none,none,,
4,MTR_107,noise_q1,0.05,187,effusion,2,-1,7,,,,,,,none,none,,
4,MTR_107,noise_q1,0.1,179,in_seg,0,1,5,,,,,miss,miss,5,6,correct,correct
4,MTR_107,noise_q1,0.1,180,in_seg,0,1,5,,,,,miss,miss,5,5,correct,correct
4,MTR_107,noise_q1,0.1,181,in_seg,0,1,5,,,,,miss,miss,5,6,correct,correct
4,MTR_107,noise_q1,0.1,182,ligament,3,2,0,,,,,,,unknown,unknown,,
4,MTR_107,noise_q1,0.1,183,in_seg,1,4,2,,,,,miss,miss,2,2,correct,correct
4,MTR_107,noise_q1,0.1,184,in_seg,1,4,2,,,,,miss,miss,2,2,correct,correct
4,MTR_107,noise_q1,0.1,185,effusion,2,-1,7,,,,,,,none,none,,
4,MTR_107,noise_q1,0.1,186,effusion,2,-1,7,,,,,,,none,none,,
4,MTR_107,noise_q1,0.1,187,effusion,2,-1,7,,,,,,,none,none,,
4,MTR_107,noise_q1,0.25,179,in_seg,0,1,5,,,,,miss,miss,5,6,correct,correct
4,MTR_107,noise_q1,0.25,180,in_seg,0,1,5,,,,,miss,miss,5,5,correct,correct
4,MTR_107,noise_q1,0.25,181,in_seg,0,1,5,,,,,miss,miss,5,6,correct,correct
4,MTR_107,noise_q1,0.25,182,ligament,3,2,0,,,,,,,unknown,unknown,,
4,MTR_107,noise_q1,0.25,183,in_seg,1,4,2,,,,,miss,miss,2,2,correct,correct
4,MTR_107,noise_q1,0.25,184,in_seg,1,4,2,,,,,miss,miss,2,2,correct,correct
4,MTR_107,noise_q1,0.25,185,effusion,2,-1,7,,,,,,,none,none,,
4,MTR_107,noise_q1,0.25,186,effusion,2,-1,7,,,,,,,none,none,,
4,MTR_107,noise_q1,0.25,187,effusion,2,-1,7,,,,,,,none,none,,
4,MTR_107,noise_q2,0.05,179,in_seg,0,1,5,,,,,miss,miss,5,6,correct,correct
4,MTR_107,noise_q2,0.05,180,in_seg,0,1,5,,,,,miss,miss,5,5,correct,correct
4,MTR_107,noise_q2,0.05,181,in_seg,0,1,5,,,,,miss,miss,5,6,correct,correct
4,MTR_107,noise_q2,0.05,182,ligament,3,2,0,,,,,,,unknown,unknown,,
4,MTR_107,noise_q2,0.05,183,in_seg,1,4,2,,,,,miss,miss,2,2,correct,correct
4,MTR_107,noise_q2,0.05,184,in_seg,1,4,2,,,,,miss,miss,2,2,correct,correct
4,MTR_107,noise_q2,0.05,185,effusion,2,-1,7,,,,,,,none,none,,
4,MTR_107,noise_q2,0.05,186,effusion,2,-1,7,,,,,,,none,none,,
4,MTR_107,noise_q2,0.05,187,effusion,2,-1,7,,,,,,,none,none,,
4,MTR_107,noise_q2,0.1,179,in_seg,0,1,5,,,,,miss,miss,5,6,correct,correct
4,MTR_107,noise_q2,0.1,180,in_seg,0,1,5,,,,,miss,miss,5,5,correct,correct
4,MTR_107,noise_q2,0.1,181,in_seg,0,1,5,,,,,miss,miss,5,6,correct,correct
4,MTR_107,noise_q2,0.1,182,ligament,3,2,0,,,,,,,unknown,unknown,,
4,MTR_107,noise_q2,0.1,183,in_seg,1,4,2,,,,,miss,miss,2,2,correct,correct
4,MTR_107,noise_q2,0.1,184,in_seg,1,4,2,,,,,miss,miss,2,2,correct,correct
4,MTR_107,noise_q2,0.1,185,effusion,2,-1,7,,,,,,,none,none,,
4,MTR_107,noise_q2,0.1,186,effusion,2,-1,7,,,,,,,none,none,,
4,MTR_107,noise_q2,0.1,187,effusion,2,-1,7,,,,,,,none,none,,
4,MTR_107,noise_q2,0.25,179,in_seg,0,1,5,,,,,miss,miss,5,6,correct,correct
4,MTR_107,noise_q2,0.25,180,in_seg,0,1,5,,,,,miss,miss,5,5,correct,correct
4,MTR_107,noise_q2,0.25,181,in_seg,0,1,5,,,,,miss,miss,5,6,correct,correct
4,MTR_107,noise_q2,0.25,182,ligament,3,2,0,,,,,,,unknown,unknown,,
4,MTR_107,noise_q2,0.25,183,in_seg,1,4,2,,,,,miss,miss,2,2,correct,correct
4,MTR_107,noise_q2,0.25,184,in_seg,1,4,2,,,,,miss,miss,2,2,correct,correct
4,MTR_107,noise_q2,0.25,185,effusion,2,-1,7,,,,,,,none,none,,
4,MTR_107,noise_q2,0.25,186,effusion,2,-1,7,,,,,,,none,none,,
4,MTR_107,noise_q2,0.25,187,effusion,2,-1,7,,,,,,,none,none,,
4,MTR_107,noise_q3,0.05,179,in_seg,0,1,5,,,,,miss,miss,5,6,correct,correct
4,MTR_107,noise_q3,0.05,180,in_seg,0,1,5,,,,,miss,miss,5,5,correct,correct
4,MTR_107,noise_q3,0.05,181,in_seg,0,1,5,,,,,miss,miss,5,6,correct,correct
4,MTR_107,noise_q3,0.05,182,ligament,3,2,0,,,,,,,unknown,unknown,,
4,MTR_107,noise_q3,0.05,183,in_seg,1,4,2,,,,,miss,miss,2,2,correct,correct
4,MTR_107,noise_q3,0.05,184,in_seg,1,4,2,,,,,miss,miss,2,2,correct,correct
4,MTR_107,noise_q3,0.05,185,effusion,2,-1,7,,,,,,,none,none,,
4,MTR_107,noise_q3,0.05,186,effusion,2,-1,7,,,,,,,none,none,,
4,MTR_107,noise_q3,0.05,187,effusion,2,-1,7,,,,,,,none,none,,
4,MTR_107,noise_q3,0.1,179,in_seg,0,1,5,,,,,miss,miss,5,6,correct,correct
4,MTR_107,noise_q3,0.1,180,in_seg,0,1,5,,,,,miss,miss,5,5,correct,correct
4,MTR_107,noise_q3,0.1,181,in_seg,0,1,5,,,,,miss,miss,5,6,correct,correct
4,MTR_107,noise_q3,0.1,182,ligament,3,2,0,,,,,,,unknown,unknown,,
4,MTR_107,noise_q3,0.1,183,in_seg,1,4,2,,,,,miss,miss,2,2,correct,correct
4,MTR_107,noise_q3,0.1,184,in_seg,1,4,2,,,,,miss,miss,2,2,correct,correct
4,MTR_107,noise_q3,0.1,185,effusion,2,-1,7,,,,,,,none,none,,
4,MTR_107,noise_q3,0.1,186,effusion,2,-1,7,,,,,,,none,none,,
4,MTR_107,noise_q3,0.1,187,effusion,2,-1,7,,,,,,,none,none,,
4,MTR_107,noise_q3,0.25,179,in_seg,0,1,5,,,,,miss,miss,5,6,correct,correct
4,MTR_107,noise_q3,0.25,180,in_seg,0,1,5,,,,,miss,miss,5,5,correct,correct
4,MTR_107,noise_q3,0.25,181,in_seg,0,1,5,,,,,miss,miss,5,6,correct,correct
4,MTR_107,noise_q3,0.25,182,ligament,3,2,0,,,,,,,unknown,unknown,,
4,MTR_107,noise_q3,0.25,183,in_seg,1,4,2,,,,,miss,miss,2,2,correct,correct
4,MTR_107,noise_q3,0.25,184,in_seg,1,4,2,,,,,miss,miss,2,2,correct,correct
4,MTR_107,noise_q3,0.25,185,effusion,2,-1,7,,,,,,,none,none,,
4,MTR_107,noise_q3,0.25,186,effusion,2,-1,7,,,,,,,none,none,,
4,MTR_107,noise_q3,0.25,187,effusion,2,-1,7,,,,,,,none,none,,
4,MTR_107,us4,0.05,179,in_seg,0,1,5,,,,,miss,miss,5,6,correct,correct
4,MTR_107,us4,0.05,180,in_seg,0,1,5,,,,,miss,miss,5,5,correct,correct
4,MTR_107,us4,0.05,181,in_seg,0,1,5,,,,,miss,miss,5,6,correct,correct
4,MTR_107,us4,0.05,182,ligament,3,2,0,,,,,,,unknown,unknown,,
4,MTR_107,us4,0.05,183,in_seg,1,4,2,,,,,miss,miss,2,2,correct,correct
4,MTR_107,us4,0.05,184,in_seg,1,4,2,,,,,miss,miss,2,2,correct,correct
4,MTR_107,us4,0.05,185,effusion,2,-1,7,,,,,,,none,none,,
4,MTR_107,us4,0.05,186,effusion,2,-1,7,,,,,,,none,none,,
4,MTR_107,us4,0.05,187,effusion,2,-1,7,,,,,,,none,none,,
4,MTR_107,us4,0.1,179,in_seg,0,1,5,,,,,miss,miss,5,6,correct,correct
4,MTR_107,us4,0.1,180,in_seg,0,1,5,,,,,miss,miss,5,5,correct,correct
4,MTR_107,us4,0.1,181,in_seg,0,1,5,,,,,miss,miss,5,6,correct,correct
4,MTR_107,us4,0.1,182,ligament,3,2,0,,,,,,,unknown,unknown,,
4,MTR_107,us4,0.1,183,in_seg,1,4,2,,,,,miss,miss,2,2,correct,correct
4,MTR_107,us4,0.1,184,in_seg,1,4,2,,,,,miss,miss,2,2,correct,correct
4,MTR_107,us4,0.1,185,effusion,2,-1,7,,,,,,,none,none,,
4,MTR_107,us4,0.1,186,effusion,2,-1,7,,,,,,,none,none,,
4,MTR_107,us4,0.1,187,effusion,2,-1,7,,,,,,,none,none,,
4,MTR_107,us4,0.25,179,in_seg,0,1,5,,,,,miss,miss,5,6,correct,correct
4,MTR_107,us4,0.25,180,in_seg,0,1,5,,,,,miss,miss,5,5,correct,correct
4,MTR_107,us4,0.25,181,in_seg,0,1,5,,,,,miss,miss,5,6,correct,correct
4,MTR_107,us4,0.25,182,ligament,3,2,0,,,,,,,unknown,unknown,,
4,MTR_107,us4,0.25,183,in_seg,1,4,2,,,,,miss,miss,2,2,correct,correct
4,MTR_107,us4,0.25,184,in_seg,1,4,2,,,,,miss,miss,2,2,correct,correct
4,MTR_107,us4,0.25,185,effusion,2,-1,7,,,,,,,none,none,,
4,MTR_107,us4,0.25,186,effusion,2,-1,7,,,,,,,none,none,,
4,MTR_107,us4,0.25,187,effusion,2,-1,7,,,,,,,none,none,,
4,MTR_107,us8,0.05,179,in_seg,0,1,5,,,,,miss,miss,5,6,correct,correct
4,MTR_107,us8,0.05,180,in_seg,0,1,5,,,,,miss,miss,5,5,correct,correct
4,MTR_107,us8,0.05,181,in_seg,0,1,5,,,,,miss,miss,5,6,correct,correct
4,MTR_107,us8,0.05,182,ligament,3,2,0,,,,,,,unknown,unknown,,
4,MTR_107,us8,0.05,183,in_seg,1,4,2,,,,,miss,miss,2,2,correct,correct
4,MTR_107,us8,0.05,184,in_seg,1,4,2,,,,,miss,miss,2,2,correct,correct
4,MTR_107,us8,0.05,185,effusion,2,-1,7,,,,,,,none,none,,
4,MTR_107,us8,0.05,186,effusion,2,-1,7,,,,,,,none,none,,
4,MTR_107,us8,0.05,187,effusion,2,-1,7,,,,,,,none,none,,
4,MTR_107,us8,0.1,179,in_seg,0,1,5,,,,,miss,miss,5,6,correct,correct
4,MTR_107,us8,0.1,180,in_seg,0,1,5,,,,,miss,miss,5,5,correct,correct
4,MTR_107,us8,0.1,181,in_seg,0,1,5,,,,,miss,miss,5,6,correct,correct
4,MTR_107,us8,0.1,182,ligament,3,2,0,,,,,,,unknown,unknown,,
4,MTR_107,us8,0.1,183,in_seg,1,4,2,,,,,miss,miss,2,2,correct,correct
4,MTR_107,us8,0.1,184,in_seg,1,4,2,,,,,miss,miss,2,2,correct,correct
4,MTR_107,us8,0.1,185,effusion,2,-1,7,,,,,,,none,none,,
4,MTR_107,us8,0.1,186,effusion,2,-1,7,,,,,,,none,none,,
4,MTR_107,us8,0.1,187,effusion,2,-1,7,,,,,,,none,none,,
4,MTR_107,us8,0.25,179,in_seg,0,1,5,,,,,miss,miss,5,6,correct,correct
4,MTR_107,us8,0.25,180,in_seg,0,1,5,,,,,miss,miss,5,5,correct,correct
4,MTR_107,us8,0.25,181,in_seg,0,1,5,,,,,miss,miss,5,6,correct,correct
4,MTR_107,us8,0.25,182,ligament,3,2,0,,,,,,,unknown,unknown,,
4,MTR_107,us8,0.25,183,in_seg,1,4,2,,,,,miss,miss,2,2,correct,correct
4,MTR_107,us8,0.25,184,in_seg,1,4,2,,,,,miss,miss,2,2,correct,correct
4,MTR_107,us8,0.25,185,effusion,2,-1,7,,,,,,,none,none,,
4,MTR_107,us8,0.25,186,effusion,2,-1,7,,,,,,,none,none,,
4,MTR_107,us8,0.25,187,effusion,2,-1,7,,,,,,,none,none,,
4,MTR_107,us16,0.05,179,in_seg,0,1,5,,,,,miss,miss,5,6,correct,correct
4,MTR_107,us16,0.05,180,in_seg,0,1,5,,,,,miss,miss,5,5,correct,correct
4,MTR_107,us16,0.05,181,in_seg,0,1,5,,,,,miss,miss,5,6,correct,correct
4,MTR_107,us16,0.05,182,ligament,3,2,0,,,,,,,unknown,unknown,,
4,MTR_107,us16,0.05,183,in_seg,1,4,2,,,,,miss,miss,2,2,correct,correct
4,MTR_107,us16,0.05,184,in_seg,1,4,2,,,,,miss,miss,2,2,correct,correct
4,MTR_107,us16,0.05,185,effusion,2,-1,7,,,,,,,none,none,,
4,MTR_107,us16,0.05,186,effusion,2,-1,7,,,,,,,none,none,,
4,MTR_107,us16,0.05,187,effusion,2,-1,7,,,,,,,none,none,,
4,MTR_107,us16,0.1,179,in_seg,0,1,5,,,,,miss,miss,5,6,correct,correct
4,MTR_107,us16,0.1,180,in_seg,0,1,5,,,,,miss,miss,5,5,correct,correct
4,MTR_107,us16,0.1,181,in_seg,0,1,5,,,,,miss,miss,5,6,correct,correct
4,MTR_107,us16,0.1,182,ligament,3,2,0,,,,,,,unknown,unknown,,
4,MTR_107,us16,0.1,183,in_seg,1,4,2,,,,,miss,miss,2,2,correct,correct
4,MTR_107,us16,0.1,184,in_seg,1,4,2,,,,,miss,miss,2,2,correct,correct
4,MTR_107,us16,0.1,185,effusion,2,-1,7,,,,,,,none,none,,
4,MTR_107,us16,0.1,186,effusion,2,-1,7,,,,,,,none,none,,
4,MTR_107,us16,0.1,187,effusion,2,-1,7,,,,,,,none,none,,
4,MTR_107,us16,0.25,179,in_seg,0,1,5,,,,,miss,miss,5,6,correct,correct
4,MTR_107,us16,0.25,180,in_seg,0,1,5,,,,,miss,miss,5,5,correct,correct
4,MTR_107,us16,0.25,181,in_seg,0,1,5,,,,,miss,miss,5,6,correct,correct
4,MTR_107,us16,0.25,182,ligament,3,2,0,,,,,,,unknown,unknown,,
4,MTR_107,us16,0.25,183,in_seg,1,4,2,,,,,miss,miss,2,2,correct,correct
4,MTR_107,us16,0.25,184,in_seg,1,4,2,,,,,miss,miss,2,2,correct,correct
4,MTR_107,us16,0.25,185,effusion,2,-1,7,,,,,,,none,none,,
4,MTR_107,us16,0.25,186,effusion,2,-1,7,,,,,,,none,none,,
4,MTR_107,us16,0.25,187,effusion,2,-1,7,,,,,,,none,none,,
0,MTR_110,clean,0.05,14,effusion,2,-1,7,,,,,,,none,none,,
0,MTR_110,clean,0.05,15,in_seg,0,1,0,,,,,miss,miss,5,6,correct,correct
0,MTR_110,clean,0.05,16,in_seg,0,1,5,,,,,miss,miss,5,5,correct,correct
0,MTR_110,clean,0.05,17,in_seg,1,5,1,,,,,miss,miss,2,1,wrong_host,correct
0,MTR_110,clean,0.05,18,in_seg,1,4,2,,,,,miss,miss,2,2,correct,correct
0,MTR_110,clean,0.1,14,effusion,2,-1,7,,,,,,,none,none,,
0,MTR_110,clean,0.1,15,in_seg,0,1,0,,,,,miss,miss,5,6,correct,correct
0,MTR_110,clean,0.1,16,in_seg,0,1,5,,,,,miss,miss,5,5,correct,correct
0,MTR_110,clean,0.1,17,in_seg,1,5,1,,,,,miss,miss,2,1,wrong_host,correct
0,MTR_110,clean,0.1,18,in_seg,1,4,2,,,,,miss,miss,2,2,correct,correct
0,MTR_110,clean,0.25,14,effusion,2,-1,7,,,,,,,none,none,,
0,MTR_110,clean,0.25,15,in_seg,0,1,0,,,,,miss,miss,5,6,correct,correct
0,MTR_110,clean,0.25,16,in_seg,0,1,5,,,,,miss,miss,5,5,correct,correct
0,MTR_110,clean,0.25,17,in_seg,1,5,1,,,,,miss,miss,2,1,wrong_host,correct
0,MTR_110,clean,0.25,18,in_seg,1,4,2,,,,,miss,miss,2,2,correct,correct
0,MTR_110,noise_q1,0.05,14,effusion,2,-1,7,,,,,,,none,none,,
0,MTR_110,noise_q1,0.05,15,in_seg,0,1,0,,,,,miss,miss,5,6,correct,correct
0,MTR_110,noise_q1,0.05,16,in_seg,0,1,5,,,,,miss,miss,5,5,correct,correct
0,MTR_110,noise_q1,0.05,17,in_seg,1,5,1,,,,,miss,miss,2,1,wrong_host,correct
0,MTR_110,noise_q1,0.05,18,in_seg,1,4,2,,,,,miss,miss,2,2,correct,correct
0,MTR_110,noise_q1,0.1,14,effusion,2,-1,7,,,,,,,none,none,,
0,MTR_110,noise_q1,0.1,15,in_seg,0,1,0,,,,,miss,miss,5,6,correct,correct
0,MTR_110,noise_q1,0.1,16,in_seg,0,1,5,,,,,miss,miss,5,5,correct,correct
0,MTR_110,noise_q1,0.1,17,in_seg,1,5,1,,,,,miss,miss,2,1,wrong_host,correct
0,MTR_110,noise_q1,0.1,18,in_seg,1,4,2,,,,,miss,miss,2,2,correct,correct
0,MTR_110,noise_q1,0.25,14,effusion,2,-1,7,,,,,,,none,none,,
0,MTR_110,noise_q1,0.25,15,in_seg,0,1,0,,,,,miss,miss,5,6,correct,correct
0,MTR_110,noise_q1,0.25,16,in_seg,0,1,5,,,,,miss,miss,5,5,correct,correct
0,MTR_110,noise_q1,0.25,17,in_seg,1,5,1,,,,,miss,miss,2,1,wrong_host,correct
0,MTR_110,noise_q1,0.25,18,in_seg,1,4,2,,,,,miss,miss,2,2,correct,correct
0,MTR_110,noise_q2,0.05,14,effusion,2,-1,7,,,,,,,none,none,,
0,MTR_110,noise_q2,0.05,15,in_seg,0,1,0,,,,,miss,miss,5,6,correct,correct
0,MTR_110,noise_q2,0.05,16,in_seg,0,1,5,,,,,miss,miss,5,5,correct,correct
0,MTR_110,noise_q2,0.05,17,in_seg,1,5,1,,,,,miss,miss,2,1,wrong_host,correct
0,MTR_110,noise_q2,0.05,18,in_seg,1,4,2,,,,,miss,miss,2,2,correct,correct
0,MTR_110,noise_q2,0.1,14,effusion,2,-1,7,,,,,,,none,none,,
0,MTR_110,noise_q2,0.1,15,in_seg,0,1,0,,,,,miss,miss,5,6,correct,correct
0,MTR_110,noise_q2,0.1,16,in_seg,0,1,5,,,,,miss,miss,5,5,correct,correct
0,MTR_110,noise_q2,0.1,17,in_seg,1,5,1,,,,,miss,miss,2,1,wrong_host,correct
0,MTR_110,noise_q2,0.1,18,in_seg,1,4,2,,,,,miss,miss,2,2,correct,correct
0,MTR_110,noise_q2,0.25,14,effusion,2,-1,7,,,,,,,none,none,,
0,MTR_110,noise_q2,0.25,15,in_seg,0,1,0,,,,,miss,miss,5,6,correct,correct
0,MTR_110,noise_q2,0.25,16,in_seg,0,1,5,,,,,miss,miss,5,5,correct,correct
0,MTR_110,noise_q2,0.25,17,in_seg,1,5,1,,,,,miss,miss,2,1,wrong_host,correct
0,MTR_110,noise_q2,0.25,18,in_seg,1,4,2,,,,,miss,miss,2,2,correct,correct
0,MTR_110,noise_q3,0.05,14,effusion,2,-1,7,,,,,,,none,none,,
0,MTR_110,noise_q3,0.05,15,in_seg,0,1,0,,,,,miss,miss,5,5,correct,correct
0,MTR_110,noise_q3,0.05,16,in_seg,0,1,5,,,,,miss,miss,5,5,correct,correct
0,MTR_110,noise_q3,0.05,17,in_seg,1,5,1,,,,,miss,miss,2,1,wrong_host,correct
0,MTR_110,noise_q3,0.05,18,in_seg,1,4,2,,,,,miss,miss,2,2,correct,correct
0,MTR_110,noise_q3,0.1,14,effusion,2,-1,7,,,,,,,none,none,,
0,MTR_110,noise_q3,0.1,15,in_seg,0,1,0,,,,,miss,miss,5,5,correct,correct
0,MTR_110,noise_q3,0.1,16,in_seg,0,1,5,,,,,miss,miss,5,5,correct,correct
0,MTR_110,noise_q3,0.1,17,in_seg,1,5,1,,,,,miss,miss,2,1,wrong_host,correct
0,MTR_110,noise_q3,0.1,18,in_seg,1,4,2,,,,,miss,miss,2,2,correct,correct
0,MTR_110,noise_q3,0.25,14,effusion,2,-1,7,,,,,,,none,none,,
0,MTR_110,noise_q3,0.25,15,in_seg,0,1,0,,,,,miss,miss,5,5,correct,correct
0,MTR_110,noise_q3,0.25,16,in_seg,0,1,5,,,,,miss,miss,5,5,correct,correct
0,MTR_110,noise_q3,0.25,17,in_seg,1,5,1,,,,,miss,miss,2,1,wrong_host,correct
0,MTR_110,noise_q3,0.25,18,in_seg,1,4,2,,,,,miss,miss,2,2,correct,correct
0,MTR_110,us4,0.05,14,effusion,2,-1,7,,,,,,,none,none,,
0,MTR_110,us4,0.05,15,in_seg,0,1,0,,,,,miss,miss,5,6,correct,correct
0,MTR_110,us4,0.05,16,in_seg,0,1,5,,,,,miss,miss,5,5,correct,correct
0,MTR_110,us4,0.05,17,in_seg,1,5,1,,,,,miss,miss,2,1,wrong_host,correct
0,MTR_110,us4,0.05,18,in_seg,1,4,2,,,,,miss,miss,2,2,correct,correct
0,MTR_110,us4,0.1,14,effusion,2,-1,7,,,,,,,none,none,,
0,MTR_110,us4,0.1,15,in_seg,0,1,0,,,,,miss,miss,5,6,correct,correct
0,MTR_110,us4,0.1,16,in_seg,0,1,5,,,,,miss,miss,5,5,correct,correct
0,MTR_110,us4,0.1,17,in_seg,1,5,1,,,,,miss,miss,2,1,wrong_host,correct
0,MTR_110,us4,0.1,18,in_seg,1,4,2,,,,,miss,miss,2,2,correct,correct
0,MTR_110,us4,0.25,14,effusion,2,-1,7,,,,,,,none,none,,
0,MTR_110,us4,0.25,15,in_seg,0,1,0,,,,,miss,miss,5,6,correct,correct
0,MTR_110,us4,0.25,16,in_seg,0,1,5,,,,,miss,miss,5,5,correct,correct
0,MTR_110,us4,0.25,17,in_seg,1,5,1,,,,,miss,miss,2,1,wrong_host,correct
0,MTR_110,us4,0.25,18,in_seg,1,4,2,,,,,miss,miss,2,2,correct,correct
0,MTR_110,us8,0.05,14,effusion,2,-1,7,,,,,,,none,none,,
0,MTR_110,us8,0.05,15,in_seg,0,1,0,,,,,miss,miss,5,6,correct,correct
0,MTR_110,us8,0.05,16,in_seg,0,1,5,,,,,miss,miss,5,5,correct,correct
0,MTR_110,us8,0.05,17,in_seg,1,5,1,,,,,miss,miss,2,1,wrong_host,correct
0,MTR_110,us8,0.05,18,in_seg,1,4,2,,,,,miss,miss,2,2,correct,correct
0,MTR_110,us8,0.1,14,effusion,2,-1,7,,,,,,,none,none,,
0,MTR_110,us8,0.1,15,in_seg,0,1,0,,,,,miss,miss,5,6,correct,correct
0,MTR_110,us8,0.1,16,in_seg,0,1,5,,,,,miss,miss,5,5,correct,correct
0,MTR_110,us8,0.1,17,in_seg,1,5,1,,,,,miss,miss,2,1,wrong_host,correct
0,MTR_110,us8,0.1,18,in_seg,1,4,2,,,,,miss,miss,2,2,correct,correct
0,MTR_110,us8,0.25,14,effusion,2,-1,7,,,,,,,none,none,,
0,MTR_110,us8,0.25,15,in_seg,0,1,0,,,,,miss,miss,5,6,correct,correct
0,MTR_110,us8,0.25,16,in_seg,0,1,5,,,,,miss,miss,5,5,correct,correct
0,MTR_110,us8,0.25,17,in_seg,1,5,1,,,,,miss,miss,2,1,wrong_host,correct
0,MTR_110,us8,0.25,18,in_seg,1,4,2,,,,,miss,miss,2,2,correct,correct
0,MTR_110,us16,0.05,14,effusion,2,-1,7,,,,,,,none,none,,
0,MTR_110,us16,0.05,15,in_seg,0,1,0,,,,,miss,miss,5,6,correct,correct
0,MTR_110,us16,0.05,16,in_seg,0,1,5,,,,,miss,miss,5,5,correct,correct
0,MTR_110,us16,0.05,17,in_seg,1,5,1,,,,,miss,miss,2,1,wrong_host,correct
0,MTR_110,us16,0.05,18,in_seg,1,4,2,,,,,miss,miss,2,2,correct,correct
0,MTR_110,us16,0.1,14,effusion,2,-1,7,,,,,,,none,none,,
0,MTR_110,us16,0.1,15,in_seg,0,1,0,,,,,miss,miss,5,6,correct,correct
0,MTR_110,us16,0.1,16,in_seg,0,1,5,,,,,miss,miss,5,5,correct,correct
0,MTR_110,us16,0.1,17,in_seg,1,5,1,,,,,miss,miss,2,1,wrong_host,correct
0,MTR_110,us16,0.1,18,in_seg,1,4,2,,,,,miss,miss,2,2,correct,correct
0,MTR_110,us16,0.25,14,effusion,2,-1,7,,,,,,,none,none,,
0,MTR_110,us16,0.25,15,in_seg,0,1,0,,,,,miss,miss,5,6,correct,correct
0,MTR_110,us16,0.25,16,in_seg,0,1,5,,,,,miss,miss,5,5,correct,correct
0,MTR_110,us16,0.25,17,in_seg,1,5,1,,,,,miss,miss,2,1,wrong_host,correct
0,MTR_110,us16,0.25,18,in_seg,1,4,2,,,,,miss,miss,2,2,correct,correct
2,MTR_112,clean,0.05,36,in_seg,0,1,6,,,,,miss,miss,6,6,correct,correct
2,MTR_112,clean,0.05,37,in_seg,0,1,5,,,,,miss,miss,5,5,correct,correct
2,MTR_112,clean,0.05,38,in_seg,0,1,6,,,,,miss,miss,6,6,correct,correct
2,MTR_112,clean,0.05,39,in_seg,1,5,1,,,,,miss,miss,1,1,correct,correct
2,MTR_112,clean,0.05,40,in_seg,1,4,2,,,,,miss,miss,2,2,correct,correct
2,MTR_112,clean,0.05,41,effusion,2,-1,7,,,,,,,none,none,,
2,MTR_112,clean,0.05,42,effusion,2,-1,7,,,,,,,none,none,,
2,MTR_112,clean,0.1,36,in_seg,0,1,6,,,,,miss,miss,6,6,correct,correct
2,MTR_112,clean,0.1,37,in_seg,0,1,5,,,,,miss,miss,5,5,correct,correct
2,MTR_112,clean,0.1,38,in_seg,0,1,6,,,,,miss,miss,6,6,correct,correct
2,MTR_112,clean,0.1,39,in_seg,1,5,1,,,,,miss,miss,1,1,correct,correct
2,MTR_112,clean,0.1,40,in_seg,1,4,2,,,,,miss,miss,2,2,correct,correct
2,MTR_112,clean,0.1,41,effusion,2,-1,7,,,,,,,none,none,,
2,MTR_112,clean,0.1,42,effusion,2,-1,7,,,,,,,none,none,,
2,MTR_112,clean,0.25,36,in_seg,0,1,6,,,,,miss,miss,6,6,correct,correct
2,MTR_112,clean,0.25,37,in_seg,0,1,5,,,,,miss,miss,5,5,correct,correct
2,MTR_112,clean,0.25,38,in_seg,0,1,6,,,,,miss,miss,6,6,correct,correct
2,MTR_112,clean,0.25,39,in_seg,1,5,1,,,,,miss,miss,1,1,correct,correct
2,MTR_112,clean,0.25,40,in_seg,1,4,2,,,,,miss,miss,2,2,correct,correct
2,MTR_112,clean,0.25,41,effusion,2,-1,7,,,,,,,none,none,,
2,MTR_112,clean,0.25,42,effusion,2,-1,7,,,,,,,none,none,,
2,MTR_112,noise_q1,0.05,36,in_seg,0,1,6,,,,,miss,miss,6,6,correct,correct
2,MTR_112,noise_q1,0.05,37,in_seg,0,1,5,,,,,miss,miss,5,5,correct,correct
2,MTR_112,noise_q1,0.05,38,in_seg,0,1,6,,,,,miss,miss,6,6,correct,correct
2,MTR_112,noise_q1,0.05,39,in_seg,1,5,1,,,,,miss,miss,1,1,correct,correct
2,MTR_112,noise_q1,0.05,40,in_seg,1,4,2,,,,,miss,miss,2,2,correct,correct
2,MTR_112,noise_q1,0.05,41,effusion,2,-1,7,,,,,,,none,none,,
2,MTR_112,noise_q1,0.05,42,effusion,2,-1,7,,,,,,,none,none,,
2,MTR_112,noise_q1,0.1,36,in_seg,0,1,6,,,,,miss,miss,6,6,correct,correct
2,MTR_112,noise_q1,0.1,37,in_seg,0,1,5,,,,,miss,miss,5,5,correct,correct
2,MTR_112,noise_q1,0.1,38,in_seg,0,1,6,,,,,miss,miss,6,6,correct,correct
2,MTR_112,noise_q1,0.1,39,in_seg,1,5,1,,,,,miss,miss,1,1,correct,correct
2,MTR_112,noise_q1,0.1,40,in_seg,1,4,2,,,,,miss,miss,2,2,correct,correct
2,MTR_112,noise_q1,0.1,41,effusion,2,-1,7,,,,,,,none,none,,
2,MTR_112,noise_q1,0.1,42,effusion,2,-1,7,,,,,,,none,none,,
2,MTR_112,noise_q1,0.25,36,in_seg,0,1,6,,,,,miss,miss,6,6,correct,correct
2,MTR_112,noise_q1,0.25,37,in_seg,0,1,5,,,,,miss,miss,5,5,correct,correct
2,MTR_112,noise_q1,0.25,38,in_seg,0,1,6,,,,,miss,miss,6,6,correct,correct
2,MTR_112,noise_q1,0.25,39,in_seg,1,5,1,,,,,miss,miss,1,1,correct,correct
2,MTR_112,noise_q1,0.25,40,in_seg,1,4,2,,,,,miss,miss,2,2,correct,correct
2,MTR_112,noise_q1,0.25,41,effusion,2,-1,7,,,,,,,none,none,,
2,MTR_112,noise_q1,0.25,42,effusion,2,-1,7,,,,,,,none,none,,
2,MTR_112,noise_q2,0.05,36,in_seg,0,1,6,,,,,miss,miss,6,6,correct,correct
2,MTR_112,noise_q2,0.05,37,in_seg,0,1,5,,,,,miss,miss,5,5,correct,correct
2,MTR_112,noise_q2,0.05,38,in_seg,0,1,6,,,,,miss,miss,6,6,correct,correct
2,MTR_112,noise_q2,0.05,39,in_seg,1,5,1,,,,,miss,miss,1,1,correct,correct
2,MTR_112,noise_q2,0.05,40,in_seg,1,4,2,,,,,miss,miss,2,2,correct,correct
2,MTR_112,noise_q2,0.05,41,effusion,2,-1,7,,,,,,,none,none,,
2,MTR_112,noise_q2,0.05,42,effusion,2,-1,7,,,,,,,none,none,,
2,MTR_112,noise_q2,0.1,36,in_seg,0,1,6,,,,,miss,miss,6,6,correct,correct
2,MTR_112,noise_q2,0.1,37,in_seg,0,1,5,,,,,miss,miss,5,5,correct,correct
2,MTR_112,noise_q2,0.1,38,in_seg,0,1,6,,,,,miss,miss,6,6,correct,correct
2,MTR_112,noise_q2,0.1,39,in_seg,1,5,1,,,,,miss,miss,1,1,correct,correct
2,MTR_112,noise_q2,0.1,40,in_seg,1,4,2,,,,,miss,miss,2,2,correct,correct
2,MTR_112,noise_q2,0.1,41,effusion,2,-1,7,,,,,,,none,none,,
2,MTR_112,noise_q2,0.1,42,effusion,2,-1,7,,,,,,,none,none,,
2,MTR_112,noise_q2,0.25,36,in_seg,0,1,6,,,,,miss,miss,6,6,correct,correct
2,MTR_112,noise_q2,0.25,37,in_seg,0,1,5,,,,,miss,miss,5,5,correct,correct
2,MTR_112,noise_q2,0.25,38,in_seg,0,1,6,,,,,miss,miss,6,6,correct,correct
2,MTR_112,noise_q2,0.25,39,in_seg,1,5,1,,,,,miss,miss,1,1,correct,correct
2,MTR_112,noise_q2,0.25,40,in_seg,1,4,2,,,,,miss,miss,2,2,correct,correct
2,MTR_112,noise_q2,0.25,41,effusion,2,-1,7,,,,,,,none,none,,
2,MTR_112,noise_q2,0.25,42,effusion,2,-1,7,,,,,,,none,none,,
2,MTR_112,noise_q3,0.05,36,in_seg,0,1,6,,,,,miss,miss,6,6,correct,correct
2,MTR_112,noise_q3,0.05,37,in_seg,0,1,5,,,,,miss,miss,5,5,correct,correct
2,MTR_112,noise_q3,0.05,38,in_seg,0,1,6,,,,,miss,miss,6,6,correct,correct
2,MTR_112,noise_q3,0.05,39,in_seg,1,5,1,,,,,miss,miss,1,1,correct,correct
2,MTR_112,noise_q3,0.05,40,in_seg,1,4,2,,,,,miss,miss,2,2,correct,correct
2,MTR_112,noise_q3,0.05,41,effusion,2,-1,7,,,,,,,none,none,,
2,MTR_112,noise_q3,0.05,42,effusion,2,-1,7,,,,,,,none,none,,
2,MTR_112,noise_q3,0.1,36,in_seg,0,1,6,,,,,miss,miss,6,6,correct,correct
2,MTR_112,noise_q3,0.1,37,in_seg,0,1,5,,,,,miss,miss,5,5,correct,correct
2,MTR_112,noise_q3,0.1,38,in_seg,0,1,6,,,,,miss,miss,6,6,correct,correct
2,MTR_112,noise_q3,0.1,39,in_seg,1,5,1,,,,,miss,miss,1,1,correct,correct
2,MTR_112,noise_q3,0.1,40,in_seg,1,4,2,,,,,miss,miss,2,2,correct,correct
2,MTR_112,noise_q3,0.1,41,effusion,2,-1,7,,,,,,,none,none,,
2,MTR_112,noise_q3,0.1,42,effusion,2,-1,7,,,,,,,none,none,,
2,MTR_112,noise_q3,0.25,36,in_seg,0,1,6,,,,,miss,miss,6,6,correct,correct
2,MTR_112,noise_q3,0.25,37,in_seg,0,1,5,,,,,miss,miss,5,5,correct,correct
2,MTR_112,noise_q3,0.25,38,in_seg,0,1,6,,,,,miss,miss,6,6,correct,correct
2,MTR_112,noise_q3,0.25,39,in_seg,1,5,1,,,,,miss,miss,1,1,correct,correct
2,MTR_112,noise_q3,0.25,40,in_seg,1,4,2,,,,,miss,miss,2,2,correct,correct
2,MTR_112,noise_q3,0.25,41,effusion,2,-1,7,,,,,,,none,none,,
2,MTR_112,noise_q3,0.25,42,effusion,2,-1,7,,,,,,,none,none,,
2,MTR_112,us4,0.05,36,in_seg,0,1,6,,,,,miss,miss,6,6,correct,correct
2,MTR_112,us4,0.05,37,in_seg,0,1,5,,,,,miss,miss,5,5,correct,correct
2,MTR_112,us4,0.05,38,in_seg,0,1,6,,,,,miss,miss,6,5,correct,correct
2,MTR_112,us4,0.05,39,in_seg,1,5,1,,,,,miss,miss,1,1,correct,correct
2,MTR_112,us4,0.05,40,in_seg,1,4,2,,,,,miss,miss,2,2,correct,correct
2,MTR_112,us4,0.05,41,effusion,2,-1,7,,,,,,,none,none,,
2,MTR_112,us4,0.05,42,effusion,2,-1,7,,,,,,,none,none,,
2,MTR_112,us4,0.1,36,in_seg,0,1,6,,,,,miss,miss,6,6,correct,correct
2,MTR_112,us4,0.1,37,in_seg,0,1,5,,,,,miss,miss,5,5,correct,correct
2,MTR_112,us4,0.1,38,in_seg,0,1,6,,,,,miss,miss,6,5,correct,correct
2,MTR_112,us4,0.1,39,in_seg,1,5,1,,,,,miss,miss,1,1,correct,correct
2,MTR_112,us4,0.1,40,in_seg,1,4,2,,,,,miss,miss,2,2,correct,correct
2,MTR_112,us4,0.1,41,effusion,2,-1,7,,,,,,,none,none,,
2,MTR_112,us4,0.1,42,effusion,2,-1,7,,,,,,,none,none,,
2,MTR_112,us4,0.25,36,in_seg,0,1,6,,,,,miss,miss,6,6,correct,correct
2,MTR_112,us4,0.25,37,in_seg,0,1,5,,,,,miss,miss,5,5,correct,correct
2,MTR_112,us4,0.25,38,in_seg,0,1,6,,,,,miss,miss,6,5,correct,correct
2,MTR_112,us4,0.25,39,in_seg,1,5,1,,,,,miss,miss,1,1,correct,correct
2,MTR_112,us4,0.25,40,in_seg,1,4,2,,,,,miss,miss,2,2,correct,correct
2,MTR_112,us4,0.25,41,effusion,2,-1,7,,,,,,,none,none,,
2,MTR_112,us4,0.25,42,effusion,2,-1,7,,,,,,,none,none,,
2,MTR_112,us8,0.05,36,in_seg,0,1,6,,,,,miss,miss,6,6,correct,correct
2,MTR_112,us8,0.05,37,in_seg,0,1,5,,,,,miss,miss,5,5,correct,correct
2,MTR_112,us8,0.05,38,in_seg,0,1,6,,,,,miss,miss,6,6,correct,correct
2,MTR_112,us8,0.05,39,in_seg,1,5,1,,,,,miss,miss,1,1,correct,correct
2,MTR_112,us8,0.05,40,in_seg,1,4,2,,,,,miss,miss,2,2,correct,correct
2,MTR_112,us8,0.05,41,effusion,2,-1,7,,,,,,,none,none,,
2,MTR_112,us8,0.05,42,effusion,2,-1,7,,,,,,,none,none,,
2,MTR_112,us8,0.1,36,in_seg,0,1,6,,,,,miss,miss,6,6,correct,correct
2,MTR_112,us8,0.1,37,in_seg,0,1,5,,,,,miss,miss,5,5,correct,correct
2,MTR_112,us8,0.1,38,in_seg,0,1,6,,,,,miss,miss,6,6,correct,correct
2,MTR_112,us8,0.1,39,in_seg,1,5,1,,,,,miss,miss,1,1,correct,correct
2,MTR_112,us8,0.1,40,in_seg,1,4,2,,,,,miss,miss,2,2,correct,correct
2,MTR_112,us8,0.1,41,effusion,2,-1,7,,,,,,,none,none,,
2,MTR_112,us8,0.1,42,effusion,2,-1,7,,,,,,,none,none,,
2,MTR_112,us8,0.25,36,in_seg,0,1,6,,,,,miss,miss,6,6,correct,correct
2,MTR_112,us8,0.25,37,in_seg,0,1,5,,,,,miss,miss,5,5,correct,correct
2,MTR_112,us8,0.25,38,in_seg,0,1,6,,,,,miss,miss,6,6,correct,correct
2,MTR_112,us8,0.25,39,in_seg,1,5,1,,,,,miss,miss,1,1,correct,correct
2,MTR_112,us8,0.25,40,in_seg,1,4,2,,,,,miss,miss,2,2,correct,correct
2,MTR_112,us8,0.25,41,effusion,2,-1,7,,,,,,,none,none,,
2,MTR_112,us8,0.25,42,effusion,2,-1,7,,,,,,,none,none,,
2,MTR_112,us16,0.05,36,in_seg,0,1,6,,,,,miss,miss,6,6,correct,correct
2,MTR_112,us16,0.05,37,in_seg,0,1,5,,,,,miss,miss,5,5,correct,correct
2,MTR_112,us16,0.05,38,in_seg,0,1,6,,,,,miss,miss,6,6,correct,correct
2,MTR_112,us16,0.05,39,in_seg,1,5,1,,,,,miss,miss,1,1,correct,correct
2,MTR_112,us16,0.05,40,in_seg,1,4,2,,,,,miss,miss,2,2,correct,correct
2,MTR_112,us16,0.05,41,effusion,2,-1,7,,,,,,,none,none,,
2,MTR_112,us16,0.05,42,effusion,2,-1,7,,,,,,,none,none,,
2,MTR_112,us16,0.1,36,in_seg,0,1,6,,,,,miss,miss,6,6,correct,correct
2,MTR_112,us16,0.1,37,in_seg,0,1,5,,,,,miss,miss,5,5,correct,correct
2,MTR_112,us16,0.1,38,in_seg,0,1,6,,,,,miss,miss,6,6,correct,correct
2,MTR_112,us16,0.1,39,in_seg,1,5,1,,,,,miss,miss,1,1,correct,correct
2,MTR_112,us16,0.1,40,in_seg,1,4,2,,,,,miss,miss,2,2,correct,correct
2,MTR_112,us16,0.1,41,effusion,2,-1,7,,,,,,,none,none,,
2,MTR_112,us16,0.1,42,effusion,2,-1,7,,,,,,,none,none,,
2,MTR_112,us16,0.25,36,in_seg,0,1,6,,,,,miss,miss,6,6,correct,correct
2,MTR_112,us16,0.25,37,in_seg,0,1,5,,,,,miss,miss,5,5,correct,correct
2,MTR_112,us16,0.25,38,in_seg,0,1,6,,,,,miss,miss,6,6,correct,correct
2,MTR_112,us16,0.25,39,in_seg,1,5,1,,,,,miss,miss,1,1,correct,correct
2,MTR_112,us16,0.25,40,in_seg,1,4,2,,,,,miss,miss,2,2,correct,correct
2,MTR_112,us16,0.25,41,effusion,2,-1,7,,,,,,,none,none,,
2,MTR_112,us16,0.25,42,effusion,2,-1,7,,,,,,,none,none,,
2,MTR_113,clean,0.05,88,effusion,2,-1,7,,,,,,,none,none,,
2,MTR_113,clean,0.1,88,effusion,2,-1,7,,,,,,,none,none,,
2,MTR_113,clean,0.25,88,effusion,2,-1,7,,,,,,,none,none,,
2,MTR_113,noise_q1,0.05,88,effusion,2,-1,7,,,,,,,none,none,,
2,MTR_113,noise_q1,0.1,88,effusion,2,-1,7,,,,,,,none,none,,
2,MTR_113,noise_q1,0.25,88,effusion,2,-1,7,,,,,,,none,none,,
2,MTR_113,noise_q2,0.05,88,effusion,2,-1,7,,,,,,,none,none,,
2,MTR_113,noise_q2,0.1,88,effusion,2,-1,7,,,,,,,none,none,,
2,MTR_113,noise_q2,0.25,88,effusion,2,-1,7,,,,,,,none,none,,
2,MTR_113,noise_q3,0.05,88,effusion,2,-1,7,,,,,,,none,none,,
2,MTR_113,noise_q3,0.1,88,effusion,2,-1,7,,,,,,,none,none,,
2,MTR_113,noise_q3,0.25,88,effusion,2,-1,7,,,,,,,none,none,,
2,MTR_113,us4,0.05,88,effusion,2,-1,7,,,,,,,none,none,,
2,MTR_113,us4,0.1,88,effusion,2,-1,7,,,,,,,none,none,,
2,MTR_113,us4,0.25,88,effusion,2,-1,7,,,,,,,none,none,,
2,MTR_113,us8,0.05,88,effusion,2,-1,7,,,,,,,none,none,,
2,MTR_113,us8,0.1,88,effusion,2,-1,7,,,,,,,none,none,,
2,MTR_113,us8,0.25,88,effusion,2,-1,7,,,,,,,none,none,,
2,MTR_113,us16,0.05,88,effusion,2,-1,7,,,,,,,none,none,,
2,MTR_113,us16,0.1,88,effusion,2,-1,7,,,,,,,none,none,,
2,MTR_113,us16,0.25,88,effusion,2,-1,7,,,,,,,none,none,,
1,MTR_115,clean,0.05,85,in_seg,1,5,1,,,,,miss,miss,1,1,correct,correct
1,MTR_115,clean,0.05,86,effusion,2,-1,7,,,,,,,none,none,,
1,MTR_115,clean,0.05,87,effusion,2,-1,7,,,,,,,none,none,,
1,MTR_115,clean,0.1,85,in_seg,1,5,1,,,,,miss,miss,1,1,correct,correct
1,MTR_115,clean,0.1,86,effusion,2,-1,7,,,,,,,none,none,,
1,MTR_115,clean,0.1,87,effusion,2,-1,7,,,,,,,none,none,,
1,MTR_115,clean,0.25,85,in_seg,1,5,1,,,,,miss,miss,1,1,correct,correct
1,MTR_115,clean,0.25,86,effusion,2,-1,7,,,,,,,none,none,,
1,MTR_115,clean,0.25,87,effusion,2,-1,7,,,,,,,none,none,,
1,MTR_115,noise_q1,0.05,85,in_seg,1,5,1,,,,,miss,miss,1,1,correct,correct
1,MTR_115,noise_q1,0.05,86,effusion,2,-1,7,,,,,,,none,none,,
1,MTR_115,noise_q1,0.05,87,effusion,2,-1,7,,,,,,,none,none,,
1,MTR_115,noise_q1,0.1,85,in_seg,1,5,1,,,,,miss,miss,1,1,correct,correct
1,MTR_115,noise_q1,0.1,86,effusion,2,-1,7,,,,,,,none,none,,
1,MTR_115,noise_q1,0.1,87,effusion,2,-1,7,,,,,,,none,none,,
1,MTR_115,noise_q1,0.25,85,in_seg,1,5,1,,,,,miss,miss,1,1,correct,correct
1,MTR_115,noise_q1,0.25,86,effusion,2,-1,7,,,,,,,none,none,,
1,MTR_115,noise_q1,0.25,87,effusion,2,-1,7,,,,,,,none,none,,
1,MTR_115,noise_q2,0.05,85,in_seg,1,5,1,,,,,miss,miss,1,1,correct,correct
1,MTR_115,noise_q2,0.05,86,effusion,2,-1,7,,,,,,,none,none,,
1,MTR_115,noise_q2,0.05,87,effusion,2,-1,7,,,,,,,none,none,,
1,MTR_115,noise_q2,0.1,85,in_seg,1,5,1,,,,,miss,miss,1,1,correct,correct
1,MTR_115,noise_q2,0.1,86,effusion,2,-1,7,,,,,,,none,none,,
1,MTR_115,noise_q2,0.1,87,effusion,2,-1,7,,,,,,,none,none,,
1,MTR_115,noise_q2,0.25,85,in_seg,1,5,1,,,,,miss,miss,1,1,correct,correct
1,MTR_115,noise_q2,0.25,86,effusion,2,-1,7,,,,,,,none,none,,
1,MTR_115,noise_q2,0.25,87,effusion,2,-1,7,,,,,,,none,none,,
1,MTR_115,noise_q3,0.05,85,in_seg,1,5,1,,,,,miss,miss,1,1,correct,correct
1,MTR_115,noise_q3,0.05,86,effusion,2,-1,7,,,,,,,none,none,,
1,MTR_115,noise_q3,0.05,87,effusion,2,-1,7,,,,,,,none,none,,
1,MTR_115,noise_q3,0.1,85,in_seg,1,5,1,,,,,miss,miss,1,1,correct,correct
1,MTR_115,noise_q3,0.1,86,effusion,2,-1,7,,,,,,,none,none,,
1,MTR_115,noise_q3,0.1,87,effusion,2,-1,7,,,,,,,none,none,,
1,MTR_115,noise_q3,0.25,85,in_seg,1,5,1,,,,,miss,miss,1,1,correct,correct
1,MTR_115,noise_q3,0.25,86,effusion,2,-1,7,,,,,,,none,none,,
1,MTR_115,noise_q3,0.25,87,effusion,2,-1,7,,,,,,,none,none,,
1,MTR_115,us4,0.05,85,in_seg,1,5,1,,,,,miss,miss,1,1,correct,correct
1,MTR_115,us4,0.05,86,effusion,2,-1,7,,,,,,,none,none,,
1,MTR_115,us4,0.05,87,effusion,2,-1,7,,,,,,,none,none,,
1,MTR_115,us4,0.1,85,in_seg,1,5,1,,,,,miss,miss,1,1,correct,correct
1,MTR_115,us4,0.1,86,effusion,2,-1,7,,,,,,,none,none,,
1,MTR_115,us4,0.1,87,effusion,2,-1,7,,,,,,,none,none,,
1,MTR_115,us4,0.25,85,in_seg,1,5,1,,,,,miss,miss,1,1,correct,correct
1,MTR_115,us4,0.25,86,effusion,2,-1,7,,,,,,,none,none,,
1,MTR_115,us4,0.25,87,effusion,2,-1,7,,,,,,,none,none,,
1,MTR_115,us8,0.05,85,in_seg,1,5,1,,,,,miss,miss,1,1,correct,correct
1,MTR_115,us8,0.05,86,effusion,2,-1,7,,,,,,,none,none,,
1,MTR_115,us8,0.05,87,effusion,2,-1,7,,,,,,,none,none,,
1,MTR_115,us8,0.1,85,in_seg,1,5,1,,,,,miss,miss,1,1,correct,correct
1,MTR_115,us8,0.1,86,effusion,2,-1,7,,,,,,,none,none,,
1,MTR_115,us8,0.1,87,effusion,2,-1,7,,,,,,,none,none,,
1,MTR_115,us8,0.25,85,in_seg,1,5,1,,,,,miss,miss,1,1,correct,correct
1,MTR_115,us8,0.25,86,effusion,2,-1,7,,,,,,,none,none,,
1,MTR_115,us8,0.25,87,effusion,2,-1,7,,,,,,,none,none,,
1,MTR_115,us16,0.05,85,in_seg,1,5,1,,,,,miss,miss,1,1,correct,correct
1,MTR_115,us16,0.05,86,effusion,2,-1,7,,,,,,,none,none,,
1,MTR_115,us16,0.05,87,effusion,2,-1,7,,,,,,,none,none,,
1,MTR_115,us16,0.1,85,in_seg,1,5,1,,,,,miss,miss,1,1,correct,correct
1,MTR_115,us16,0.1,86,effusion,2,-1,7,,,,,,,none,none,,
1,MTR_115,us16,0.1,87,effusion,2,-1,7,,,,,,,none,none,,
1,MTR_115,us16,0.25,85,in_seg,1,5,1,,,,,miss,miss,1,1,correct,correct
1,MTR_115,us16,0.25,86,effusion,2,-1,7,,,,,,,none,none,,
1,MTR_115,us16,0.25,87,effusion,2,-1,7,,,,,,,none,none,,
4,MTR_120,clean,0.05,108,effusion,2,-1,7,,,,,,,none,none,,
4,MTR_120,clean,0.1,108,effusion,2,-1,7,,,,,,,none,none,,
4,MTR_120,clean,0.25,108,effusion,2,-1,7,,,,,,,none,none,,
4,MTR_120,noise_q1,0.05,108,effusion,2,-1,7,,,,,,,none,none,,
4,MTR_120,noise_q1,0.1,108,effusion,2,-1,7,,,,,,,none,none,,
4,MTR_120,noise_q1,0.25,108,effusion,2,-1,7,,,,,,,none,none,,
4,MTR_120,noise_q2,0.05,108,effusion,2,-1,7,,,,,,,none,none,,
4,MTR_120,noise_q2,0.1,108,effusion,2,-1,7,,,,,,,none,none,,
4,MTR_120,noise_q2,0.25,108,effusion,2,-1,7,,,,,,,none,none,,
4,MTR_120,noise_q3,0.05,108,effusion,2,-1,7,,,,,,,none,none,,
4,MTR_120,noise_q3,0.1,108,effusion,2,-1,7,,,,,,,none,none,,
4,MTR_120,noise_q3,0.25,108,effusion,2,-1,7,,,,,,,none,none,,
4,MTR_120,us4,0.05,108,effusion,2,-1,7,,,,,,,none,none,,
4,MTR_120,us4,0.1,108,effusion,2,-1,7,,,,,,,none,none,,
4,MTR_120,us4,0.25,108,effusion,2,-1,7,,,,,,,none,none,,
4,MTR_120,us8,0.05,108,effusion,2,-1,7,,,,,,,none,none,,
4,MTR_120,us8,0.1,108,effusion,2,-1,7,,,,,,,none,none,,
4,MTR_120,us8,0.25,108,effusion,2,-1,7,,,,,,,none,none,,
4,MTR_120,us16,0.05,108,effusion,2,-1,7,,,,,,,none,none,,
4,MTR_120,us16,0.1,108,effusion,2,-1,7,,,,,,,none,none,,
4,MTR_120,us16,0.25,108,effusion,2,-1,7,,,,,,,none,none,,
2,MTR_124,clean,0.05,188,ligament,3,2,0,,,,,,,unknown,unknown,,
2,MTR_124,clean,0.1,188,ligament,3,2,0,,,,,,,unknown,unknown,,
2,MTR_124,clean,0.25,188,ligament,3,2,0,,,,,,,unknown,unknown,,
2,MTR_124,noise_q1,0.05,188,ligament,3,2,0,,,,,,,unknown,unknown,,
2,MTR_124,noise_q1,0.1,188,ligament,3,2,0,,,,,,,unknown,unknown,,
2,MTR_124,noise_q1,0.25,188,ligament,3,2,0,,,,,,,unknown,unknown,,
2,MTR_124,noise_q2,0.05,188,ligament,3,2,0,,,,,,,unknown,unknown,,
2,MTR_124,noise_q2,0.1,188,ligament,3,2,0,,,,,,,unknown,unknown,,
2,MTR_124,noise_q2,0.25,188,ligament,3,2,0,,,,,,,unknown,unknown,,
2,MTR_124,noise_q3,0.05,188,ligament,3,2,0,,,,,,,unknown,unknown,,
2,MTR_124,noise_q3,0.1,188,ligament,3,2,0,,,,,,,unknown,unknown,,
2,MTR_124,noise_q3,0.25,188,ligament,3,2,0,,,,,,,unknown,unknown,,
2,MTR_124,us4,0.05,188,ligament,3,2,0,,,,,,,unknown,unknown,,
2,MTR_124,us4,0.1,188,ligament,3,2,0,,,,,,,unknown,unknown,,
2,MTR_124,us4,0.25,188,ligament,3,2,0,,,,,,,unknown,unknown,,
2,MTR_124,us8,0.05,188,ligament,3,2,0,,,,,,,unknown,unknown,,
2,MTR_124,us8,0.1,188,ligament,3,2,0,,,,,,,unknown,unknown,,
2,MTR_124,us8,0.25,188,ligament,3,2,0,,,,,,,unknown,unknown,,
2,MTR_124,us16,0.05,188,ligament,3,2,0,,,,,,,unknown,unknown,,
2,MTR_124,us16,0.1,188,ligament,3,2,0,,,,,,,unknown,unknown,,
2,MTR_124,us16,0.25,188,ligament,3,2,0,,,,,,,unknown,unknown,,
0,MTR_126,clean,0.05,109,ligament,3,2,0,,,,,,,unknown,unknown,,
0,MTR_126,clean,0.05,110,in_seg,1,6,4,,,,,miss,miss,4,2,correct,wrong_host
0,MTR_126,clean,0.05,111,in_seg,1,4,2,,,,,miss,miss,2,2,correct,correct
0,MTR_126,clean,0.05,112,effusion,2,-1,7,,,,,,,none,none,,
0,MTR_126,clean,0.1,109,ligament,3,2,0,,,,,,,unknown,unknown,,
0,MTR_126,clean,0.1,110,in_seg,1,6,4,,,,,miss,miss,4,2,correct,wrong_host
0,MTR_126,clean,0.1,111,in_seg,1,4,2,,,,,miss,miss,2,2,correct,correct
0,MTR_126,clean,0.1,112,effusion,2,-1,7,,,,,,,none,none,,
0,MTR_126,clean,0.25,109,ligament,3,2,0,,,,,,,unknown,unknown,,
0,MTR_126,clean,0.25,110,in_seg,1,6,4,,,,,miss,miss,4,2,correct,wrong_host
0,MTR_126,clean,0.25,111,in_seg,1,4,2,,,,,miss,miss,2,2,correct,correct
0,MTR_126,clean,0.25,112,effusion,2,-1,7,,,,,,,none,none,,
0,MTR_126,noise_q1,0.05,109,ligament,3,2,0,,,,,,,unknown,unknown,,
0,MTR_126,noise_q1,0.05,110,in_seg,1,6,4,,,,,miss,miss,4,2,correct,wrong_host
0,MTR_126,noise_q1,0.05,111,in_seg,1,4,2,,,,,miss,miss,2,2,correct,correct
0,MTR_126,noise_q1,0.05,112,effusion,2,-1,7,,,,,,,none,none,,
0,MTR_126,noise_q1,0.1,109,ligament,3,2,0,,,,,,,unknown,unknown,,
0,MTR_126,noise_q1,0.1,110,in_seg,1,6,4,,,,,miss,miss,4,2,correct,wrong_host
0,MTR_126,noise_q1,0.1,111,in_seg,1,4,2,,,,,miss,miss,2,2,correct,correct
0,MTR_126,noise_q1,0.1,112,effusion,2,-1,7,,,,,,,none,none,,
0,MTR_126,noise_q1,0.25,109,ligament,3,2,0,,,,,,,unknown,unknown,,
0,MTR_126,noise_q1,0.25,110,in_seg,1,6,4,,,,,miss,miss,4,2,correct,wrong_host
0,MTR_126,noise_q1,0.25,111,in_seg,1,4,2,,,,,miss,miss,2,2,correct,correct
0,MTR_126,noise_q1,0.25,112,effusion,2,-1,7,,,,,,,none,none,,
0,MTR_126,noise_q2,0.05,109,ligament,3,2,0,,,,,,,unknown,unknown,,
0,MTR_126,noise_q2,0.05,110,in_seg,1,6,4,,,,,miss,miss,4,2,correct,wrong_host
0,MTR_126,noise_q2,0.05,111,in_seg,1,4,2,,,,,miss,miss,2,2,correct,correct
0,MTR_126,noise_q2,0.05,112,effusion,2,-1,7,,,,,,,none,none,,
0,MTR_126,noise_q2,0.1,109,ligament,3,2,0,,,,,,,unknown,unknown,,
0,MTR_126,noise_q2,0.1,110,in_seg,1,6,4,,,,,miss,miss,4,2,correct,wrong_host
0,MTR_126,noise_q2,0.1,111,in_seg,1,4,2,,,,,miss,miss,2,2,correct,correct
0,MTR_126,noise_q2,0.1,112,effusion,2,-1,7,,,,,,,none,none,,
0,MTR_126,noise_q2,0.25,109,ligament,3,2,0,,,,,,,unknown,unknown,,
0,MTR_126,noise_q2,0.25,110,in_seg,1,6,4,,,,,miss,miss,4,2,correct,wrong_host
0,MTR_126,noise_q2,0.25,111,in_seg,1,4,2,,,,,miss,miss,2,2,correct,correct
0,MTR_126,noise_q2,0.25,112,effusion,2,-1,7,,,,,,,none,none,,
0,MTR_126,noise_q3,0.05,109,ligament,3,2,0,,,,,,,unknown,unknown,,
0,MTR_126,noise_q3,0.05,110,in_seg,1,6,4,,,,,miss,miss,4,2,correct,wrong_host
0,MTR_126,noise_q3,0.05,111,in_seg,1,4,2,,,,,miss,miss,2,2,correct,correct
0,MTR_126,noise_q3,0.05,112,effusion,2,-1,7,,,,,,,none,none,,
0,MTR_126,noise_q3,0.1,109,ligament,3,2,0,,,,,,,unknown,unknown,,
0,MTR_126,noise_q3,0.1,110,in_seg,1,6,4,,,,,miss,miss,4,2,correct,wrong_host
0,MTR_126,noise_q3,0.1,111,in_seg,1,4,2,,,,,miss,miss,2,2,correct,correct
0,MTR_126,noise_q3,0.1,112,effusion,2,-1,7,,,,,,,none,none,,
0,MTR_126,noise_q3,0.25,109,ligament,3,2,0,,,,,,,unknown,unknown,,
0,MTR_126,noise_q3,0.25,110,in_seg,1,6,4,,,,,miss,miss,4,2,correct,wrong_host
0,MTR_126,noise_q3,0.25,111,in_seg,1,4,2,,,,,miss,miss,2,2,correct,correct
0,MTR_126,noise_q3,0.25,112,effusion,2,-1,7,,,,,,,none,none,,
0,MTR_126,us4,0.05,109,ligament,3,2,0,,,,,,,unknown,unknown,,
0,MTR_126,us4,0.05,110,in_seg,1,6,4,,,,,miss,miss,4,2,correct,wrong_host
0,MTR_126,us4,0.05,111,in_seg,1,4,2,,,,,miss,miss,2,2,correct,correct
0,MTR_126,us4,0.05,112,effusion,2,-1,7,,,,,,,none,none,,
0,MTR_126,us4,0.1,109,ligament,3,2,0,,,,,,,unknown,unknown,,
0,MTR_126,us4,0.1,110,in_seg,1,6,4,,,,,miss,miss,4,2,correct,wrong_host
0,MTR_126,us4,0.1,111,in_seg,1,4,2,,,,,miss,miss,2,2,correct,correct
0,MTR_126,us4,0.1,112,effusion,2,-1,7,,,,,,,none,none,,
0,MTR_126,us4,0.25,109,ligament,3,2,0,,,,,,,unknown,unknown,,
0,MTR_126,us4,0.25,110,in_seg,1,6,4,,,,,miss,miss,4,2,correct,wrong_host
0,MTR_126,us4,0.25,111,in_seg,1,4,2,,,,,miss,miss,2,2,correct,correct
0,MTR_126,us4,0.25,112,effusion,2,-1,7,,,,,,,none,none,,
0,MTR_126,us8,0.05,109,ligament,3,2,0,,,,,,,unknown,unknown,,
0,MTR_126,us8,0.05,110,in_seg,1,6,4,,,,,miss,miss,4,2,correct,wrong_host
0,MTR_126,us8,0.05,111,in_seg,1,4,2,,,,,miss,miss,2,2,correct,correct
0,MTR_126,us8,0.05,112,effusion,2,-1,7,,,,,,,none,none,,
0,MTR_126,us8,0.1,109,ligament,3,2,0,,,,,,,unknown,unknown,,
0,MTR_126,us8,0.1,110,in_seg,1,6,4,,,,,miss,miss,4,2,correct,wrong_host
0,MTR_126,us8,0.1,111,in_seg,1,4,2,,,,,miss,miss,2,2,correct,correct
0,MTR_126,us8,0.1,112,effusion,2,-1,7,,,,,,,none,none,,
0,MTR_126,us8,0.25,109,ligament,3,2,0,,,,,,,unknown,unknown,,
0,MTR_126,us8,0.25,110,in_seg,1,6,4,,,,,miss,miss,4,2,correct,wrong_host
0,MTR_126,us8,0.25,111,in_seg,1,4,2,,,,,miss,miss,2,2,correct,correct
0,MTR_126,us8,0.25,112,effusion,2,-1,7,,,,,,,none,none,,
0,MTR_126,us16,0.05,109,ligament,3,2,0,,,,,,,unknown,unknown,,
0,MTR_126,us16,0.05,110,in_seg,1,6,4,,,,,miss,miss,4,2,correct,wrong_host
0,MTR_126,us16,0.05,111,in_seg,1,4,2,,,,,miss,miss,2,2,correct,correct
0,MTR_126,us16,0.05,112,effusion,2,-1,7,,,,,,,none,none,,
0,MTR_126,us16,0.1,109,ligament,3,2,0,,,,,,,unknown,unknown,,
0,MTR_126,us16,0.1,110,in_seg,1,6,4,,,,,miss,miss,4,2,correct,wrong_host
0,MTR_126,us16,0.1,111,in_seg,1,4,2,,,,,miss,miss,2,2,correct,correct
0,MTR_126,us16,0.1,112,effusion,2,-1,7,,,,,,,none,none,,
0,MTR_126,us16,0.25,109,ligament,3,2,0,,,,,,,unknown,unknown,,
0,MTR_126,us16,0.25,110,in_seg,1,6,4,,,,,miss,miss,4,2,correct,wrong_host
0,MTR_126,us16,0.25,111,in_seg,1,4,2,,,,,miss,miss,2,2,correct,correct
0,MTR_126,us16,0.25,112,effusion,2,-1,7,,,,,,,none,none,,
0,MTR_129,clean,0.05,93,ligament,3,2,0,,,,,,,unknown,unknown,,
0,MTR_129,clean,0.05,94,ligament,3,3,0,,,,,,,unknown,unknown,,
0,MTR_129,clean,0.1,93,ligament,3,2,0,,,,,,,unknown,unknown,,
0,MTR_129,clean,0.1,94,ligament,3,3,0,,,,,,,unknown,unknown,,
0,MTR_129,clean,0.25,93,ligament,3,2,0,,,,,,,unknown,unknown,,
0,MTR_129,clean,0.25,94,ligament,3,3,0,,,,,,,unknown,unknown,,
0,MTR_129,noise_q1,0.05,93,ligament,3,2,0,,,,,,,unknown,unknown,,
0,MTR_129,noise_q1,0.05,94,ligament,3,3,0,,,,,,,unknown,unknown,,
0,MTR_129,noise_q1,0.1,93,ligament,3,2,0,,,,,,,unknown,unknown,,
0,MTR_129,noise_q1,0.1,94,ligament,3,3,0,,,,,,,unknown,unknown,,
0,MTR_129,noise_q1,0.25,93,ligament,3,2,0,,,,,,,unknown,unknown,,
0,MTR_129,noise_q1,0.25,94,ligament,3,3,0,,,,,,,unknown,unknown,,
0,MTR_129,noise_q2,0.05,93,ligament,3,2,0,,,,,,,unknown,unknown,,
0,MTR_129,noise_q2,0.05,94,ligament,3,3,0,,,,,,,unknown,unknown,,
0,MTR_129,noise_q2,0.1,93,ligament,3,2,0,,,,,,,unknown,unknown,,
0,MTR_129,noise_q2,0.1,94,ligament,3,3,0,,,,,,,unknown,unknown,,
0,MTR_129,noise_q2,0.25,93,ligament,3,2,0,,,,,,,unknown,unknown,,
0,MTR_129,noise_q2,0.25,94,ligament,3,3,0,,,,,,,unknown,unknown,,
0,MTR_129,noise_q3,0.05,93,ligament,3,2,0,,,,,,,unknown,unknown,,
0,MTR_129,noise_q3,0.05,94,ligament,3,3,0,,,,,,,unknown,unknown,,
0,MTR_129,noise_q3,0.1,93,ligament,3,2,0,,,,,,,unknown,unknown,,
0,MTR_129,noise_q3,0.1,94,ligament,3,3,0,,,,,,,unknown,unknown,,
0,MTR_129,noise_q3,0.25,93,ligament,3,2,0,,,,,,,unknown,unknown,,
0,MTR_129,noise_q3,0.25,94,ligament,3,3,0,,,,,,,unknown,unknown,,
0,MTR_129,us4,0.05,93,ligament,3,2,0,,,,,,,unknown,unknown,,
0,MTR_129,us4,0.05,94,ligament,3,3,0,,,,,,,unknown,unknown,,
0,MTR_129,us4,0.1,93,ligament,3,2,0,,,,,,,unknown,unknown,,
0,MTR_129,us4,0.1,94,ligament,3,3,0,,,,,,,unknown,unknown,,
0,MTR_129,us4,0.25,93,ligament,3,2,0,,,,,,,unknown,unknown,,
0,MTR_129,us4,0.25,94,ligament,3,3,0,,,,,,,unknown,unknown,,
0,MTR_129,us8,0.05,93,ligament,3,2,0,,,,,,,unknown,unknown,,
0,MTR_129,us8,0.05,94,ligament,3,3,0,,,,,,,unknown,unknown,,
0,MTR_129,us8,0.1,93,ligament,3,2,0,,,,,,,unknown,unknown,,
0,MTR_129,us8,0.1,94,ligament,3,3,0,,,,,,,unknown,unknown,,
0,MTR_129,us8,0.25,93,ligament,3,2,0,,,,,,,unknown,unknown,,
0,MTR_129,us8,0.25,94,ligament,3,3,0,,,,,,,unknown,unknown,,
0,MTR_129,us16,0.05,93,ligament,3,2,0,,,,,,,unknown,unknown,,
0,MTR_129,us16,0.05,94,ligament,3,3,0,,,,,,,unknown,unknown,,
0,MTR_129,us16,0.1,93,ligament,3,2,0,,,,,,,unknown,unknown,,
0,MTR_129,us16,0.1,94,ligament,3,3,0,,,,,,,unknown,unknown,,
0,MTR_129,us16,0.25,93,ligament,3,2,0,,,,,,,unknown,unknown,,
0,MTR_129,us16,0.25,94,ligament,3,3,0,,,,,,,unknown,unknown,,
2,MTR_130,clean,0.05,88,in_seg,1,4,2,,,,,miss,miss,2,2,correct,correct
2,MTR_130,clean,0.1,88,in_seg,1,4,2,,,,,miss,miss,2,2,correct,correct
2,MTR_130,clean,0.25,88,in_seg,1,4,2,,,,,miss,miss,2,2,correct,correct
2,MTR_130,noise_q1,0.05,88,in_seg,1,4,2,,,,,miss,miss,2,2,correct,correct
2,MTR_130,noise_q1,0.1,88,in_seg,1,4,2,,,,,miss,miss,2,2,correct,correct
2,MTR_130,noise_q1,0.25,88,in_seg,1,4,2,,,,,miss,miss,2,2,correct,correct
2,MTR_130,noise_q2,0.05,88,in_seg,1,4,2,,,,,miss,miss,2,2,correct,correct
2,MTR_130,noise_q2,0.1,88,in_seg,1,4,2,,,,,miss,miss,2,2,correct,correct
2,MTR_130,noise_q2,0.25,88,in_seg,1,4,2,,,,,miss,miss,2,2,correct,correct
2,MTR_130,noise_q3,0.05,88,in_seg,1,4,2,,,,,miss,miss,2,2,correct,correct
2,MTR_130,noise_q3,0.1,88,in_seg,1,4,2,,,,,miss,miss,2,2,correct,correct
2,MTR_130,noise_q3,0.25,88,in_seg,1,4,2,,,,,miss,miss,2,2,correct,correct
2,MTR_130,us4,0.05,88,in_seg,1,4,2,,,,,miss,miss,2,2,correct,correct
2,MTR_130,us4,0.1,88,in_seg,1,4,2,,,,,miss,miss,2,2,correct,correct
2,MTR_130,us4,0.25,88,in_seg,1,4,2,,,,,miss,miss,2,2,correct,correct
2,MTR_130,us8,0.05,88,in_seg,1,4,2,,,,,miss,miss,2,2,correct,correct
2,MTR_130,us8,0.1,88,in_seg,1,4,2,,,,,miss,miss,2,2,correct,correct
2,MTR_130,us8,0.25,88,in_seg,1,4,2,,,,,miss,miss,2,2,correct,correct
2,MTR_130,us16,0.05,88,in_seg,1,4,2,,,,,miss,miss,2,2,correct,correct
2,MTR_130,us16,0.1,88,in_seg,1,4,2,,,,,miss,miss,2,2,correct,correct
2,MTR_130,us16,0.25,88,in_seg,1,4,2,,,,,miss,miss,2,2,correct,correct
1,MTR_133,clean,0.05,1,effusion,2,-1,7,,,,,,,none,none,,
1,MTR_133,clean,0.05,2,in_seg,0,1,6,,,,,miss,miss,6,6,correct,correct
1,MTR_133,clean,0.05,3,ligament,3,2,0,,,,,,,unknown,unknown,,
1,MTR_133,clean,0.1,1,effusion,2,-1,7,,,,,,,none,none,,
1,MTR_133,clean,0.1,2,in_seg,0,1,6,,,,,miss,miss,6,6,correct,correct
1,MTR_133,clean,0.1,3,ligament,3,2,0,,,,,,,unknown,unknown,,
1,MTR_133,clean,0.25,1,effusion,2,-1,7,,,,,,,none,none,,
1,MTR_133,clean,0.25,2,in_seg,0,1,6,,,,,miss,miss,6,6,correct,correct
1,MTR_133,clean,0.25,3,ligament,3,2,0,,,,,,,unknown,unknown,,
1,MTR_133,noise_q1,0.05,1,effusion,2,-1,7,,,,,,,none,none,,
1,MTR_133,noise_q1,0.05,2,in_seg,0,1,6,,,,,miss,miss,6,6,correct,correct
1,MTR_133,noise_q1,0.05,3,ligament,3,2,0,,,,,,,unknown,unknown,,
1,MTR_133,noise_q1,0.1,1,effusion,2,-1,7,,,,,,,none,none,,
1,MTR_133,noise_q1,0.1,2,in_seg,0,1,6,,,,,miss,miss,6,6,correct,correct
1,MTR_133,noise_q1,0.1,3,ligament,3,2,0,,,,,,,unknown,unknown,,
1,MTR_133,noise_q1,0.25,1,effusion,2,-1,7,,,,,,,none,none,,
1,MTR_133,noise_q1,0.25,2,in_seg,0,1,6,,,,,miss,miss,6,6,correct,correct
1,MTR_133,noise_q1,0.25,3,ligament,3,2,0,,,,,,,unknown,unknown,,
1,MTR_133,noise_q2,0.05,1,effusion,2,-1,7,,,,,,,none,none,,
1,MTR_133,noise_q2,0.05,2,in_seg,0,1,6,,,,,miss,miss,6,6,correct,correct
1,MTR_133,noise_q2,0.05,3,ligament,3,2,0,,,,,,,unknown,unknown,,
1,MTR_133,noise_q2,0.1,1,effusion,2,-1,7,,,,,,,none,none,,
1,MTR_133,noise_q2,0.1,2,in_seg,0,1,6,,,,,miss,miss,6,6,correct,correct
1,MTR_133,noise_q2,0.1,3,ligament,3,2,0,,,,,,,unknown,unknown,,
1,MTR_133,noise_q2,0.25,1,effusion,2,-1,7,,,,,,,none,none,,
1,MTR_133,noise_q2,0.25,2,in_seg,0,1,6,,,,,miss,miss,6,6,correct,correct
1,MTR_133,noise_q2,0.25,3,ligament,3,2,0,,,,,,,unknown,unknown,,
1,MTR_133,noise_q3,0.05,1,effusion,2,-1,7,,,,,,,none,none,,
1,MTR_133,noise_q3,0.05,2,in_seg,0,1,6,,,,,miss,miss,6,6,correct,correct
1,MTR_133,noise_q3,0.05,3,ligament,3,2,0,,,,,,,unknown,unknown,,
1,MTR_133,noise_q3,0.1,1,effusion,2,-1,7,,,,,,,none,none,,
1,MTR_133,noise_q3,0.1,2,in_seg,0,1,6,,,,,miss,miss,6,6,correct,correct
1,MTR_133,noise_q3,0.1,3,ligament,3,2,0,,,,,,,unknown,unknown,,
1,MTR_133,noise_q3,0.25,1,effusion,2,-1,7,,,,,,,none,none,,
1,MTR_133,noise_q3,0.25,2,in_seg,0,1,6,,,,,miss,miss,6,6,correct,correct
1,MTR_133,noise_q3,0.25,3,ligament,3,2,0,,,,,,,unknown,unknown,,
1,MTR_133,us4,0.05,1,effusion,2,-1,7,,,,,,,none,none,,
1,MTR_133,us4,0.05,2,in_seg,0,1,6,,,,,miss,miss,6,6,correct,correct
1,MTR_133,us4,0.05,3,ligament,3,2,0,,,,,,,unknown,unknown,,
1,MTR_133,us4,0.1,1,effusion,2,-1,7,,,,,,,none,none,,
1,MTR_133,us4,0.1,2,in_seg,0,1,6,,,,,miss,miss,6,6,correct,correct
1,MTR_133,us4,0.1,3,ligament,3,2,0,,,,,,,unknown,unknown,,
1,MTR_133,us4,0.25,1,effusion,2,-1,7,,,,,,,none,none,,
1,MTR_133,us4,0.25,2,in_seg,0,1,6,,,,,miss,miss,6,6,correct,correct
1,MTR_133,us4,0.25,3,ligament,3,2,0,,,,,,,unknown,unknown,,
1,MTR_133,us8,0.05,1,effusion,2,-1,7,,,,,,,none,none,,
1,MTR_133,us8,0.05,2,in_seg,0,1,6,,,,,miss,miss,6,6,correct,correct
1,MTR_133,us8,0.05,3,ligament,3,2,0,,,,,,,unknown,unknown,,
1,MTR_133,us8,0.1,1,effusion,2,-1,7,,,,,,,none,none,,
1,MTR_133,us8,0.1,2,in_seg,0,1,6,,,,,miss,miss,6,6,correct,correct
1,MTR_133,us8,0.1,3,ligament,3,2,0,,,,,,,unknown,unknown,,
1,MTR_133,us8,0.25,1,effusion,2,-1,7,,,,,,,none,none,,
1,MTR_133,us8,0.25,2,in_seg,0,1,6,,,,,miss,miss,6,6,correct,correct
1,MTR_133,us8,0.25,3,ligament,3,2,0,,,,,,,unknown,unknown,,
1,MTR_133,us16,0.05,1,effusion,2,-1,7,,,,,,,none,none,,
1,MTR_133,us16,0.05,2,in_seg,0,1,6,,,,,miss,miss,6,6,correct,correct
1,MTR_133,us16,0.05,3,ligament,3,2,0,,,,,,,unknown,unknown,,
1,MTR_133,us16,0.1,1,effusion,2,-1,7,,,,,,,none,none,,
1,MTR_133,us16,0.1,2,in_seg,0,1,6,,,,,miss,miss,6,6,correct,correct
1,MTR_133,us16,0.1,3,ligament,3,2,0,,,,,,,unknown,unknown,,
1,MTR_133,us16,0.25,1,effusion,2,-1,7,,,,,,,none,none,,
1,MTR_133,us16,0.25,2,in_seg,0,1,6,,,,,miss,miss,6,6,correct,correct
1,MTR_133,us16,0.25,3,ligament,3,2,0,,,,,,,unknown,unknown,,
4,MTR_135,clean,0.05,189,in_seg,1,5,1,,,,,miss,miss,1,1,correct,correct
4,MTR_135,clean,0.05,190,in_seg,1,4,2,,,,,miss,miss,2,2,correct,correct
4,MTR_135,clean,0.1,189,in_seg,1,5,1,,,,,miss,miss,1,1,correct,correct
4,MTR_135,clean,0.1,190,in_seg,1,4,2,,,,,miss,miss,2,2,correct,correct
4,MTR_135,clean,0.25,189,in_seg,1,5,1,,,,,miss,miss,1,1,correct,correct
4,MTR_135,clean,0.25,190,in_seg,1,4,2,,,,,miss,miss,2,2,correct,correct
4,MTR_135,noise_q1,0.05,189,in_seg,1,5,1,,,,,miss,miss,1,1,correct,correct
4,MTR_135,noise_q1,0.05,190,in_seg,1,4,2,,,,,miss,miss,2,2,correct,correct
4,MTR_135,noise_q1,0.1,189,in_seg,1,5,1,,,,,miss,miss,1,1,correct,correct
4,MTR_135,noise_q1,0.1,190,in_seg,1,4,2,,,,,miss,miss,2,2,correct,correct
4,MTR_135,noise_q1,0.25,189,in_seg,1,5,1,,,,,miss,miss,1,1,correct,correct
4,MTR_135,noise_q1,0.25,190,in_seg,1,4,2,,,,,miss,miss,2,2,correct,correct
4,MTR_135,noise_q2,0.05,189,in_seg,1,5,1,,,,,miss,miss,1,1,correct,correct
4,MTR_135,noise_q2,0.05,190,in_seg,1,4,2,,,,,miss,miss,2,2,correct,correct
4,MTR_135,noise_q2,0.1,189,in_seg,1,5,1,,,,,miss,miss,1,1,correct,correct
4,MTR_135,noise_q2,0.1,190,in_seg,1,4,2,,,,,miss,miss,2,2,correct,correct
4,MTR_135,noise_q2,0.25,189,in_seg,1,5,1,,,,,miss,miss,1,1,correct,correct
4,MTR_135,noise_q2,0.25,190,in_seg,1,4,2,,,,,miss,miss,2,2,correct,correct
4,MTR_135,noise_q3,0.05,189,in_seg,1,5,1,,,,,miss,miss,1,1,correct,correct
4,MTR_135,noise_q3,0.05,190,in_seg,1,4,2,,,,,miss,miss,2,2,correct,correct
4,MTR_135,noise_q3,0.1,189,in_seg,1,5,1,,,,,miss,miss,1,1,correct,correct
4,MTR_135,noise_q3,0.1,190,in_seg,1,4,2,,,,,miss,miss,2,2,correct,correct
4,MTR_135,noise_q3,0.25,189,in_seg,1,5,1,,,,,miss,miss,1,1,correct,correct
4,MTR_135,noise_q3,0.25,190,in_seg,1,4,2,,,,,miss,miss,2,2,correct,correct
4,MTR_135,us4,0.05,189,in_seg,1,5,1,,,,,miss,miss,1,1,correct,correct
4,MTR_135,us4,0.05,190,in_seg,1,4,2,,,,,miss,miss,2,2,correct,correct
4,MTR_135,us4,0.1,189,in_seg,1,5,1,,,,,miss,miss,1,1,correct,correct
4,MTR_135,us4,0.1,190,in_seg,1,4,2,,,,,miss,miss,2,2,correct,correct
4,MTR_135,us4,0.25,189,in_seg,1,5,1,,,,,miss,miss,1,1,correct,correct
4,MTR_135,us4,0.25,190,in_seg,1,4,2,,,,,miss,miss,2,2,correct,correct
4,MTR_135,us8,0.05,189,in_seg,1,5,1,,,,,miss,miss,1,1,correct,correct
4,MTR_135,us8,0.05,190,in_seg,1,4,2,,,,,miss,miss,2,2,correct,correct
4,MTR_135,us8,0.1,189,in_seg,1,5,1,,,,,miss,miss,1,1,correct,correct
4,MTR_135,us8,0.1,190,in_seg,1,4,2,,,,,miss,miss,2,2,correct,correct
4,MTR_135,us8,0.25,189,in_seg,1,5,1,,,,,miss,miss,1,1,correct,correct
4,MTR_135,us8,0.25,190,in_seg,1,4,2,,,,,miss,miss,2,2,correct,correct
4,MTR_135,us16,0.05,189,in_seg,1,5,1,,,,,miss,miss,1,1,correct,correct
4,MTR_135,us16,0.05,190,in_seg,1,4,2,,,,,miss,miss,2,2,correct,correct
4,MTR_135,us16,0.1,189,in_seg,1,5,1,,,,,miss,miss,1,1,correct,correct
4,MTR_135,us16,0.1,190,in_seg,1,4,2,,,,,miss,miss,2,2,correct,correct
4,MTR_135,us16,0.25,189,in_seg,1,5,1,,,,,miss,miss,1,1,correct,correct
4,MTR_135,us16,0.25,190,in_seg,1,4,2,,,,,miss,miss,2,2,correct,correct
4,MTR_139,clean,0.05,19,in_seg,0,1,5,,,,,miss,miss,5,5,correct,correct
4,MTR_139,clean,0.05,21,in_seg,1,6,4,,,,,miss,miss,4,4,correct,correct
4,MTR_139,clean,0.1,19,in_seg,0,1,5,,,,,miss,miss,5,5,correct,correct
4,MTR_139,clean,0.1,21,in_seg,1,6,4,,,,,miss,miss,4,4,correct,correct
4,MTR_139,clean,0.25,19,in_seg,0,1,5,,,,,miss,miss,5,5,correct,correct
4,MTR_139,clean,0.25,21,in_seg,1,6,4,,,,,miss,miss,4,4,correct,correct
4,MTR_139,noise_q1,0.05,19,in_seg,0,1,5,,,,,miss,miss,5,5,correct,correct
4,MTR_139,noise_q1,0.05,21,in_seg,1,6,4,,,,,miss,miss,4,4,correct,correct
4,MTR_139,noise_q1,0.1,19,in_seg,0,1,5,,,,,miss,miss,5,5,correct,correct
4,MTR_139,noise_q1,0.1,21,in_seg,1,6,4,,,,,miss,miss,4,4,correct,correct
4,MTR_139,noise_q1,0.25,19,in_seg,0,1,5,,,,,miss,miss,5,5,correct,correct
4,MTR_139,noise_q1,0.25,21,in_seg,1,6,4,,,,,miss,miss,4,4,correct,correct
4,MTR_139,noise_q2,0.05,19,in_seg,0,1,5,,,,,miss,miss,5,5,correct,correct
4,MTR_139,noise_q2,0.05,21,in_seg,1,6,4,,,,,miss,miss,4,4,correct,correct
4,MTR_139,noise_q2,0.1,19,in_seg,0,1,5,,,,,miss,miss,5,5,correct,correct
4,MTR_139,noise_q2,0.1,21,in_seg,1,6,4,,,,,miss,miss,4,4,correct,correct
4,MTR_139,noise_q2,0.25,19,in_seg,0,1,5,,,,,miss,miss,5,5,correct,correct
4,MTR_139,noise_q2,0.25,21,in_seg,1,6,4,,,,,miss,miss,4,4,correct,correct
4,MTR_139,noise_q3,0.05,19,in_seg,0,1,5,,,,,miss,miss,5,5,correct,correct
4,MTR_139,noise_q3,0.05,21,in_seg,1,6,4,,,,,miss,miss,4,4,correct,correct
4,MTR_139,noise_q3,0.1,19,in_seg,0,1,5,,,,,miss,miss,5,5,correct,correct
4,MTR_139,noise_q3,0.1,21,in_seg,1,6,4,,,,,miss,miss,4,4,correct,correct
4,MTR_139,noise_q3,0.25,19,in_seg,0,1,5,,,,,miss,miss,5,5,correct,correct
4,MTR_139,noise_q3,0.25,21,in_seg,1,6,4,,,,,miss,miss,4,4,correct,correct
4,MTR_139,us4,0.05,19,in_seg,0,1,5,,,,,miss,miss,5,5,correct,correct
4,MTR_139,us4,0.05,21,in_seg,1,6,4,,,,,miss,miss,4,3,correct,correct
4,MTR_139,us4,0.1,19,in_seg,0,1,5,,,,,miss,miss,5,5,correct,correct
4,MTR_139,us4,0.1,21,in_seg,1,6,4,,,,,miss,miss,4,3,correct,correct
4,MTR_139,us4,0.25,19,in_seg,0,1,5,,,,,miss,miss,5,5,correct,correct
4,MTR_139,us4,0.25,21,in_seg,1,6,4,,,,,miss,miss,4,3,correct,correct
4,MTR_139,us8,0.05,19,in_seg,0,1,5,,,,,miss,miss,5,5,correct,correct
4,MTR_139,us8,0.05,21,in_seg,1,6,4,,,,,miss,miss,4,3,correct,correct
4,MTR_139,us8,0.1,19,in_seg,0,1,5,,,,,miss,miss,5,5,correct,correct
4,MTR_139,us8,0.1,21,in_seg,1,6,4,,,,,miss,miss,4,3,correct,correct
4,MTR_139,us8,0.25,19,in_seg,0,1,5,,,,,miss,miss,5,5,correct,correct
4,MTR_139,us8,0.25,21,in_seg,1,6,4,,,,,miss,miss,4,3,correct,correct
4,MTR_139,us16,0.05,19,in_seg,0,1,5,,,,,miss,miss,5,5,correct,correct
4,MTR_139,us16,0.05,21,in_seg,1,6,4,,,,,miss,miss,4,3,correct,correct
4,MTR_139,us16,0.1,19,in_seg,0,1,5,,,,,miss,miss,5,5,correct,correct
4,MTR_139,us16,0.1,21,in_seg,1,6,4,,,,,miss,miss,4,3,correct,correct
4,MTR_139,us16,0.25,19,in_seg,0,1,5,,,,,miss,miss,5,5,correct,correct
4,MTR_139,us16,0.25,21,in_seg,1,6,4,,,,,miss,miss,4,3,correct,correct
2,MTR_140,clean,0.05,114,in_seg,0,1,6,,,,,miss,miss,6,5,correct,correct
2,MTR_140,clean,0.05,115,in_seg,0,1,5,,,,,miss,miss,5,5,correct,correct
2,MTR_140,clean,0.05,116,in_seg,1,6,4,,,,,miss,miss,4,4,correct,correct
2,MTR_140,clean,0.05,117,in_seg,1,5,1,,,,,miss,miss,1,1,correct,correct
2,MTR_140,clean,0.05,118,effusion,2,-1,7,,,,,,,none,none,,
2,MTR_140,clean,0.1,114,in_seg,0,1,6,,,,,miss,miss,6,5,correct,correct
2,MTR_140,clean,0.1,115,in_seg,0,1,5,,,,,miss,miss,5,5,correct,correct
2,MTR_140,clean,0.1,116,in_seg,1,6,4,,,,,miss,miss,4,4,correct,correct
2,MTR_140,clean,0.1,117,in_seg,1,5,1,,,,,miss,miss,1,1,correct,correct
2,MTR_140,clean,0.1,118,effusion,2,-1,7,,,,,,,none,none,,
2,MTR_140,clean,0.25,114,in_seg,0,1,6,,,,,miss,miss,6,5,correct,correct
2,MTR_140,clean,0.25,115,in_seg,0,1,5,,,,,miss,miss,5,5,correct,correct
2,MTR_140,clean,0.25,116,in_seg,1,6,4,,,,,miss,miss,4,4,correct,correct
2,MTR_140,clean,0.25,117,in_seg,1,5,1,,,,,miss,miss,1,1,correct,correct
2,MTR_140,clean,0.25,118,effusion,2,-1,7,,,,,,,none,none,,
2,MTR_140,noise_q1,0.05,114,in_seg,0,1,6,,,,,miss,miss,6,5,correct,correct
2,MTR_140,noise_q1,0.05,115,in_seg,0,1,5,,,,,miss,miss,5,5,correct,correct
2,MTR_140,noise_q1,0.05,116,in_seg,1,6,4,,,,,miss,miss,4,4,correct,correct
2,MTR_140,noise_q1,0.05,117,in_seg,1,5,1,,,,,miss,miss,1,1,correct,correct
2,MTR_140,noise_q1,0.05,118,effusion,2,-1,7,,,,,,,none,none,,
2,MTR_140,noise_q1,0.1,114,in_seg,0,1,6,,,,,miss,miss,6,5,correct,correct
2,MTR_140,noise_q1,0.1,115,in_seg,0,1,5,,,,,miss,miss,5,5,correct,correct
2,MTR_140,noise_q1,0.1,116,in_seg,1,6,4,,,,,miss,miss,4,4,correct,correct
2,MTR_140,noise_q1,0.1,117,in_seg,1,5,1,,,,,miss,miss,1,1,correct,correct
2,MTR_140,noise_q1,0.1,118,effusion,2,-1,7,,,,,,,none,none,,
2,MTR_140,noise_q1,0.25,114,in_seg,0,1,6,,,,,miss,miss,6,5,correct,correct
2,MTR_140,noise_q1,0.25,115,in_seg,0,1,5,,,,,miss,miss,5,5,correct,correct
2,MTR_140,noise_q1,0.25,116,in_seg,1,6,4,,,,,miss,miss,4,4,correct,correct
2,MTR_140,noise_q1,0.25,117,in_seg,1,5,1,,,,,miss,miss,1,1,correct,correct
2,MTR_140,noise_q1,0.25,118,effusion,2,-1,7,,,,,,,none,none,,
2,MTR_140,noise_q2,0.05,114,in_seg,0,1,6,,,,,miss,miss,6,5,correct,correct
2,MTR_140,noise_q2,0.05,115,in_seg,0,1,5,,,,,miss,miss,5,5,correct,correct
2,MTR_140,noise_q2,0.05,116,in_seg,1,6,4,,,,,miss,miss,4,4,correct,correct
2,MTR_140,noise_q2,0.05,117,in_seg,1,5,1,,,,,miss,miss,1,1,correct,correct
2,MTR_140,noise_q2,0.05,118,effusion,2,-1,7,,,,,,,none,none,,
2,MTR_140,noise_q2,0.1,114,in_seg,0,1,6,,,,,miss,miss,6,5,correct,correct
2,MTR_140,noise_q2,0.1,115,in_seg,0,1,5,,,,,miss,miss,5,5,correct,correct
2,MTR_140,noise_q2,0.1,116,in_seg,1,6,4,,,,,miss,miss,4,4,correct,correct
2,MTR_140,noise_q2,0.1,117,in_seg,1,5,1,,,,,miss,miss,1,1,correct,correct
2,MTR_140,noise_q2,0.1,118,effusion,2,-1,7,,,,,,,none,none,,
2,MTR_140,noise_q2,0.25,114,in_seg,0,1,6,,,,,miss,miss,6,5,correct,correct
2,MTR_140,noise_q2,0.25,115,in_seg,0,1,5,,,,,miss,miss,5,5,correct,correct
2,MTR_140,noise_q2,0.25,116,in_seg,1,6,4,,,,,miss,miss,4,4,correct,correct
2,MTR_140,noise_q2,0.25,117,in_seg,1,5,1,,,,,miss,miss,1,1,correct,correct
2,MTR_140,noise_q2,0.25,118,effusion,2,-1,7,,,,,,,none,none,,
2,MTR_140,noise_q3,0.05,114,in_seg,0,1,6,0,0.238,6,5,correct,correct,6,5,correct,correct
2,MTR_140,noise_q3,0.05,115,in_seg,0,1,5,,,,,miss,miss,5,5,correct,correct
2,MTR_140,noise_q3,0.05,116,in_seg,1,6,4,,,,,miss,miss,4,4,correct,correct
2,MTR_140,noise_q3,0.05,117,in_seg,1,5,1,,,,,miss,miss,1,1,correct,correct
2,MTR_140,noise_q3,0.05,118,effusion,2,-1,7,,,,,,,none,none,,
2,MTR_140,noise_q3,0.1,114,in_seg,0,1,6,0,0.238,6,5,correct,correct,6,5,correct,correct
2,MTR_140,noise_q3,0.1,115,in_seg,0,1,5,,,,,miss,miss,5,5,correct,correct
2,MTR_140,noise_q3,0.1,116,in_seg,1,6,4,,,,,miss,miss,4,4,correct,correct
2,MTR_140,noise_q3,0.1,117,in_seg,1,5,1,,,,,miss,miss,1,1,correct,correct
2,MTR_140,noise_q3,0.1,118,effusion,2,-1,7,,,,,,,none,none,,
2,MTR_140,noise_q3,0.25,114,in_seg,0,1,6,,,,,miss,miss,6,5,correct,correct
2,MTR_140,noise_q3,0.25,115,in_seg,0,1,5,,,,,miss,miss,5,5,correct,correct
2,MTR_140,noise_q3,0.25,116,in_seg,1,6,4,,,,,miss,miss,4,4,correct,correct
2,MTR_140,noise_q3,0.25,117,in_seg,1,5,1,,,,,miss,miss,1,1,correct,correct
2,MTR_140,noise_q3,0.25,118,effusion,2,-1,7,,,,,,,none,none,,
2,MTR_140,us4,0.05,114,in_seg,0,1,6,,,,,miss,miss,6,6,correct,correct
2,MTR_140,us4,0.05,115,in_seg,0,1,5,,,,,miss,miss,5,6,correct,correct
2,MTR_140,us4,0.05,116,in_seg,1,6,4,,,,,miss,miss,4,4,correct,correct
2,MTR_140,us4,0.05,117,in_seg,1,5,1,,,,,miss,miss,1,1,correct,correct
2,MTR_140,us4,0.05,118,effusion,2,-1,7,,,,,,,none,none,,
2,MTR_140,us4,0.1,114,in_seg,0,1,6,,,,,miss,miss,6,6,correct,correct
2,MTR_140,us4,0.1,115,in_seg,0,1,5,,,,,miss,miss,5,6,correct,correct
2,MTR_140,us4,0.1,116,in_seg,1,6,4,,,,,miss,miss,4,4,correct,correct
2,MTR_140,us4,0.1,117,in_seg,1,5,1,,,,,miss,miss,1,1,correct,correct
2,MTR_140,us4,0.1,118,effusion,2,-1,7,,,,,,,none,none,,
2,MTR_140,us4,0.25,114,in_seg,0,1,6,,,,,miss,miss,6,6,correct,correct
2,MTR_140,us4,0.25,115,in_seg,0,1,5,,,,,miss,miss,5,6,correct,correct
2,MTR_140,us4,0.25,116,in_seg,1,6,4,,,,,miss,miss,4,4,correct,correct
2,MTR_140,us4,0.25,117,in_seg,1,5,1,,,,,miss,miss,1,1,correct,correct
2,MTR_140,us4,0.25,118,effusion,2,-1,7,,,,,,,none,none,,
2,MTR_140,us8,0.05,114,in_seg,0,1,6,,,,,miss,miss,6,6,correct,correct
2,MTR_140,us8,0.05,115,in_seg,0,1,5,,,,,miss,miss,5,6,correct,correct
2,MTR_140,us8,0.05,116,in_seg,1,6,4,,,,,miss,miss,4,2,correct,wrong_host
2,MTR_140,us8,0.05,117,in_seg,1,5,1,,,,,miss,miss,1,1,correct,correct
2,MTR_140,us8,0.05,118,effusion,2,-1,7,,,,,,,none,none,,
2,MTR_140,us8,0.1,114,in_seg,0,1,6,,,,,miss,miss,6,6,correct,correct
2,MTR_140,us8,0.1,115,in_seg,0,1,5,,,,,miss,miss,5,6,correct,correct
2,MTR_140,us8,0.1,116,in_seg,1,6,4,,,,,miss,miss,4,2,correct,wrong_host
2,MTR_140,us8,0.1,117,in_seg,1,5,1,,,,,miss,miss,1,1,correct,correct
2,MTR_140,us8,0.1,118,effusion,2,-1,7,,,,,,,none,none,,
2,MTR_140,us8,0.25,114,in_seg,0,1,6,,,,,miss,miss,6,6,correct,correct
2,MTR_140,us8,0.25,115,in_seg,0,1,5,,,,,miss,miss,5,6,correct,correct
2,MTR_140,us8,0.25,116,in_seg,1,6,4,,,,,miss,miss,4,2,correct,wrong_host
2,MTR_140,us8,0.25,117,in_seg,1,5,1,,,,,miss,miss,1,1,correct,correct
2,MTR_140,us8,0.25,118,effusion,2,-1,7,,,,,,,none,none,,
2,MTR_140,us16,0.05,114,in_seg,0,1,6,,,,,miss,miss,6,5,correct,correct
2,MTR_140,us16,0.05,115,in_seg,0,1,5,,,,,miss,miss,5,6,correct,correct
2,MTR_140,us16,0.05,116,in_seg,1,6,4,,,,,miss,miss,4,2,correct,wrong_host
2,MTR_140,us16,0.05,117,in_seg,1,5,1,,,,,miss,miss,1,1,correct,correct
2,MTR_140,us16,0.05,118,effusion,2,-1,7,,,,,,,none,none,,
2,MTR_140,us16,0.1,114,in_seg,0,1,6,,,,,miss,miss,6,5,correct,correct
2,MTR_140,us16,0.1,115,in_seg,0,1,5,,,,,miss,miss,5,6,correct,correct
2,MTR_140,us16,0.1,116,in_seg,1,6,4,,,,,miss,miss,4,2,correct,wrong_host
2,MTR_140,us16,0.1,117,in_seg,1,5,1,,,,,miss,miss,1,1,correct,correct
2,MTR_140,us16,0.1,118,effusion,2,-1,7,,,,,,,none,none,,
2,MTR_140,us16,0.25,114,in_seg,0,1,6,,,,,miss,miss,6,5,correct,correct
2,MTR_140,us16,0.25,115,in_seg,0,1,5,,,,,miss,miss,5,6,correct,correct
2,MTR_140,us16,0.25,116,in_seg,1,6,4,,,,,miss,miss,4,2,correct,wrong_host
2,MTR_140,us16,0.25,117,in_seg,1,5,1,,,,,miss,miss,1,1,correct,correct
2,MTR_140,us16,0.25,118,effusion,2,-1,7,,,,,,,none,none,,
0,MTR_142,clean,0.05,119,in_seg,1,5,1,,,,,miss,miss,1,1,correct,correct
0,MTR_142,clean,0.05,120,in_seg,1,4,2,,,,,miss,miss,2,2,correct,correct
0,MTR_142,clean,0.1,119,in_seg,1,5,1,,,,,miss,miss,1,1,correct,correct
0,MTR_142,clean,0.1,120,in_seg,1,4,2,,,,,miss,miss,2,2,correct,correct
0,MTR_142,clean,0.25,119,in_seg,1,5,1,,,,,miss,miss,1,1,correct,correct
0,MTR_142,clean,0.25,120,in_seg,1,4,2,,,,,miss,miss,2,2,correct,correct
0,MTR_142,noise_q1,0.05,119,in_seg,1,5,1,,,,,miss,miss,1,1,correct,correct
0,MTR_142,noise_q1,0.05,120,in_seg,1,4,2,,,,,miss,miss,2,2,correct,correct
0,MTR_142,noise_q1,0.1,119,in_seg,1,5,1,,,,,miss,miss,1,1,correct,correct
0,MTR_142,noise_q1,0.1,120,in_seg,1,4,2,,,,,miss,miss,2,2,correct,correct
0,MTR_142,noise_q1,0.25,119,in_seg,1,5,1,,,,,miss,miss,1,1,correct,correct
0,MTR_142,noise_q1,0.25,120,in_seg,1,4,2,,,,,miss,miss,2,2,correct,correct
0,MTR_142,noise_q2,0.05,119,in_seg,1,5,1,,,,,miss,miss,1,1,correct,correct
0,MTR_142,noise_q2,0.05,120,in_seg,1,4,2,,,,,miss,miss,2,2,correct,correct
0,MTR_142,noise_q2,0.1,119,in_seg,1,5,1,,,,,miss,miss,1,1,correct,correct
0,MTR_142,noise_q2,0.1,120,in_seg,1,4,2,,,,,miss,miss,2,2,correct,correct
0,MTR_142,noise_q2,0.25,119,in_seg,1,5,1,,,,,miss,miss,1,1,correct,correct
0,MTR_142,noise_q2,0.25,120,in_seg,1,4,2,,,,,miss,miss,2,2,correct,correct
0,MTR_142,noise_q3,0.05,119,in_seg,1,5,1,,,,,miss,miss,1,1,correct,correct
0,MTR_142,noise_q3,0.05,120,in_seg,1,4,2,,,,,miss,miss,2,2,correct,correct
0,MTR_142,noise_q3,0.1,119,in_seg,1,5,1,,,,,miss,miss,1,1,correct,correct
0,MTR_142,noise_q3,0.1,120,in_seg,1,4,2,,,,,miss,miss,2,2,correct,correct
0,MTR_142,noise_q3,0.25,119,in_seg,1,5,1,,,,,miss,miss,1,1,correct,correct
0,MTR_142,noise_q3,0.25,120,in_seg,1,4,2,,,,,miss,miss,2,2,correct,correct
0,MTR_142,us4,0.05,119,in_seg,1,5,1,,,,,miss,miss,1,1,correct,correct
0,MTR_142,us4,0.05,120,in_seg,1,4,2,,,,,miss,miss,2,2,correct,correct
0,MTR_142,us4,0.1,119,in_seg,1,5,1,,,,,miss,miss,1,1,correct,correct
0,MTR_142,us4,0.1,120,in_seg,1,4,2,,,,,miss,miss,2,2,correct,correct
0,MTR_142,us4,0.25,119,in_seg,1,5,1,,,,,miss,miss,1,1,correct,correct
0,MTR_142,us4,0.25,120,in_seg,1,4,2,,,,,miss,miss,2,2,correct,correct
0,MTR_142,us8,0.05,119,in_seg,1,5,1,,,,,miss,miss,1,1,correct,correct
0,MTR_142,us8,0.05,120,in_seg,1,4,2,,,,,miss,miss,2,2,correct,correct
0,MTR_142,us8,0.1,119,in_seg,1,5,1,,,,,miss,miss,1,1,correct,correct
0,MTR_142,us8,0.1,120,in_seg,1,4,2,,,,,miss,miss,2,2,correct,correct
0,MTR_142,us8,0.25,119,in_seg,1,5,1,,,,,miss,miss,1,1,correct,correct
0,MTR_142,us8,0.25,120,in_seg,1,4,2,,,,,miss,miss,2,2,correct,correct
0,MTR_142,us16,0.05,119,in_seg,1,5,1,,,,,miss,miss,1,1,correct,correct
0,MTR_142,us16,0.05,120,in_seg,1,4,2,,,,,miss,miss,2,2,correct,correct
0,MTR_142,us16,0.1,119,in_seg,1,5,1,,,,,miss,miss,1,1,correct,correct
0,MTR_142,us16,0.1,120,in_seg,1,4,2,,,,,miss,miss,2,2,correct,correct
0,MTR_142,us16,0.25,119,in_seg,1,5,1,,,,,miss,miss,1,1,correct,correct
0,MTR_142,us16,0.25,120,in_seg,1,4,2,,,,,miss,miss,2,2,correct,correct
2,MTR_144,clean,0.05,113,ligament,3,3,0,,,,,,,unknown,unknown,,
2,MTR_144,clean,0.05,114,in_seg,1,5,1,,,,,miss,miss,1,1,correct,correct
2,MTR_144,clean,0.1,113,ligament,3,3,0,,,,,,,unknown,unknown,,
2,MTR_144,clean,0.1,114,in_seg,1,5,1,,,,,miss,miss,1,1,correct,correct
2,MTR_144,clean,0.25,113,ligament,3,3,0,,,,,,,unknown,unknown,,
2,MTR_144,clean,0.25,114,in_seg,1,5,1,,,,,miss,miss,1,1,correct,correct
2,MTR_144,noise_q1,0.05,113,ligament,3,3,0,,,,,,,unknown,unknown,,
2,MTR_144,noise_q1,0.05,114,in_seg,1,5,1,,,,,miss,miss,1,1,correct,correct
2,MTR_144,noise_q1,0.1,113,ligament,3,3,0,,,,,,,unknown,unknown,,
2,MTR_144,noise_q1,0.1,114,in_seg,1,5,1,,,,,miss,miss,1,1,correct,correct
2,MTR_144,noise_q1,0.25,113,ligament,3,3,0,,,,,,,unknown,unknown,,
2,MTR_144,noise_q1,0.25,114,in_seg,1,5,1,,,,,miss,miss,1,1,correct,correct
2,MTR_144,noise_q2,0.05,113,ligament,3,3,0,,,,,,,unknown,unknown,,
2,MTR_144,noise_q2,0.05,114,in_seg,1,5,1,,,,,miss,miss,1,1,correct,correct
2,MTR_144,noise_q2,0.1,113,ligament,3,3,0,,,,,,,unknown,unknown,,
2,MTR_144,noise_q2,0.1,114,in_seg,1,5,1,,,,,miss,miss,1,1,correct,correct
2,MTR_144,noise_q2,0.25,113,ligament,3,3,0,,,,,,,unknown,unknown,,
2,MTR_144,noise_q2,0.25,114,in_seg,1,5,1,,,,,miss,miss,1,1,correct,correct
2,MTR_144,noise_q3,0.05,113,ligament,3,3,0,,,,,,,unknown,unknown,,
2,MTR_144,noise_q3,0.05,114,in_seg,1,5,1,,,,,miss,miss,1,1,correct,correct
2,MTR_144,noise_q3,0.1,113,ligament,3,3,0,,,,,,,unknown,unknown,,
2,MTR_144,noise_q3,0.1,114,in_seg,1,5,1,,,,,miss,miss,1,1,correct,correct
2,MTR_144,noise_q3,0.25,113,ligament,3,3,0,,,,,,,unknown,unknown,,
2,MTR_144,noise_q3,0.25,114,in_seg,1,5,1,,,,,miss,miss,1,1,correct,correct
2,MTR_144,us4,0.05,113,ligament,3,3,0,,,,,,,unknown,unknown,,
2,MTR_144,us4,0.05,114,in_seg,1,5,1,,,,,miss,miss,1,1,correct,correct
2,MTR_144,us4,0.1,113,ligament,3,3,0,,,,,,,unknown,unknown,,
2,MTR_144,us4,0.1,114,in_seg,1,5,1,,,,,miss,miss,1,1,correct,correct
2,MTR_144,us4,0.25,113,ligament,3,3,0,,,,,,,unknown,unknown,,
2,MTR_144,us4,0.25,114,in_seg,1,5,1,,,,,miss,miss,1,1,correct,correct
2,MTR_144,us8,0.05,113,ligament,3,3,0,,,,,,,unknown,unknown,,
2,MTR_144,us8,0.05,114,in_seg,1,5,1,,,,,miss,miss,1,1,correct,correct
2,MTR_144,us8,0.1,113,ligament,3,3,0,,,,,,,unknown,unknown,,
2,MTR_144,us8,0.1,114,in_seg,1,5,1,,,,,miss,miss,1,1,correct,correct
2,MTR_144,us8,0.25,113,ligament,3,3,0,,,,,,,unknown,unknown,,
2,MTR_144,us8,0.25,114,in_seg,1,5,1,,,,,miss,miss,1,1,correct,correct
2,MTR_144,us16,0.05,113,ligament,3,3,0,,,,,,,unknown,unknown,,
2,MTR_144,us16,0.05,114,in_seg,1,5,1,,,,,miss,miss,1,1,correct,correct
2,MTR_144,us16,0.1,113,ligament,3,3,0,,,,,,,unknown,unknown,,
2,MTR_144,us16,0.1,114,in_seg,1,5,1,,,,,miss,miss,1,1,correct,correct
2,MTR_144,us16,0.25,113,ligament,3,3,0,,,,,,,unknown,unknown,,
2,MTR_144,us16,0.25,114,in_seg,1,5,1,,,,,miss,miss,1,1,correct,correct
3,MTR_145,clean,0.05,47,ligament,3,2,0,,,,,,,unknown,unknown,,
3,MTR_145,clean,0.05,49,in_seg,1,4,2,,,,,miss,miss,2,2,correct,correct
3,MTR_145,clean,0.05,50,in_seg,1,4,2,,,,,miss,miss,2,2,correct,correct
3,MTR_145,clean,0.1,47,ligament,3,2,0,,,,,,,unknown,unknown,,
3,MTR_145,clean,0.1,49,in_seg,1,4,2,,,,,miss,miss,2,2,correct,correct
3,MTR_145,clean,0.1,50,in_seg,1,4,2,,,,,miss,miss,2,2,correct,correct
3,MTR_145,clean,0.25,47,ligament,3,2,0,,,,,,,unknown,unknown,,
3,MTR_145,clean,0.25,49,in_seg,1,4,2,,,,,miss,miss,2,2,correct,correct
3,MTR_145,clean,0.25,50,in_seg,1,4,2,,,,,miss,miss,2,2,correct,correct
3,MTR_145,noise_q1,0.05,47,ligament,3,2,0,,,,,,,unknown,unknown,,
3,MTR_145,noise_q1,0.05,49,in_seg,1,4,2,,,,,miss,miss,2,2,correct,correct
3,MTR_145,noise_q1,0.05,50,in_seg,1,4,2,,,,,miss,miss,2,2,correct,correct
3,MTR_145,noise_q1,0.1,47,ligament,3,2,0,,,,,,,unknown,unknown,,
3,MTR_145,noise_q1,0.1,49,in_seg,1,4,2,,,,,miss,miss,2,2,correct,correct
3,MTR_145,noise_q1,0.1,50,in_seg,1,4,2,,,,,miss,miss,2,2,correct,correct
3,MTR_145,noise_q1,0.25,47,ligament,3,2,0,,,,,,,unknown,unknown,,
3,MTR_145,noise_q1,0.25,49,in_seg,1,4,2,,,,,miss,miss,2,2,correct,correct
3,MTR_145,noise_q1,0.25,50,in_seg,1,4,2,,,,,miss,miss,2,2,correct,correct
3,MTR_145,noise_q2,0.05,47,ligament,3,2,0,,,,,,,unknown,unknown,,
3,MTR_145,noise_q2,0.05,49,in_seg,1,4,2,,,,,miss,miss,2,2,correct,correct
3,MTR_145,noise_q2,0.05,50,in_seg,1,4,2,,,,,miss,miss,2,2,correct,correct
3,MTR_145,noise_q2,0.1,47,ligament,3,2,0,,,,,,,unknown,unknown,,
3,MTR_145,noise_q2,0.1,49,in_seg,1,4,2,,,,,miss,miss,2,2,correct,correct
3,MTR_145,noise_q2,0.1,50,in_seg,1,4,2,,,,,miss,miss,2,2,correct,correct
3,MTR_145,noise_q2,0.25,47,ligament,3,2,0,,,,,,,unknown,unknown,,
3,MTR_145,noise_q2,0.25,49,in_seg,1,4,2,,,,,miss,miss,2,2,correct,correct
3,MTR_145,noise_q2,0.25,50,in_seg,1,4,2,,,,,miss,miss,2,2,correct,correct
3,MTR_145,noise_q3,0.05,47,ligament,3,2,0,,,,,,,unknown,unknown,,
3,MTR_145,noise_q3,0.05,49,in_seg,1,4,2,,,,,miss,miss,2,2,correct,correct
3,MTR_145,noise_q3,0.05,50,in_seg,1,4,2,,,,,miss,miss,2,2,correct,correct
3,MTR_145,noise_q3,0.1,47,ligament,3,2,0,,,,,,,unknown,unknown,,
3,MTR_145,noise_q3,0.1,49,in_seg,1,4,2,,,,,miss,miss,2,2,correct,correct
3,MTR_145,noise_q3,0.1,50,in_seg,1,4,2,,,,,miss,miss,2,2,correct,correct
3,MTR_145,noise_q3,0.25,47,ligament,3,2,0,,,,,,,unknown,unknown,,
3,MTR_145,noise_q3,0.25,49,in_seg,1,4,2,,,,,miss,miss,2,2,correct,correct
3,MTR_145,noise_q3,0.25,50,in_seg,1,4,2,,,,,miss,miss,2,2,correct,correct
3,MTR_145,us4,0.05,47,ligament,3,2,0,,,,,,,unknown,unknown,,
3,MTR_145,us4,0.05,49,in_seg,1,4,2,,,,,miss,miss,2,2,correct,correct
3,MTR_145,us4,0.05,50,in_seg,1,4,2,,,,,miss,miss,2,2,correct,correct
3,MTR_145,us4,0.1,47,ligament,3,2,0,,,,,,,unknown,unknown,,
3,MTR_145,us4,0.1,49,in_seg,1,4,2,,,,,miss,miss,2,2,correct,correct
3,MTR_145,us4,0.1,50,in_seg,1,4,2,,,,,miss,miss,2,2,correct,correct
3,MTR_145,us4,0.25,47,ligament,3,2,0,,,,,,,unknown,unknown,,
3,MTR_145,us4,0.25,49,in_seg,1,4,2,,,,,miss,miss,2,2,correct,correct
3,MTR_145,us4,0.25,50,in_seg,1,4,2,,,,,miss,miss,2,2,correct,correct
3,MTR_145,us8,0.05,47,ligament,3,2,0,,,,,,,unknown,unknown,,
3,MTR_145,us8,0.05,49,in_seg,1,4,2,,,,,miss,miss,2,2,correct,correct
3,MTR_145,us8,0.05,50,in_seg,1,4,2,,,,,miss,miss,2,2,correct,correct
3,MTR_145,us8,0.1,47,ligament,3,2,0,,,,,,,unknown,unknown,,
3,MTR_145,us8,0.1,49,in_seg,1,4,2,,,,,miss,miss,2,2,correct,correct
3,MTR_145,us8,0.1,50,in_seg,1,4,2,,,,,miss,miss,2,2,correct,correct
3,MTR_145,us8,0.25,47,ligament,3,2,0,,,,,,,unknown,unknown,,
3,MTR_145,us8,0.25,49,in_seg,1,4,2,,,,,miss,miss,2,2,correct,correct
3,MTR_145,us8,0.25,50,in_seg,1,4,2,,,,,miss,miss,2,2,correct,correct
3,MTR_145,us16,0.05,47,ligament,3,2,0,,,,,,,unknown,unknown,,
3,MTR_145,us16,0.05,49,in_seg,1,4,2,,,,,miss,miss,2,2,correct,correct
3,MTR_145,us16,0.05,50,in_seg,1,4,2,,,,,miss,miss,2,2,correct,correct
3,MTR_145,us16,0.1,47,ligament,3,2,0,,,,,,,unknown,unknown,,
3,MTR_145,us16,0.1,49,in_seg,1,4,2,,,,,miss,miss,2,2,correct,correct
3,MTR_145,us16,0.1,50,in_seg,1,4,2,,,,,miss,miss,2,2,correct,correct
3,MTR_145,us16,0.25,47,ligament,3,2,0,,,,,,,unknown,unknown,,
3,MTR_145,us16,0.25,49,in_seg,1,4,2,,,,,miss,miss,2,2,correct,correct
3,MTR_145,us16,0.25,50,in_seg,1,4,2,,,,,miss,miss,2,2,correct,correct
2,MTR_149,clean,0.05,4,in_seg,0,1,6,,,,,miss,miss,6,5,correct,correct
2,MTR_149,clean,0.1,4,in_seg,0,1,6,,,,,miss,miss,6,5,correct,correct
2,MTR_149,clean,0.25,4,in_seg,0,1,6,,,,,miss,miss,6,5,correct,correct
2,MTR_149,noise_q1,0.05,4,in_seg,0,1,6,,,,,miss,miss,6,5,correct,correct
2,MTR_149,noise_q1,0.1,4,in_seg,0,1,6,,,,,miss,miss,6,5,correct,correct
2,MTR_149,noise_q1,0.25,4,in_seg,0,1,6,,,,,miss,miss,6,5,correct,correct
2,MTR_149,noise_q2,0.05,4,in_seg,0,1,6,,,,,miss,miss,6,5,correct,correct
2,MTR_149,noise_q2,0.1,4,in_seg,0,1,6,,,,,miss,miss,6,5,correct,correct
2,MTR_149,noise_q2,0.25,4,in_seg,0,1,6,,,,,miss,miss,6,5,correct,correct
2,MTR_149,noise_q3,0.05,4,in_seg,0,1,6,,,,,miss,miss,6,5,correct,correct
2,MTR_149,noise_q3,0.1,4,in_seg,0,1,6,,,,,miss,miss,6,5,correct,correct
2,MTR_149,noise_q3,0.25,4,in_seg,0,1,6,,,,,miss,miss,6,5,correct,correct
2,MTR_149,us4,0.05,4,in_seg,0,1,6,,,,,miss,miss,6,5,correct,correct
2,MTR_149,us4,0.1,4,in_seg,0,1,6,,,,,miss,miss,6,5,correct,correct
2,MTR_149,us4,0.25,4,in_seg,0,1,6,,,,,miss,miss,6,5,correct,correct
2,MTR_149,us8,0.05,4,in_seg,0,1,6,,,,,miss,miss,6,5,correct,correct
2,MTR_149,us8,0.1,4,in_seg,0,1,6,,,,,miss,miss,6,5,correct,correct
2,MTR_149,us8,0.25,4,in_seg,0,1,6,,,,,miss,miss,6,5,correct,correct
2,MTR_149,us16,0.05,4,in_seg,0,1,6,,,,,miss,miss,6,5,correct,correct
2,MTR_149,us16,0.1,4,in_seg,0,1,6,,,,,miss,miss,6,5,correct,correct
2,MTR_149,us16,0.25,4,in_seg,0,1,6,,,,,miss,miss,6,5,correct,correct
4,MTR_150,clean,0.05,121,in_seg,0,1,5,,,,,miss,miss,5,5,correct,correct
4,MTR_150,clean,0.05,122,in_seg,0,1,5,,,,,miss,miss,5,6,correct,correct
4,MTR_150,clean,0.05,123,ligament,3,2,0,,,,,,,unknown,unknown,,
4,MTR_150,clean,0.05,124,in_seg,1,5,1,,,,,miss,miss,2,2,wrong_host,wrong_host
4,MTR_150,clean,0.05,125,in_seg,1,6,4,,,,,miss,miss,4,3,correct,correct
4,MTR_150,clean,0.05,126,in_seg,1,6,3,,,,,miss,miss,3,2,correct,wrong_host
4,MTR_150,clean,0.05,127,in_seg,1,4,2,,,,,miss,miss,2,2,correct,correct
4,MTR_150,clean,0.05,128,in_seg,1,5,1,,,,,miss,miss,2,1,wrong_host,correct
4,MTR_150,clean,0.05,129,in_seg,1,4,2,,,,,miss,miss,2,2,correct,correct
4,MTR_150,clean,0.05,130,in_seg,1,4,2,,,,,miss,miss,2,2,correct,correct
4,MTR_150,clean,0.05,131,effusion,2,-1,7,,,,,,,none,none,,
4,MTR_150,clean,0.1,121,in_seg,0,1,5,,,,,miss,miss,5,5,correct,correct
4,MTR_150,clean,0.1,122,in_seg,0,1,5,,,,,miss,miss,5,6,correct,correct
4,MTR_150,clean,0.1,123,ligament,3,2,0,,,,,,,unknown,unknown,,
4,MTR_150,clean,0.1,124,in_seg,1,5,1,,,,,miss,miss,2,2,wrong_host,wrong_host
4,MTR_150,clean,0.1,125,in_seg,1,6,4,,,,,miss,miss,4,3,correct,correct
4,MTR_150,clean,0.1,126,in_seg,1,6,3,,,,,miss,miss,3,2,correct,wrong_host
4,MTR_150,clean,0.1,127,in_seg,1,4,2,,,,,miss,miss,2,2,correct,correct
4,MTR_150,clean,0.1,128,in_seg,1,5,1,,,,,miss,miss,2,1,wrong_host,correct
4,MTR_150,clean,0.1,129,in_seg,1,4,2,,,,,miss,miss,2,2,correct,correct
4,MTR_150,clean,0.1,130,in_seg,1,4,2,,,,,miss,miss,2,2,correct,correct
4,MTR_150,clean,0.1,131,effusion,2,-1,7,,,,,,,none,none,,
4,MTR_150,clean,0.25,121,in_seg,0,1,5,,,,,miss,miss,5,5,correct,correct
4,MTR_150,clean,0.25,122,in_seg,0,1,5,,,,,miss,miss,5,6,correct,correct
4,MTR_150,clean,0.25,123,ligament,3,2,0,,,,,,,unknown,unknown,,
4,MTR_150,clean,0.25,124,in_seg,1,5,1,,,,,miss,miss,2,2,wrong_host,wrong_host
4,MTR_150,clean,0.25,125,in_seg,1,6,4,,,,,miss,miss,4,3,correct,correct
4,MTR_150,clean,0.25,126,in_seg,1,6,3,,,,,miss,miss,3,2,correct,wrong_host
4,MTR_150,clean,0.25,127,in_seg,1,4,2,,,,,miss,miss,2,2,correct,correct
4,MTR_150,clean,0.25,128,in_seg,1,5,1,,,,,miss,miss,2,1,wrong_host,correct
4,MTR_150,clean,0.25,129,in_seg,1,4,2,,,,,miss,miss,2,2,correct,correct
4,MTR_150,clean,0.25,130,in_seg,1,4,2,,,,,miss,miss,2,2,correct,correct
4,MTR_150,clean,0.25,131,effusion,2,-1,7,,,,,,,none,none,,
4,MTR_150,noise_q1,0.05,121,in_seg,0,1,5,,,,,miss,miss,5,5,correct,correct
4,MTR_150,noise_q1,0.05,122,in_seg,0,1,5,,,,,miss,miss,5,6,correct,correct
4,MTR_150,noise_q1,0.05,123,ligament,3,2,0,,,,,,,unknown,unknown,,
4,MTR_150,noise_q1,0.05,124,in_seg,1,5,1,,,,,miss,miss,2,2,wrong_host,wrong_host
4,MTR_150,noise_q1,0.05,125,in_seg,1,6,4,,,,,miss,miss,4,3,correct,correct
4,MTR_150,noise_q1,0.05,126,in_seg,1,6,3,,,,,miss,miss,3,2,correct,wrong_host
4,MTR_150,noise_q1,0.05,127,in_seg,1,4,2,,,,,miss,miss,2,2,correct,correct
4,MTR_150,noise_q1,0.05,128,in_seg,1,5,1,,,,,miss,miss,2,1,wrong_host,correct
4,MTR_150,noise_q1,0.05,129,in_seg,1,4,2,,,,,miss,miss,2,2,correct,correct
4,MTR_150,noise_q1,0.05,130,in_seg,1,4,2,,,,,miss,miss,2,2,correct,correct
4,MTR_150,noise_q1,0.05,131,effusion,2,-1,7,,,,,,,none,none,,
4,MTR_150,noise_q1,0.1,121,in_seg,0,1,5,,,,,miss,miss,5,5,correct,correct
4,MTR_150,noise_q1,0.1,122,in_seg,0,1,5,,,,,miss,miss,5,6,correct,correct
4,MTR_150,noise_q1,0.1,123,ligament,3,2,0,,,,,,,unknown,unknown,,
4,MTR_150,noise_q1,0.1,124,in_seg,1,5,1,,,,,miss,miss,2,2,wrong_host,wrong_host
4,MTR_150,noise_q1,0.1,125,in_seg,1,6,4,,,,,miss,miss,4,3,correct,correct
4,MTR_150,noise_q1,0.1,126,in_seg,1,6,3,,,,,miss,miss,3,2,correct,wrong_host
4,MTR_150,noise_q1,0.1,127,in_seg,1,4,2,,,,,miss,miss,2,2,correct,correct
4,MTR_150,noise_q1,0.1,128,in_seg,1,5,1,,,,,miss,miss,2,1,wrong_host,correct
4,MTR_150,noise_q1,0.1,129,in_seg,1,4,2,,,,,miss,miss,2,2,correct,correct
4,MTR_150,noise_q1,0.1,130,in_seg,1,4,2,,,,,miss,miss,2,2,correct,correct
4,MTR_150,noise_q1,0.1,131,effusion,2,-1,7,,,,,,,none,none,,
4,MTR_150,noise_q1,0.25,121,in_seg,0,1,5,,,,,miss,miss,5,5,correct,correct
4,MTR_150,noise_q1,0.25,122,in_seg,0,1,5,,,,,miss,miss,5,6,correct,correct
4,MTR_150,noise_q1,0.25,123,ligament,3,2,0,,,,,,,unknown,unknown,,
4,MTR_150,noise_q1,0.25,124,in_seg,1,5,1,,,,,miss,miss,2,2,wrong_host,wrong_host
4,MTR_150,noise_q1,0.25,125,in_seg,1,6,4,,,,,miss,miss,4,3,correct,correct
4,MTR_150,noise_q1,0.25,126,in_seg,1,6,3,,,,,miss,miss,3,2,correct,wrong_host
4,MTR_150,noise_q1,0.25,127,in_seg,1,4,2,,,,,miss,miss,2,2,correct,correct
4,MTR_150,noise_q1,0.25,128,in_seg,1,5,1,,,,,miss,miss,2,1,wrong_host,correct
4,MTR_150,noise_q1,0.25,129,in_seg,1,4,2,,,,,miss,miss,2,2,correct,correct
4,MTR_150,noise_q1,0.25,130,in_seg,1,4,2,,,,,miss,miss,2,2,correct,correct
4,MTR_150,noise_q1,0.25,131,effusion,2,-1,7,,,,,,,none,none,,
4,MTR_150,noise_q2,0.05,121,in_seg,0,1,5,,,,,miss,miss,5,5,correct,correct
4,MTR_150,noise_q2,0.05,122,in_seg,0,1,5,,,,,miss,miss,5,6,correct,correct
4,MTR_150,noise_q2,0.05,123,ligament,3,2,0,,,,,,,unknown,unknown,,
4,MTR_150,noise_q2,0.05,124,in_seg,1,5,1,,,,,miss,miss,2,2,wrong_host,wrong_host
4,MTR_150,noise_q2,0.05,125,in_seg,1,6,4,,,,,miss,miss,4,3,correct,correct
4,MTR_150,noise_q2,0.05,126,in_seg,1,6,3,,,,,miss,miss,3,2,correct,wrong_host
4,MTR_150,noise_q2,0.05,127,in_seg,1,4,2,,,,,miss,miss,2,2,correct,correct
4,MTR_150,noise_q2,0.05,128,in_seg,1,5,1,,,,,miss,miss,2,1,wrong_host,correct
4,MTR_150,noise_q2,0.05,129,in_seg,1,4,2,,,,,miss,miss,2,2,correct,correct
4,MTR_150,noise_q2,0.05,130,in_seg,1,4,2,,,,,miss,miss,2,2,correct,correct
4,MTR_150,noise_q2,0.05,131,effusion,2,-1,7,,,,,,,none,none,,
4,MTR_150,noise_q2,0.1,121,in_seg,0,1,5,,,,,miss,miss,5,5,correct,correct
4,MTR_150,noise_q2,0.1,122,in_seg,0,1,5,,,,,miss,miss,5,6,correct,correct
4,MTR_150,noise_q2,0.1,123,ligament,3,2,0,,,,,,,unknown,unknown,,
4,MTR_150,noise_q2,0.1,124,in_seg,1,5,1,,,,,miss,miss,2,2,wrong_host,wrong_host
4,MTR_150,noise_q2,0.1,125,in_seg,1,6,4,,,,,miss,miss,4,3,correct,correct
4,MTR_150,noise_q2,0.1,126,in_seg,1,6,3,,,,,miss,miss,3,2,correct,wrong_host
4,MTR_150,noise_q2,0.1,127,in_seg,1,4,2,,,,,miss,miss,2,2,correct,correct
4,MTR_150,noise_q2,0.1,128,in_seg,1,5,1,,,,,miss,miss,2,1,wrong_host,correct
4,MTR_150,noise_q2,0.1,129,in_seg,1,4,2,,,,,miss,miss,2,2,correct,correct
4,MTR_150,noise_q2,0.1,130,in_seg,1,4,2,,,,,miss,miss,2,2,correct,correct
4,MTR_150,noise_q2,0.1,131,effusion,2,-1,7,,,,,,,none,none,,
4,MTR_150,noise_q2,0.25,121,in_seg,0,1,5,,,,,miss,miss,5,5,correct,correct
4,MTR_150,noise_q2,0.25,122,in_seg,0,1,5,,,,,miss,miss,5,6,correct,correct
4,MTR_150,noise_q2,0.25,123,ligament,3,2,0,,,,,,,unknown,unknown,,
4,MTR_150,noise_q2,0.25,124,in_seg,1,5,1,,,,,miss,miss,2,2,wrong_host,wrong_host
4,MTR_150,noise_q2,0.25,125,in_seg,1,6,4,,,,,miss,miss,4,3,correct,correct
4,MTR_150,noise_q2,0.25,126,in_seg,1,6,3,,,,,miss,miss,3,2,correct,wrong_host
4,MTR_150,noise_q2,0.25,127,in_seg,1,4,2,,,,,miss,miss,2,2,correct,correct
4,MTR_150,noise_q2,0.25,128,in_seg,1,5,1,,,,,miss,miss,2,1,wrong_host,correct
4,MTR_150,noise_q2,0.25,129,in_seg,1,4,2,,,,,miss,miss,2,2,correct,correct
4,MTR_150,noise_q2,0.25,130,in_seg,1,4,2,,,,,miss,miss,2,2,correct,correct
4,MTR_150,noise_q2,0.25,131,effusion,2,-1,7,,,,,,,none,none,,
4,MTR_150,noise_q3,0.05,121,in_seg,0,1,5,,,,,miss,miss,5,5,correct,correct
4,MTR_150,noise_q3,0.05,122,in_seg,0,1,5,,,,,miss,miss,5,5,correct,correct
4,MTR_150,noise_q3,0.05,123,ligament,3,2,0,,,,,,,unknown,unknown,,
4,MTR_150,noise_q3,0.05,124,in_seg,1,5,1,,,,,miss,miss,2,2,wrong_host,wrong_host
4,MTR_150,noise_q3,0.05,125,in_seg,1,6,4,,,,,miss,miss,4,3,correct,correct
4,MTR_150,noise_q3,0.05,126,in_seg,1,6,3,,,,,miss,miss,3,2,correct,wrong_host
4,MTR_150,noise_q3,0.05,127,in_seg,1,4,2,,,,,miss,miss,2,2,correct,correct
4,MTR_150,noise_q3,0.05,128,in_seg,1,5,1,,,,,miss,miss,2,2,wrong_host,wrong_host
4,MTR_150,noise_q3,0.05,129,in_seg,1,4,2,,,,,miss,miss,2,2,correct,correct
4,MTR_150,noise_q3,0.05,130,in_seg,1,4,2,,,,,miss,miss,2,2,correct,correct
4,MTR_150,noise_q3,0.05,131,effusion,2,-1,7,,,,,,,none,none,,
4,MTR_150,noise_q3,0.1,121,in_seg,0,1,5,,,,,miss,miss,5,5,correct,correct
4,MTR_150,noise_q3,0.1,122,in_seg,0,1,5,,,,,miss,miss,5,5,correct,correct
4,MTR_150,noise_q3,0.1,123,ligament,3,2,0,,,,,,,unknown,unknown,,
4,MTR_150,noise_q3,0.1,124,in_seg,1,5,1,,,,,miss,miss,2,2,wrong_host,wrong_host
4,MTR_150,noise_q3,0.1,125,in_seg,1,6,4,,,,,miss,miss,4,3,correct,correct
4,MTR_150,noise_q3,0.1,126,in_seg,1,6,3,,,,,miss,miss,3,2,correct,wrong_host
4,MTR_150,noise_q3,0.1,127,in_seg,1,4,2,,,,,miss,miss,2,2,correct,correct
4,MTR_150,noise_q3,0.1,128,in_seg,1,5,1,,,,,miss,miss,2,2,wrong_host,wrong_host
4,MTR_150,noise_q3,0.1,129,in_seg,1,4,2,,,,,miss,miss,2,2,correct,correct
4,MTR_150,noise_q3,0.1,130,in_seg,1,4,2,,,,,miss,miss,2,2,correct,correct
4,MTR_150,noise_q3,0.1,131,effusion,2,-1,7,,,,,,,none,none,,
4,MTR_150,noise_q3,0.25,121,in_seg,0,1,5,,,,,miss,miss,5,5,correct,correct
4,MTR_150,noise_q3,0.25,122,in_seg,0,1,5,,,,,miss,miss,5,5,correct,correct
4,MTR_150,noise_q3,0.25,123,ligament,3,2,0,,,,,,,unknown,unknown,,
4,MTR_150,noise_q3,0.25,124,in_seg,1,5,1,,,,,miss,miss,2,2,wrong_host,wrong_host
4,MTR_150,noise_q3,0.25,125,in_seg,1,6,4,,,,,miss,miss,4,3,correct,correct
4,MTR_150,noise_q3,0.25,126,in_seg,1,6,3,,,,,miss,miss,3,2,correct,wrong_host
4,MTR_150,noise_q3,0.25,127,in_seg,1,4,2,,,,,miss,miss,2,2,correct,correct
4,MTR_150,noise_q3,0.25,128,in_seg,1,5,1,,,,,miss,miss,2,2,wrong_host,wrong_host
4,MTR_150,noise_q3,0.25,129,in_seg,1,4,2,,,,,miss,miss,2,2,correct,correct
4,MTR_150,noise_q3,0.25,130,in_seg,1,4,2,,,,,miss,miss,2,2,correct,correct
4,MTR_150,noise_q3,0.25,131,effusion,2,-1,7,,,,,,,none,none,,
4,MTR_150,us4,0.05,121,in_seg,0,1,5,,,,,miss,miss,5,5,correct,correct
4,MTR_150,us4,0.05,122,in_seg,0,1,5,,,,,miss,miss,5,6,correct,correct
4,MTR_150,us4,0.05,123,ligament,3,2,0,,,,,,,unknown,unknown,,
4,MTR_150,us4,0.05,124,in_seg,1,5,1,,,,,miss,miss,2,2,wrong_host,wrong_host
4,MTR_150,us4,0.05,125,in_seg,1,6,4,,,,,miss,miss,4,4,correct,correct
4,MTR_150,us4,0.05,126,in_seg,1,6,3,,,,,miss,miss,3,2,correct,wrong_host
4,MTR_150,us4,0.05,127,in_seg,1,4,2,,,,,miss,miss,2,2,correct,correct
4,MTR_150,us4,0.05,128,in_seg,1,5,1,,,,,miss,miss,2,2,wrong_host,wrong_host
4,MTR_150,us4,0.05,129,in_seg,1,4,2,,,,,miss,miss,2,2,correct,correct
4,MTR_150,us4,0.05,130,in_seg,1,4,2,,,,,miss,miss,2,2,correct,correct
4,MTR_150,us4,0.05,131,effusion,2,-1,7,,,,,,,none,none,,
4,MTR_150,us4,0.1,121,in_seg,0,1,5,,,,,miss,miss,5,5,correct,correct
4,MTR_150,us4,0.1,122,in_seg,0,1,5,,,,,miss,miss,5,6,correct,correct
4,MTR_150,us4,0.1,123,ligament,3,2,0,,,,,,,unknown,unknown,,
4,MTR_150,us4,0.1,124,in_seg,1,5,1,,,,,miss,miss,2,2,wrong_host,wrong_host
4,MTR_150,us4,0.1,125,in_seg,1,6,4,,,,,miss,miss,4,4,correct,correct
4,MTR_150,us4,0.1,126,in_seg,1,6,3,,,,,miss,miss,3,2,correct,wrong_host
4,MTR_150,us4,0.1,127,in_seg,1,4,2,,,,,miss,miss,2,2,correct,correct
4,MTR_150,us4,0.1,128,in_seg,1,5,1,,,,,miss,miss,2,2,wrong_host,wrong_host
4,MTR_150,us4,0.1,129,in_seg,1,4,2,,,,,miss,miss,2,2,correct,correct
4,MTR_150,us4,0.1,130,in_seg,1,4,2,,,,,miss,miss,2,2,correct,correct
4,MTR_150,us4,0.1,131,effusion,2,-1,7,,,,,,,none,none,,
4,MTR_150,us4,0.25,121,in_seg,0,1,5,,,,,miss,miss,5,5,correct,correct
4,MTR_150,us4,0.25,122,in_seg,0,1,5,,,,,miss,miss,5,6,correct,correct
4,MTR_150,us4,0.25,123,ligament,3,2,0,,,,,,,unknown,unknown,,
4,MTR_150,us4,0.25,124,in_seg,1,5,1,,,,,miss,miss,2,2,wrong_host,wrong_host
4,MTR_150,us4,0.25,125,in_seg,1,6,4,,,,,miss,miss,4,4,correct,correct
4,MTR_150,us4,0.25,126,in_seg,1,6,3,,,,,miss,miss,3,2,correct,wrong_host
4,MTR_150,us4,0.25,127,in_seg,1,4,2,,,,,miss,miss,2,2,correct,correct
4,MTR_150,us4,0.25,128,in_seg,1,5,1,,,,,miss,miss,2,2,wrong_host,wrong_host
4,MTR_150,us4,0.25,129,in_seg,1,4,2,,,,,miss,miss,2,2,correct,correct
4,MTR_150,us4,0.25,130,in_seg,1,4,2,,,,,miss,miss,2,2,correct,correct
4,MTR_150,us4,0.25,131,effusion,2,-1,7,,,,,,,none,none,,
4,MTR_150,us8,0.05,121,in_seg,0,1,5,,,,,miss,miss,5,5,correct,correct
4,MTR_150,us8,0.05,122,in_seg,0,1,5,,,,,miss,miss,5,6,correct,correct
4,MTR_150,us8,0.05,123,ligament,3,2,0,,,,,,,unknown,unknown,,
4,MTR_150,us8,0.05,124,in_seg,1,5,1,,,,,miss,miss,2,2,wrong_host,wrong_host
4,MTR_150,us8,0.05,125,in_seg,1,6,4,,,,,miss,miss,4,4,correct,correct
4,MTR_150,us8,0.05,126,in_seg,1,6,3,,,,,miss,miss,3,2,correct,wrong_host
4,MTR_150,us8,0.05,127,in_seg,1,4,2,,,,,miss,miss,2,2,correct,correct
4,MTR_150,us8,0.05,128,in_seg,1,5,1,,,,,miss,miss,2,2,wrong_host,wrong_host
4,MTR_150,us8,0.05,129,in_seg,1,4,2,,,,,miss,miss,2,2,correct,correct
4,MTR_150,us8,0.05,130,in_seg,1,4,2,,,,,miss,miss,2,2,correct,correct
4,MTR_150,us8,0.05,131,effusion,2,-1,7,,,,,,,none,none,,
4,MTR_150,us8,0.1,121,in_seg,0,1,5,,,,,miss,miss,5,5,correct,correct
4,MTR_150,us8,0.1,122,in_seg,0,1,5,,,,,miss,miss,5,6,correct,correct
4,MTR_150,us8,0.1,123,ligament,3,2,0,,,,,,,unknown,unknown,,
4,MTR_150,us8,0.1,124,in_seg,1,5,1,,,,,miss,miss,2,2,wrong_host,wrong_host
4,MTR_150,us8,0.1,125,in_seg,1,6,4,,,,,miss,miss,4,4,correct,correct
4,MTR_150,us8,0.1,126,in_seg,1,6,3,,,,,miss,miss,3,2,correct,wrong_host
4,MTR_150,us8,0.1,127,in_seg,1,4,2,,,,,miss,miss,2,2,correct,correct
4,MTR_150,us8,0.1,128,in_seg,1,5,1,,,,,miss,miss,2,2,wrong_host,wrong_host
4,MTR_150,us8,0.1,129,in_seg,1,4,2,,,,,miss,miss,2,2,correct,correct
4,MTR_150,us8,0.1,130,in_seg,1,4,2,,,,,miss,miss,2,2,correct,correct
4,MTR_150,us8,0.1,131,effusion,2,-1,7,,,,,,,none,none,,
4,MTR_150,us8,0.25,121,in_seg,0,1,5,,,,,miss,miss,5,5,correct,correct
4,MTR_150,us8,0.25,122,in_seg,0,1,5,,,,,miss,miss,5,6,correct,correct
4,MTR_150,us8,0.25,123,ligament,3,2,0,,,,,,,unknown,unknown,,
4,MTR_150,us8,0.25,124,in_seg,1,5,1,,,,,miss,miss,2,2,wrong_host,wrong_host
4,MTR_150,us8,0.25,125,in_seg,1,6,4,,,,,miss,miss,4,4,correct,correct
4,MTR_150,us8,0.25,126,in_seg,1,6,3,,,,,miss,miss,3,2,correct,wrong_host
4,MTR_150,us8,0.25,127,in_seg,1,4,2,,,,,miss,miss,2,2,correct,correct
4,MTR_150,us8,0.25,128,in_seg,1,5,1,,,,,miss,miss,2,2,wrong_host,wrong_host
4,MTR_150,us8,0.25,129,in_seg,1,4,2,,,,,miss,miss,2,2,correct,correct
4,MTR_150,us8,0.25,130,in_seg,1,4,2,,,,,miss,miss,2,2,correct,correct
4,MTR_150,us8,0.25,131,effusion,2,-1,7,,,,,,,none,none,,
4,MTR_150,us16,0.05,121,in_seg,0,1,5,,,,,miss,miss,5,5,correct,correct
4,MTR_150,us16,0.05,122,in_seg,0,1,5,,,,,miss,miss,5,6,correct,correct
4,MTR_150,us16,0.05,123,ligament,3,2,0,,,,,,,unknown,unknown,,
4,MTR_150,us16,0.05,124,in_seg,1,5,1,,,,,miss,miss,2,2,wrong_host,wrong_host
4,MTR_150,us16,0.05,125,in_seg,1,6,4,,,,,miss,miss,4,4,correct,correct
4,MTR_150,us16,0.05,126,in_seg,1,6,3,,,,,miss,miss,3,2,correct,wrong_host
4,MTR_150,us16,0.05,127,in_seg,1,4,2,,,,,miss,miss,2,2,correct,correct
4,MTR_150,us16,0.05,128,in_seg,1,5,1,1,0.1117,1,1,correct,correct,2,2,wrong_host,wrong_host
4,MTR_150,us16,0.05,129,in_seg,1,4,2,,,,,miss,miss,2,2,correct,correct
4,MTR_150,us16,0.05,130,in_seg,1,4,2,,,,,miss,miss,2,2,correct,correct
4,MTR_150,us16,0.05,131,effusion,2,-1,7,,,,,,,none,none,,
4,MTR_150,us16,0.1,121,in_seg,0,1,5,,,,,miss,miss,5,5,correct,correct
4,MTR_150,us16,0.1,122,in_seg,0,1,5,,,,,miss,miss,5,6,correct,correct
4,MTR_150,us16,0.1,123,ligament,3,2,0,,,,,,,unknown,unknown,,
4,MTR_150,us16,0.1,124,in_seg,1,5,1,,,,,miss,miss,2,2,wrong_host,wrong_host
4,MTR_150,us16,0.1,125,in_seg,1,6,4,,,,,miss,miss,4,4,correct,correct
4,MTR_150,us16,0.1,126,in_seg,1,6,3,,,,,miss,miss,3,2,correct,wrong_host
4,MTR_150,us16,0.1,127,in_seg,1,4,2,,,,,miss,miss,2,2,correct,correct
4,MTR_150,us16,0.1,128,in_seg,1,5,1,1,0.1117,1,1,correct,correct,2,2,wrong_host,wrong_host
4,MTR_150,us16,0.1,129,in_seg,1,4,2,,,,,miss,miss,2,2,correct,correct
4,MTR_150,us16,0.1,130,in_seg,1,4,2,,,,,miss,miss,2,2,correct,correct
4,MTR_150,us16,0.1,131,effusion,2,-1,7,,,,,,,none,none,,
4,MTR_150,us16,0.25,121,in_seg,0,1,5,,,,,miss,miss,5,5,correct,correct
4,MTR_150,us16,0.25,122,in_seg,0,1,5,,,,,miss,miss,5,6,correct,correct
4,MTR_150,us16,0.25,123,ligament,3,2,0,,,,,,,unknown,unknown,,
4,MTR_150,us16,0.25,124,in_seg,1,5,1,,,,,miss,miss,2,2,wrong_host,wrong_host
4,MTR_150,us16,0.25,125,in_seg,1,6,4,,,,,miss,miss,4,4,correct,correct
4,MTR_150,us16,0.25,126,in_seg,1,6,3,,,,,miss,miss,3,2,correct,wrong_host
4,MTR_150,us16,0.25,127,in_seg,1,4,2,,,,,miss,miss,2,2,correct,correct
4,MTR_150,us16,0.25,128,in_seg,1,5,1,,,,,miss,miss,2,2,wrong_host,wrong_host
4,MTR_150,us16,0.25,129,in_seg,1,4,2,,,,,miss,miss,2,2,correct,correct
4,MTR_150,us16,0.25,130,in_seg,1,4,2,,,,,miss,miss,2,2,correct,correct
4,MTR_150,us16,0.25,131,effusion,2,-1,7,,,,,,,none,none,,
0,MTR_152,clean,0.05,89,in_seg,0,1,5,,,,,miss,miss,5,5,correct,correct
0,MTR_152,clean,0.05,90,in_seg,1,5,1,,,,,miss,miss,1,1,correct,correct
0,MTR_152,clean,0.05,91,in_seg,1,6,4,,,,,miss,miss,4,4,correct,correct
0,MTR_152,clean,0.05,92,in_seg,1,4,2,,,,,miss,miss,2,2,correct,correct
0,MTR_152,clean,0.05,93,in_seg,1,4,2,,,,,miss,miss,2,2,correct,correct
0,MTR_152,clean,0.1,89,in_seg,0,1,5,,,,,miss,miss,5,5,correct,correct
0,MTR_152,clean,0.1,90,in_seg,1,5,1,,,,,miss,miss,1,1,correct,correct
0,MTR_152,clean,0.1,91,in_seg,1,6,4,,,,,miss,miss,4,4,correct,correct
0,MTR_152,clean,0.1,92,in_seg,1,4,2,,,,,miss,miss,2,2,correct,correct
0,MTR_152,clean,0.1,93,in_seg,1,4,2,,,,,miss,miss,2,2,correct,correct
0,MTR_152,clean,0.25,89,in_seg,0,1,5,,,,,miss,miss,5,5,correct,correct
0,MTR_152,clean,0.25,90,in_seg,1,5,1,,,,,miss,miss,1,1,correct,correct
0,MTR_152,clean,0.25,91,in_seg,1,6,4,,,,,miss,miss,4,4,correct,correct
0,MTR_152,clean,0.25,92,in_seg,1,4,2,,,,,miss,miss,2,2,correct,correct
0,MTR_152,clean,0.25,93,in_seg,1,4,2,,,,,miss,miss,2,2,correct,correct
0,MTR_152,noise_q1,0.05,89,in_seg,0,1,5,,,,,miss,miss,5,5,correct,correct
0,MTR_152,noise_q1,0.05,90,in_seg,1,5,1,,,,,miss,miss,1,1,correct,correct
0,MTR_152,noise_q1,0.05,91,in_seg,1,6,4,,,,,miss,miss,4,4,correct,correct
0,MTR_152,noise_q1,0.05,92,in_seg,1,4,2,,,,,miss,miss,2,2,correct,correct
0,MTR_152,noise_q1,0.05,93,in_seg,1,4,2,,,,,miss,miss,2,2,correct,correct
0,MTR_152,noise_q1,0.1,89,in_seg,0,1,5,,,,,miss,miss,5,5,correct,correct
0,MTR_152,noise_q1,0.1,90,in_seg,1,5,1,,,,,miss,miss,1,1,correct,correct
0,MTR_152,noise_q1,0.1,91,in_seg,1,6,4,,,,,miss,miss,4,4,correct,correct
0,MTR_152,noise_q1,0.1,92,in_seg,1,4,2,,,,,miss,miss,2,2,correct,correct
0,MTR_152,noise_q1,0.1,93,in_seg,1,4,2,,,,,miss,miss,2,2,correct,correct
0,MTR_152,noise_q1,0.25,89,in_seg,0,1,5,,,,,miss,miss,5,5,correct,correct
0,MTR_152,noise_q1,0.25,90,in_seg,1,5,1,,,,,miss,miss,1,1,correct,correct
0,MTR_152,noise_q1,0.25,91,in_seg,1,6,4,,,,,miss,miss,4,4,correct,correct
0,MTR_152,noise_q1,0.25,92,in_seg,1,4,2,,,,,miss,miss,2,2,correct,correct
0,MTR_152,noise_q1,0.25,93,in_seg,1,4,2,,,,,miss,miss,2,2,correct,correct
0,MTR_152,noise_q2,0.05,89,in_seg,0,1,5,,,,,miss,miss,5,5,correct,correct
0,MTR_152,noise_q2,0.05,90,in_seg,1,5,1,,,,,miss,miss,1,1,correct,correct
0,MTR_152,noise_q2,0.05,91,in_seg,1,6,4,,,,,miss,miss,4,4,correct,correct
0,MTR_152,noise_q2,0.05,92,in_seg,1,4,2,,,,,miss,miss,2,2,correct,correct
0,MTR_152,noise_q2,0.05,93,in_seg,1,4,2,,,,,miss,miss,2,2,correct,correct
0,MTR_152,noise_q2,0.1,89,in_seg,0,1,5,,,,,miss,miss,5,5,correct,correct
0,MTR_152,noise_q2,0.1,90,in_seg,1,5,1,,,,,miss,miss,1,1,correct,correct
0,MTR_152,noise_q2,0.1,91,in_seg,1,6,4,,,,,miss,miss,4,4,correct,correct
0,MTR_152,noise_q2,0.1,92,in_seg,1,4,2,,,,,miss,miss,2,2,correct,correct
0,MTR_152,noise_q2,0.1,93,in_seg,1,4,2,,,,,miss,miss,2,2,correct,correct
0,MTR_152,noise_q2,0.25,89,in_seg,0,1,5,,,,,miss,miss,5,5,correct,correct
0,MTR_152,noise_q2,0.25,90,in_seg,1,5,1,,,,,miss,miss,1,1,correct,correct
0,MTR_152,noise_q2,0.25,91,in_seg,1,6,4,,,,,miss,miss,4,4,correct,correct
0,MTR_152,noise_q2,0.25,92,in_seg,1,4,2,,,,,miss,miss,2,2,correct,correct
0,MTR_152,noise_q2,0.25,93,in_seg,1,4,2,,,,,miss,miss,2,2,correct,correct
0,MTR_152,noise_q3,0.05,89,in_seg,0,1,5,,,,,miss,miss,5,5,correct,correct
0,MTR_152,noise_q3,0.05,90,in_seg,1,5,1,,,,,miss,miss,1,1,correct,correct
0,MTR_152,noise_q3,0.05,91,in_seg,1,6,4,,,,,miss,miss,4,2,correct,wrong_host
0,MTR_152,noise_q3,0.05,92,in_seg,1,4,2,,,,,miss,miss,2,2,correct,correct
0,MTR_152,noise_q3,0.05,93,in_seg,1,4,2,,,,,miss,miss,2,2,correct,correct
0,MTR_152,noise_q3,0.1,89,in_seg,0,1,5,,,,,miss,miss,5,5,correct,correct
0,MTR_152,noise_q3,0.1,90,in_seg,1,5,1,,,,,miss,miss,1,1,correct,correct
0,MTR_152,noise_q3,0.1,91,in_seg,1,6,4,,,,,miss,miss,4,2,correct,wrong_host
0,MTR_152,noise_q3,0.1,92,in_seg,1,4,2,,,,,miss,miss,2,2,correct,correct
0,MTR_152,noise_q3,0.1,93,in_seg,1,4,2,,,,,miss,miss,2,2,correct,correct
0,MTR_152,noise_q3,0.25,89,in_seg,0,1,5,,,,,miss,miss,5,5,correct,correct
0,MTR_152,noise_q3,0.25,90,in_seg,1,5,1,,,,,miss,miss,1,1,correct,correct
0,MTR_152,noise_q3,0.25,91,in_seg,1,6,4,,,,,miss,miss,4,2,correct,wrong_host
0,MTR_152,noise_q3,0.25,92,in_seg,1,4,2,,,,,miss,miss,2,2,correct,correct
0,MTR_152,noise_q3,0.25,93,in_seg,1,4,2,,,,,miss,miss,2,2,correct,correct
0,MTR_152,us4,0.05,89,in_seg,0,1,5,,,,,miss,miss,5,6,correct,correct
0,MTR_152,us4,0.05,90,in_seg,1,5,1,,,,,miss,miss,1,1,correct,correct
0,MTR_152,us4,0.05,91,in_seg,1,6,4,,,,,miss,miss,4,4,correct,correct
0,MTR_152,us4,0.05,92,in_seg,1,4,2,,,,,miss,miss,2,2,correct,correct
0,MTR_152,us4,0.05,93,in_seg,1,4,2,,,,,miss,miss,2,2,correct,correct
0,MTR_152,us4,0.1,89,in_seg,0,1,5,,,,,miss,miss,5,6,correct,correct
0,MTR_152,us4,0.1,90,in_seg,1,5,1,,,,,miss,miss,1,1,correct,correct
0,MTR_152,us4,0.1,91,in_seg,1,6,4,,,,,miss,miss,4,4,correct,correct
0,MTR_152,us4,0.1,92,in_seg,1,4,2,,,,,miss,miss,2,2,correct,correct
0,MTR_152,us4,0.1,93,in_seg,1,4,2,,,,,miss,miss,2,2,correct,correct
0,MTR_152,us4,0.25,89,in_seg,0,1,5,,,,,miss,miss,5,6,correct,correct
0,MTR_152,us4,0.25,90,in_seg,1,5,1,,,,,miss,miss,1,1,correct,correct
0,MTR_152,us4,0.25,91,in_seg,1,6,4,,,,,miss,miss,4,4,correct,correct
0,MTR_152,us4,0.25,92,in_seg,1,4,2,,,,,miss,miss,2,2,correct,correct
0,MTR_152,us4,0.25,93,in_seg,1,4,2,,,,,miss,miss,2,2,correct,correct
0,MTR_152,us8,0.05,89,in_seg,0,1,5,,,,,miss,miss,5,6,correct,correct
0,MTR_152,us8,0.05,90,in_seg,1,5,1,,,,,miss,miss,1,1,correct,correct
0,MTR_152,us8,0.05,91,in_seg,1,6,4,,,,,miss,miss,4,2,correct,wrong_host
0,MTR_152,us8,0.05,92,in_seg,1,4,2,,,,,miss,miss,2,2,correct,correct
0,MTR_152,us8,0.05,93,in_seg,1,4,2,,,,,miss,miss,2,2,correct,correct
0,MTR_152,us8,0.1,89,in_seg,0,1,5,,,,,miss,miss,5,6,correct,correct
0,MTR_152,us8,0.1,90,in_seg,1,5,1,,,,,miss,miss,1,1,correct,correct
0,MTR_152,us8,0.1,91,in_seg,1,6,4,,,,,miss,miss,4,2,correct,wrong_host
0,MTR_152,us8,0.1,92,in_seg,1,4,2,,,,,miss,miss,2,2,correct,correct
0,MTR_152,us8,0.1,93,in_seg,1,4,2,,,,,miss,miss,2,2,correct,correct
0,MTR_152,us8,0.25,89,in_seg,0,1,5,,,,,miss,miss,5,6,correct,correct
0,MTR_152,us8,0.25,90,in_seg,1,5,1,,,,,miss,miss,1,1,correct,correct
0,MTR_152,us8,0.25,91,in_seg,1,6,4,,,,,miss,miss,4,2,correct,wrong_host
0,MTR_152,us8,0.25,92,in_seg,1,4,2,,,,,miss,miss,2,2,correct,correct
0,MTR_152,us8,0.25,93,in_seg,1,4,2,,,,,miss,miss,2,2,correct,correct
0,MTR_152,us16,0.05,89,in_seg,0,1,5,,,,,miss,miss,5,5,correct,correct
0,MTR_152,us16,0.05,90,in_seg,1,5,1,,,,,miss,miss,1,1,correct,correct
0,MTR_152,us16,0.05,91,in_seg,1,6,4,,,,,miss,miss,4,2,correct,wrong_host
0,MTR_152,us16,0.05,92,in_seg,1,4,2,,,,,miss,miss,2,2,correct,correct
0,MTR_152,us16,0.05,93,in_seg,1,4,2,,,,,miss,miss,2,2,correct,correct
0,MTR_152,us16,0.1,89,in_seg,0,1,5,,,,,miss,miss,5,5,correct,correct
0,MTR_152,us16,0.1,90,in_seg,1,5,1,,,,,miss,miss,1,1,correct,correct
0,MTR_152,us16,0.1,91,in_seg,1,6,4,,,,,miss,miss,4,2,correct,wrong_host
0,MTR_152,us16,0.1,92,in_seg,1,4,2,,,,,miss,miss,2,2,correct,correct
0,MTR_152,us16,0.1,93,in_seg,1,4,2,,,,,miss,miss,2,2,correct,correct
0,MTR_152,us16,0.25,89,in_seg,0,1,5,,,,,miss,miss,5,5,correct,correct
0,MTR_152,us16,0.25,90,in_seg,1,5,1,,,,,miss,miss,1,1,correct,correct
0,MTR_152,us16,0.25,91,in_seg,1,6,4,,,,,miss,miss,4,2,correct,wrong_host
0,MTR_152,us16,0.25,92,in_seg,1,4,2,,,,,miss,miss,2,2,correct,correct
0,MTR_152,us16,0.25,93,in_seg,1,4,2,,,,,miss,miss,2,2,correct,correct
2,MTR_154,clean,0.05,43,in_seg,1,4,2,,,,,miss,miss,2,2,correct,correct
2,MTR_154,clean,0.05,44,in_seg,1,6,3,,,,,miss,miss,3,2,correct,wrong_host
2,MTR_154,clean,0.05,45,effusion,2,-1,7,,,,,,,none,none,,
2,MTR_154,clean,0.05,46,effusion,2,-1,7,,,,,,,none,none,,
2,MTR_154,clean,0.1,43,in_seg,1,4,2,,,,,miss,miss,2,2,correct,correct
2,MTR_154,clean,0.1,44,in_seg,1,6,3,,,,,miss,miss,3,2,correct,wrong_host
2,MTR_154,clean,0.1,45,effusion,2,-1,7,,,,,,,none,none,,
2,MTR_154,clean,0.1,46,effusion,2,-1,7,,,,,,,none,none,,
2,MTR_154,clean,0.25,43,in_seg,1,4,2,,,,,miss,miss,2,2,correct,correct
2,MTR_154,clean,0.25,44,in_seg,1,6,3,,,,,miss,miss,3,2,correct,wrong_host
2,MTR_154,clean,0.25,45,effusion,2,-1,7,,,,,,,none,none,,
2,MTR_154,clean,0.25,46,effusion,2,-1,7,,,,,,,none,none,,
2,MTR_154,noise_q1,0.05,43,in_seg,1,4,2,,,,,miss,miss,2,2,correct,correct
2,MTR_154,noise_q1,0.05,44,in_seg,1,6,3,,,,,miss,miss,3,2,correct,wrong_host
2,MTR_154,noise_q1,0.05,45,effusion,2,-1,7,,,,,,,none,none,,
2,MTR_154,noise_q1,0.05,46,effusion,2,-1,7,,,,,,,none,none,,
2,MTR_154,noise_q1,0.1,43,in_seg,1,4,2,,,,,miss,miss,2,2,correct,correct
2,MTR_154,noise_q1,0.1,44,in_seg,1,6,3,,,,,miss,miss,3,2,correct,wrong_host
2,MTR_154,noise_q1,0.1,45,effusion,2,-1,7,,,,,,,none,none,,
2,MTR_154,noise_q1,0.1,46,effusion,2,-1,7,,,,,,,none,none,,
2,MTR_154,noise_q1,0.25,43,in_seg,1,4,2,,,,,miss,miss,2,2,correct,correct
2,MTR_154,noise_q1,0.25,44,in_seg,1,6,3,,,,,miss,miss,3,2,correct,wrong_host
2,MTR_154,noise_q1,0.25,45,effusion,2,-1,7,,,,,,,none,none,,
2,MTR_154,noise_q1,0.25,46,effusion,2,-1,7,,,,,,,none,none,,
2,MTR_154,noise_q2,0.05,43,in_seg,1,4,2,,,,,miss,miss,2,2,correct,correct
2,MTR_154,noise_q2,0.05,44,in_seg,1,6,3,,,,,miss,miss,3,2,correct,wrong_host
2,MTR_154,noise_q2,0.05,45,effusion,2,-1,7,,,,,,,none,none,,
2,MTR_154,noise_q2,0.05,46,effusion,2,-1,7,,,,,,,none,none,,
2,MTR_154,noise_q2,0.1,43,in_seg,1,4,2,,,,,miss,miss,2,2,correct,correct
2,MTR_154,noise_q2,0.1,44,in_seg,1,6,3,,,,,miss,miss,3,2,correct,wrong_host
2,MTR_154,noise_q2,0.1,45,effusion,2,-1,7,,,,,,,none,none,,
2,MTR_154,noise_q2,0.1,46,effusion,2,-1,7,,,,,,,none,none,,
2,MTR_154,noise_q2,0.25,43,in_seg,1,4,2,,,,,miss,miss,2,2,correct,correct
2,MTR_154,noise_q2,0.25,44,in_seg,1,6,3,,,,,miss,miss,3,2,correct,wrong_host
2,MTR_154,noise_q2,0.25,45,effusion,2,-1,7,,,,,,,none,none,,
2,MTR_154,noise_q2,0.25,46,effusion,2,-1,7,,,,,,,none,none,,
2,MTR_154,noise_q3,0.05,43,in_seg,1,4,2,,,,,miss,miss,2,2,correct,correct
2,MTR_154,noise_q3,0.05,44,in_seg,1,6,3,,,,,miss,miss,3,2,correct,wrong_host
2,MTR_154,noise_q3,0.05,45,effusion,2,-1,7,,,,,,,none,none,,
2,MTR_154,noise_q3,0.05,46,effusion,2,-1,7,,,,,,,none,none,,
2,MTR_154,noise_q3,0.1,43,in_seg,1,4,2,,,,,miss,miss,2,2,correct,correct
2,MTR_154,noise_q3,0.1,44,in_seg,1,6,3,,,,,miss,miss,3,2,correct,wrong_host
2,MTR_154,noise_q3,0.1,45,effusion,2,-1,7,,,,,,,none,none,,
2,MTR_154,noise_q3,0.1,46,effusion,2,-1,7,,,,,,,none,none,,
2,MTR_154,noise_q3,0.25,43,in_seg,1,4,2,,,,,miss,miss,2,2,correct,correct
2,MTR_154,noise_q3,0.25,44,in_seg,1,6,3,,,,,miss,miss,3,2,correct,wrong_host
2,MTR_154,noise_q3,0.25,45,effusion,2,-1,7,,,,,,,none,none,,
2,MTR_154,noise_q3,0.25,46,effusion,2,-1,7,,,,,,,none,none,,
2,MTR_154,us4,0.05,43,in_seg,1,4,2,,,,,miss,miss,2,2,correct,correct
2,MTR_154,us4,0.05,44,in_seg,1,6,3,,,,,miss,miss,3,2,correct,wrong_host
2,MTR_154,us4,0.05,45,effusion,2,-1,7,,,,,,,none,none,,
2,MTR_154,us4,0.05,46,effusion,2,-1,7,,,,,,,none,none,,
2,MTR_154,us4,0.1,43,in_seg,1,4,2,,,,,miss,miss,2,2,correct,correct
2,MTR_154,us4,0.1,44,in_seg,1,6,3,,,,,miss,miss,3,2,correct,wrong_host
2,MTR_154,us4,0.1,45,effusion,2,-1,7,,,,,,,none,none,,
2,MTR_154,us4,0.1,46,effusion,2,-1,7,,,,,,,none,none,,
2,MTR_154,us4,0.25,43,in_seg,1,4,2,,,,,miss,miss,2,2,correct,correct
2,MTR_154,us4,0.25,44,in_seg,1,6,3,,,,,miss,miss,3,2,correct,wrong_host
2,MTR_154,us4,0.25,45,effusion,2,-1,7,,,,,,,none,none,,
2,MTR_154,us4,0.25,46,effusion,2,-1,7,,,,,,,none,none,,
2,MTR_154,us8,0.05,43,in_seg,1,4,2,,,,,miss,miss,2,2,correct,correct
2,MTR_154,us8,0.05,44,in_seg,1,6,3,,,,,miss,miss,3,2,correct,wrong_host
2,MTR_154,us8,0.05,45,effusion,2,-1,7,,,,,,,none,none,,
2,MTR_154,us8,0.05,46,effusion,2,-1,7,,,,,,,none,none,,
2,MTR_154,us8,0.1,43,in_seg,1,4,2,,,,,miss,miss,2,2,correct,correct
2,MTR_154,us8,0.1,44,in_seg,1,6,3,,,,,miss,miss,3,2,correct,wrong_host
2,MTR_154,us8,0.1,45,effusion,2,-1,7,,,,,,,none,none,,
2,MTR_154,us8,0.1,46,effusion,2,-1,7,,,,,,,none,none,,
2,MTR_154,us8,0.25,43,in_seg,1,4,2,,,,,miss,miss,2,2,correct,correct
2,MTR_154,us8,0.25,44,in_seg,1,6,3,,,,,miss,miss,3,2,correct,wrong_host
2,MTR_154,us8,0.25,45,effusion,2,-1,7,,,,,,,none,none,,
2,MTR_154,us8,0.25,46,effusion,2,-1,7,,,,,,,none,none,,
2,MTR_154,us16,0.05,43,in_seg,1,4,2,,,,,miss,miss,2,2,correct,correct
2,MTR_154,us16,0.05,44,in_seg,1,6,3,,,,,miss,miss,3,2,correct,wrong_host
2,MTR_154,us16,0.05,45,effusion,2,-1,7,,,,,,,none,none,,
2,MTR_154,us16,0.05,46,effusion,2,-1,7,,,,,,,none,none,,
2,MTR_154,us16,0.1,43,in_seg,1,4,2,,,,,miss,miss,2,2,correct,correct
2,MTR_154,us16,0.1,44,in_seg,1,6,3,,,,,miss,miss,3,2,correct,wrong_host
2,MTR_154,us16,0.1,45,effusion,2,-1,7,,,,,,,none,none,,
2,MTR_154,us16,0.1,46,effusion,2,-1,7,,,,,,,none,none,,
2,MTR_154,us16,0.25,43,in_seg,1,4,2,,,,,miss,miss,2,2,correct,correct
2,MTR_154,us16,0.25,44,in_seg,1,6,3,,,,,miss,miss,3,2,correct,wrong_host
2,MTR_154,us16,0.25,45,effusion,2,-1,7,,,,,,,none,none,,
2,MTR_154,us16,0.25,46,effusion,2,-1,7,,,,,,,none,none,,
2,MTR_156,clean,0.05,115,in_seg,0,1,6,,,,,miss,miss,6,5,correct,correct
2,MTR_156,clean,0.05,116,in_seg,0,1,5,,,,,miss,miss,5,5,correct,correct
2,MTR_156,clean,0.05,118,in_seg,1,4,2,,,,,miss,miss,2,2,correct,correct
2,MTR_156,clean,0.05,119,in_seg,1,4,2,,,,,miss,miss,2,2,correct,correct
2,MTR_156,clean,0.05,120,in_seg,1,6,4,,,,,miss,miss,4,2,correct,wrong_host
2,MTR_156,clean,0.05,121,in_seg,1,5,1,,,,,miss,miss,1,1,correct,correct
2,MTR_156,clean,0.05,122,in_seg,1,4,2,,,,,miss,miss,2,2,correct,correct
2,MTR_156,clean,0.05,123,effusion,2,-1,7,,,,,,,none,none,,
2,MTR_156,clean,0.1,115,in_seg,0,1,6,,,,,miss,miss,6,5,correct,correct
2,MTR_156,clean,0.1,116,in_seg,0,1,5,,,,,miss,miss,5,5,correct,correct
2,MTR_156,clean,0.1,118,in_seg,1,4,2,,,,,miss,miss,2,2,correct,correct
2,MTR_156,clean,0.1,119,in_seg,1,4,2,,,,,miss,miss,2,2,correct,correct
2,MTR_156,clean,0.1,120,in_seg,1,6,4,,,,,miss,miss,4,2,correct,wrong_host
2,MTR_156,clean,0.1,121,in_seg,1,5,1,,,,,miss,miss,1,1,correct,correct
2,MTR_156,clean,0.1,122,in_seg,1,4,2,,,,,miss,miss,2,2,correct,correct
2,MTR_156,clean,0.1,123,effusion,2,-1,7,,,,,,,none,none,,
2,MTR_156,clean,0.25,115,in_seg,0,1,6,,,,,miss,miss,6,5,correct,correct
2,MTR_156,clean,0.25,116,in_seg,0,1,5,,,,,miss,miss,5,5,correct,correct
2,MTR_156,clean,0.25,118,in_seg,1,4,2,,,,,miss,miss,2,2,correct,correct
2,MTR_156,clean,0.25,119,in_seg,1,4,2,,,,,miss,miss,2,2,correct,correct
2,MTR_156,clean,0.25,120,in_seg,1,6,4,,,,,miss,miss,4,2,correct,wrong_host
2,MTR_156,clean,0.25,121,in_seg,1,5,1,,,,,miss,miss,1,1,correct,correct
2,MTR_156,clean,0.25,122,in_seg,1,4,2,,,,,miss,miss,2,2,correct,correct
2,MTR_156,clean,0.25,123,effusion,2,-1,7,,,,,,,none,none,,
2,MTR_156,noise_q1,0.05,115,in_seg,0,1,6,,,,,miss,miss,6,5,correct,correct
2,MTR_156,noise_q1,0.05,116,in_seg,0,1,5,,,,,miss,miss,5,5,correct,correct
2,MTR_156,noise_q1,0.05,118,in_seg,1,4,2,,,,,miss,miss,2,2,correct,correct
2,MTR_156,noise_q1,0.05,119,in_seg,1,4,2,,,,,miss,miss,2,2,correct,correct
2,MTR_156,noise_q1,0.05,120,in_seg,1,6,4,,,,,miss,miss,4,2,correct,wrong_host
2,MTR_156,noise_q1,0.05,121,in_seg,1,5,1,,,,,miss,miss,1,1,correct,correct
2,MTR_156,noise_q1,0.05,122,in_seg,1,4,2,,,,,miss,miss,2,2,correct,correct
2,MTR_156,noise_q1,0.05,123,effusion,2,-1,7,,,,,,,none,none,,
2,MTR_156,noise_q1,0.1,115,in_seg,0,1,6,,,,,miss,miss,6,5,correct,correct
2,MTR_156,noise_q1,0.1,116,in_seg,0,1,5,,,,,miss,miss,5,5,correct,correct
2,MTR_156,noise_q1,0.1,118,in_seg,1,4,2,,,,,miss,miss,2,2,correct,correct
2,MTR_156,noise_q1,0.1,119,in_seg,1,4,2,,,,,miss,miss,2,2,correct,correct
2,MTR_156,noise_q1,0.1,120,in_seg,1,6,4,,,,,miss,miss,4,2,correct,wrong_host
2,MTR_156,noise_q1,0.1,121,in_seg,1,5,1,,,,,miss,miss,1,1,correct,correct
2,MTR_156,noise_q1,0.1,122,in_seg,1,4,2,,,,,miss,miss,2,2,correct,correct
2,MTR_156,noise_q1,0.1,123,effusion,2,-1,7,,,,,,,none,none,,
2,MTR_156,noise_q1,0.25,115,in_seg,0,1,6,,,,,miss,miss,6,5,correct,correct
2,MTR_156,noise_q1,0.25,116,in_seg,0,1,5,,,,,miss,miss,5,5,correct,correct
2,MTR_156,noise_q1,0.25,118,in_seg,1,4,2,,,,,miss,miss,2,2,correct,correct
2,MTR_156,noise_q1,0.25,119,in_seg,1,4,2,,,,,miss,miss,2,2,correct,correct
2,MTR_156,noise_q1,0.25,120,in_seg,1,6,4,,,,,miss,miss,4,2,correct,wrong_host
2,MTR_156,noise_q1,0.25,121,in_seg,1,5,1,,,,,miss,miss,1,1,correct,correct
2,MTR_156,noise_q1,0.25,122,in_seg,1,4,2,,,,,miss,miss,2,2,correct,correct
2,MTR_156,noise_q1,0.25,123,effusion,2,-1,7,,,,,,,none,none,,
2,MTR_156,noise_q2,0.05,115,in_seg,0,1,6,,,,,miss,miss,6,6,correct,correct
2,MTR_156,noise_q2,0.05,116,in_seg,0,1,5,,,,,miss,miss,5,5,correct,correct
2,MTR_156,noise_q2,0.05,118,in_seg,1,4,2,,,,,miss,miss,2,2,correct,correct
2,MTR_156,noise_q2,0.05,119,in_seg,1,4,2,,,,,miss,miss,2,2,correct,correct
2,MTR_156,noise_q2,0.05,120,in_seg,1,6,4,,,,,miss,miss,4,2,correct,wrong_host
2,MTR_156,noise_q2,0.05,121,in_seg,1,5,1,,,,,miss,miss,1,1,correct,correct
2,MTR_156,noise_q2,0.05,122,in_seg,1,4,2,,,,,miss,miss,2,2,correct,correct
2,MTR_156,noise_q2,0.05,123,effusion,2,-1,7,,,,,,,none,none,,
2,MTR_156,noise_q2,0.1,115,in_seg,0,1,6,,,,,miss,miss,6,6,correct,correct
2,MTR_156,noise_q2,0.1,116,in_seg,0,1,5,,,,,miss,miss,5,5,correct,correct
2,MTR_156,noise_q2,0.1,118,in_seg,1,4,2,,,,,miss,miss,2,2,correct,correct
2,MTR_156,noise_q2,0.1,119,in_seg,1,4,2,,,,,miss,miss,2,2,correct,correct
2,MTR_156,noise_q2,0.1,120,in_seg,1,6,4,,,,,miss,miss,4,2,correct,wrong_host
2,MTR_156,noise_q2,0.1,121,in_seg,1,5,1,,,,,miss,miss,1,1,correct,correct
2,MTR_156,noise_q2,0.1,122,in_seg,1,4,2,,,,,miss,miss,2,2,correct,correct
2,MTR_156,noise_q2,0.1,123,effusion,2,-1,7,,,,,,,none,none,,
2,MTR_156,noise_q2,0.25,115,in_seg,0,1,6,,,,,miss,miss,6,6,correct,correct
2,MTR_156,noise_q2,0.25,116,in_seg,0,1,5,,,,,miss,miss,5,5,correct,correct
2,MTR_156,noise_q2,0.25,118,in_seg,1,4,2,,,,,miss,miss,2,2,correct,correct
2,MTR_156,noise_q2,0.25,119,in_seg,1,4,2,,,,,miss,miss,2,2,correct,correct
2,MTR_156,noise_q2,0.25,120,in_seg,1,6,4,,,,,miss,miss,4,2,correct,wrong_host
2,MTR_156,noise_q2,0.25,121,in_seg,1,5,1,,,,,miss,miss,1,1,correct,correct
2,MTR_156,noise_q2,0.25,122,in_seg,1,4,2,,,,,miss,miss,2,2,correct,correct
2,MTR_156,noise_q2,0.25,123,effusion,2,-1,7,,,,,,,none,none,,
2,MTR_156,noise_q3,0.05,115,in_seg,0,1,6,,,,,miss,miss,6,6,correct,correct
2,MTR_156,noise_q3,0.05,116,in_seg,0,1,5,,,,,miss,miss,5,5,correct,correct
2,MTR_156,noise_q3,0.05,118,in_seg,1,4,2,,,,,miss,miss,2,2,correct,correct
2,MTR_156,noise_q3,0.05,119,in_seg,1,4,2,,,,,miss,miss,2,2,correct,correct
2,MTR_156,noise_q3,0.05,120,in_seg,1,6,4,,,,,miss,miss,4,2,correct,wrong_host
2,MTR_156,noise_q3,0.05,121,in_seg,1,5,1,,,,,miss,miss,1,1,correct,correct
2,MTR_156,noise_q3,0.05,122,in_seg,1,4,2,,,,,miss,miss,2,2,correct,correct
2,MTR_156,noise_q3,0.05,123,effusion,2,-1,7,,,,,,,none,none,,
2,MTR_156,noise_q3,0.1,115,in_seg,0,1,6,,,,,miss,miss,6,6,correct,correct
2,MTR_156,noise_q3,0.1,116,in_seg,0,1,5,,,,,miss,miss,5,5,correct,correct
2,MTR_156,noise_q3,0.1,118,in_seg,1,4,2,,,,,miss,miss,2,2,correct,correct
2,MTR_156,noise_q3,0.1,119,in_seg,1,4,2,,,,,miss,miss,2,2,correct,correct
2,MTR_156,noise_q3,0.1,120,in_seg,1,6,4,,,,,miss,miss,4,2,correct,wrong_host
2,MTR_156,noise_q3,0.1,121,in_seg,1,5,1,,,,,miss,miss,1,1,correct,correct
2,MTR_156,noise_q3,0.1,122,in_seg,1,4,2,,,,,miss,miss,2,2,correct,correct
2,MTR_156,noise_q3,0.1,123,effusion,2,-1,7,,,,,,,none,none,,
2,MTR_156,noise_q3,0.25,115,in_seg,0,1,6,,,,,miss,miss,6,6,correct,correct
2,MTR_156,noise_q3,0.25,116,in_seg,0,1,5,,,,,miss,miss,5,5,correct,correct
2,MTR_156,noise_q3,0.25,118,in_seg,1,4,2,,,,,miss,miss,2,2,correct,correct
2,MTR_156,noise_q3,0.25,119,in_seg,1,4,2,,,,,miss,miss,2,2,correct,correct
2,MTR_156,noise_q3,0.25,120,in_seg,1,6,4,,,,,miss,miss,4,2,correct,wrong_host
2,MTR_156,noise_q3,0.25,121,in_seg,1,5,1,,,,,miss,miss,1,1,correct,correct
2,MTR_156,noise_q3,0.25,122,in_seg,1,4,2,,,,,miss,miss,2,2,correct,correct
2,MTR_156,noise_q3,0.25,123,effusion,2,-1,7,,,,,,,none,none,,
2,MTR_156,us4,0.05,115,in_seg,0,1,6,,,,,miss,miss,6,6,correct,correct
2,MTR_156,us4,0.05,116,in_seg,0,1,5,,,,,miss,miss,5,5,correct,correct
2,MTR_156,us4,0.05,118,in_seg,1,4,2,,,,,miss,miss,2,2,correct,correct
2,MTR_156,us4,0.05,119,in_seg,1,4,2,,,,,miss,miss,2,2,correct,correct
2,MTR_156,us4,0.05,120,in_seg,1,6,4,,,,,miss,miss,4,2,correct,wrong_host
2,MTR_156,us4,0.05,121,in_seg,1,5,1,,,,,miss,miss,1,1,correct,correct
2,MTR_156,us4,0.05,122,in_seg,1,4,2,,,,,miss,miss,2,2,correct,correct
2,MTR_156,us4,0.05,123,effusion,2,-1,7,,,,,,,none,none,,
2,MTR_156,us4,0.1,115,in_seg,0,1,6,,,,,miss,miss,6,6,correct,correct
2,MTR_156,us4,0.1,116,in_seg,0,1,5,,,,,miss,miss,5,5,correct,correct
2,MTR_156,us4,0.1,118,in_seg,1,4,2,,,,,miss,miss,2,2,correct,correct
2,MTR_156,us4,0.1,119,in_seg,1,4,2,,,,,miss,miss,2,2,correct,correct
2,MTR_156,us4,0.1,120,in_seg,1,6,4,,,,,miss,miss,4,2,correct,wrong_host
2,MTR_156,us4,0.1,121,in_seg,1,5,1,,,,,miss,miss,1,1,correct,correct
2,MTR_156,us4,0.1,122,in_seg,1,4,2,,,,,miss,miss,2,2,correct,correct
2,MTR_156,us4,0.1,123,effusion,2,-1,7,,,,,,,none,none,,
2,MTR_156,us4,0.25,115,in_seg,0,1,6,,,,,miss,miss,6,6,correct,correct
2,MTR_156,us4,0.25,116,in_seg,0,1,5,,,,,miss,miss,5,5,correct,correct
2,MTR_156,us4,0.25,118,in_seg,1,4,2,,,,,miss,miss,2,2,correct,correct
2,MTR_156,us4,0.25,119,in_seg,1,4,2,,,,,miss,miss,2,2,correct,correct
2,MTR_156,us4,0.25,120,in_seg,1,6,4,,,,,miss,miss,4,2,correct,wrong_host
2,MTR_156,us4,0.25,121,in_seg,1,5,1,,,,,miss,miss,1,1,correct,correct
2,MTR_156,us4,0.25,122,in_seg,1,4,2,,,,,miss,miss,2,2,correct,correct
2,MTR_156,us4,0.25,123,effusion,2,-1,7,,,,,,,none,none,,
2,MTR_156,us8,0.05,115,in_seg,0,1,6,,,,,miss,miss,6,6,correct,correct
2,MTR_156,us8,0.05,116,in_seg,0,1,5,,,,,miss,miss,5,5,correct,correct
2,MTR_156,us8,0.05,118,in_seg,1,4,2,,,,,miss,miss,2,2,correct,correct
2,MTR_156,us8,0.05,119,in_seg,1,4,2,,,,,miss,miss,2,1,correct,wrong_host
2,MTR_156,us8,0.05,120,in_seg,1,6,4,,,,,miss,miss,4,2,correct,wrong_host
2,MTR_156,us8,0.05,121,in_seg,1,5,1,,,,,miss,miss,1,1,correct,correct
2,MTR_156,us8,0.05,122,in_seg,1,4,2,,,,,miss,miss,2,2,correct,correct
2,MTR_156,us8,0.05,123,effusion,2,-1,7,,,,,,,none,none,,
2,MTR_156,us8,0.1,115,in_seg,0,1,6,,,,,miss,miss,6,6,correct,correct
2,MTR_156,us8,0.1,116,in_seg,0,1,5,,,,,miss,miss,5,5,correct,correct
2,MTR_156,us8,0.1,118,in_seg,1,4,2,,,,,miss,miss,2,2,correct,correct
2,MTR_156,us8,0.1,119,in_seg,1,4,2,,,,,miss,miss,2,1,correct,wrong_host
2,MTR_156,us8,0.1,120,in_seg,1,6,4,,,,,miss,miss,4,2,correct,wrong_host
2,MTR_156,us8,0.1,121,in_seg,1,5,1,,,,,miss,miss,1,1,correct,correct
2,MTR_156,us8,0.1,122,in_seg,1,4,2,,,,,miss,miss,2,2,correct,correct
2,MTR_156,us8,0.1,123,effusion,2,-1,7,,,,,,,none,none,,
2,MTR_156,us8,0.25,115,in_seg,0,1,6,,,,,miss,miss,6,6,correct,correct
2,MTR_156,us8,0.25,116,in_seg,0,1,5,,,,,miss,miss,5,5,correct,correct
2,MTR_156,us8,0.25,118,in_seg,1,4,2,,,,,miss,miss,2,2,correct,correct
2,MTR_156,us8,0.25,119,in_seg,1,4,2,,,,,miss,miss,2,1,correct,wrong_host
2,MTR_156,us8,0.25,120,in_seg,1,6,4,,,,,miss,miss,4,2,correct,wrong_host
2,MTR_156,us8,0.25,121,in_seg,1,5,1,,,,,miss,miss,1,1,correct,correct
2,MTR_156,us8,0.25,122,in_seg,1,4,2,,,,,miss,miss,2,2,correct,correct
2,MTR_156,us8,0.25,123,effusion,2,-1,7,,,,,,,none,none,,
2,MTR_156,us16,0.05,115,in_seg,0,1,6,,,,,miss,miss,6,6,correct,correct
2,MTR_156,us16,0.05,116,in_seg,0,1,5,,,,,miss,miss,5,5,correct,correct
2,MTR_156,us16,0.05,118,in_seg,1,4,2,,,,,miss,miss,2,2,correct,correct
2,MTR_156,us16,0.05,119,in_seg,1,4,2,,,,,miss,miss,2,1,correct,wrong_host
2,MTR_156,us16,0.05,120,in_seg,1,6,4,,,,,miss,miss,4,2,correct,wrong_host
2,MTR_156,us16,0.05,121,in_seg,1,5,1,,,,,miss,miss,1,1,correct,correct
2,MTR_156,us16,0.05,122,in_seg,1,4,2,,,,,miss,miss,2,2,correct,correct
2,MTR_156,us16,0.05,123,effusion,2,-1,7,,,,,,,none,none,,
2,MTR_156,us16,0.1,115,in_seg,0,1,6,,,,,miss,miss,6,6,correct,correct
2,MTR_156,us16,0.1,116,in_seg,0,1,5,,,,,miss,miss,5,5,correct,correct
2,MTR_156,us16,0.1,118,in_seg,1,4,2,,,,,miss,miss,2,2,correct,correct
2,MTR_156,us16,0.1,119,in_seg,1,4,2,,,,,miss,miss,2,1,correct,wrong_host
2,MTR_156,us16,0.1,120,in_seg,1,6,4,,,,,miss,miss,4,2,correct,wrong_host
2,MTR_156,us16,0.1,121,in_seg,1,5,1,,,,,miss,miss,1,1,correct,correct
2,MTR_156,us16,0.1,122,in_seg,1,4,2,,,,,miss,miss,2,2,correct,correct
2,MTR_156,us16,0.1,123,effusion,2,-1,7,,,,,,,none,none,,
2,MTR_156,us16,0.25,115,in_seg,0,1,6,,,,,miss,miss,6,6,correct,correct
2,MTR_156,us16,0.25,116,in_seg,0,1,5,,,,,miss,miss,5,5,correct,correct
2,MTR_156,us16,0.25,118,in_seg,1,4,2,,,,,miss,miss,2,2,correct,correct
2,MTR_156,us16,0.25,119,in_seg,1,4,2,,,,,miss,miss,2,1,correct,wrong_host
2,MTR_156,us16,0.25,120,in_seg,1,6,4,,,,,miss,miss,4,2,correct,wrong_host
2,MTR_156,us16,0.25,121,in_seg,1,5,1,,,,,miss,miss,1,1,correct,correct
2,MTR_156,us16,0.25,122,in_seg,1,4,2,,,,,miss,miss,2,2,correct,correct
2,MTR_156,us16,0.25,123,effusion,2,-1,7,,,,,,,none,none,,
1,MTR_158,clean,0.05,124,in_seg,0,1,5,,,,,miss,miss,5,5,correct,correct
1,MTR_158,clean,0.05,125,ligament,3,2,0,,,,,,,unknown,unknown,,
1,MTR_158,clean,0.05,126,in_seg,1,5,1,,,,,miss,miss,1,1,correct,correct
1,MTR_158,clean,0.05,127,in_seg,1,6,4,,,,,miss,miss,4,4,correct,correct
1,MTR_158,clean,0.05,128,in_seg,1,4,2,,,,,miss,miss,2,2,correct,correct
1,MTR_158,clean,0.05,129,in_seg,1,4,2,,,,,miss,miss,2,2,correct,correct
1,MTR_158,clean,0.05,130,effusion,2,-1,7,,,,,,,none,none,,
1,MTR_158,clean,0.1,124,in_seg,0,1,5,,,,,miss,miss,5,5,correct,correct
1,MTR_158,clean,0.1,125,ligament,3,2,0,,,,,,,unknown,unknown,,
1,MTR_158,clean,0.1,126,in_seg,1,5,1,,,,,miss,miss,1,1,correct,correct
1,MTR_158,clean,0.1,127,in_seg,1,6,4,,,,,miss,miss,4,4,correct,correct
1,MTR_158,clean,0.1,128,in_seg,1,4,2,,,,,miss,miss,2,2,correct,correct
1,MTR_158,clean,0.1,129,in_seg,1,4,2,,,,,miss,miss,2,2,correct,correct
1,MTR_158,clean,0.1,130,effusion,2,-1,7,,,,,,,none,none,,
1,MTR_158,clean,0.25,124,in_seg,0,1,5,,,,,miss,miss,5,5,correct,correct
1,MTR_158,clean,0.25,125,ligament,3,2,0,,,,,,,unknown,unknown,,
1,MTR_158,clean,0.25,126,in_seg,1,5,1,,,,,miss,miss,1,1,correct,correct
1,MTR_158,clean,0.25,127,in_seg,1,6,4,,,,,miss,miss,4,4,correct,correct
1,MTR_158,clean,0.25,128,in_seg,1,4,2,,,,,miss,miss,2,2,correct,correct
1,MTR_158,clean,0.25,129,in_seg,1,4,2,,,,,miss,miss,2,2,correct,correct
1,MTR_158,clean,0.25,130,effusion,2,-1,7,,,,,,,none,none,,
1,MTR_158,noise_q1,0.05,124,in_seg,0,1,5,,,,,miss,miss,5,5,correct,correct
1,MTR_158,noise_q1,0.05,125,ligament,3,2,0,,,,,,,unknown,unknown,,
1,MTR_158,noise_q1,0.05,126,in_seg,1,5,1,,,,,miss,miss,1,1,correct,correct
1,MTR_158,noise_q1,0.05,127,in_seg,1,6,4,,,,,miss,miss,4,4,correct,correct
1,MTR_158,noise_q1,0.05,128,in_seg,1,4,2,,,,,miss,miss,2,2,correct,correct
1,MTR_158,noise_q1,0.05,129,in_seg,1,4,2,,,,,miss,miss,2,2,correct,correct
1,MTR_158,noise_q1,0.05,130,effusion,2,-1,7,,,,,,,none,none,,
1,MTR_158,noise_q1,0.1,124,in_seg,0,1,5,,,,,miss,miss,5,5,correct,correct
1,MTR_158,noise_q1,0.1,125,ligament,3,2,0,,,,,,,unknown,unknown,,
1,MTR_158,noise_q1,0.1,126,in_seg,1,5,1,,,,,miss,miss,1,1,correct,correct
1,MTR_158,noise_q1,0.1,127,in_seg,1,6,4,,,,,miss,miss,4,4,correct,correct
1,MTR_158,noise_q1,0.1,128,in_seg,1,4,2,,,,,miss,miss,2,2,correct,correct
1,MTR_158,noise_q1,0.1,129,in_seg,1,4,2,,,,,miss,miss,2,2,correct,correct
1,MTR_158,noise_q1,0.1,130,effusion,2,-1,7,,,,,,,none,none,,
1,MTR_158,noise_q1,0.25,124,in_seg,0,1,5,,,,,miss,miss,5,5,correct,correct
1,MTR_158,noise_q1,0.25,125,ligament,3,2,0,,,,,,,unknown,unknown,,
1,MTR_158,noise_q1,0.25,126,in_seg,1,5,1,,,,,miss,miss,1,1,correct,correct
1,MTR_158,noise_q1,0.25,127,in_seg,1,6,4,,,,,miss,miss,4,4,correct,correct
1,MTR_158,noise_q1,0.25,128,in_seg,1,4,2,,,,,miss,miss,2,2,correct,correct
1,MTR_158,noise_q1,0.25,129,in_seg,1,4,2,,,,,miss,miss,2,2,correct,correct
1,MTR_158,noise_q1,0.25,130,effusion,2,-1,7,,,,,,,none,none,,
1,MTR_158,noise_q2,0.05,124,in_seg,0,1,5,,,,,miss,miss,5,5,correct,correct
1,MTR_158,noise_q2,0.05,125,ligament,3,2,0,,,,,,,unknown,unknown,,
1,MTR_158,noise_q2,0.05,126,in_seg,1,5,1,,,,,miss,miss,1,1,correct,correct
1,MTR_158,noise_q2,0.05,127,in_seg,1,6,4,,,,,miss,miss,4,4,correct,correct
1,MTR_158,noise_q2,0.05,128,in_seg,1,4,2,,,,,miss,miss,2,2,correct,correct
1,MTR_158,noise_q2,0.05,129,in_seg,1,4,2,,,,,miss,miss,2,2,correct,correct
1,MTR_158,noise_q2,0.05,130,effusion,2,-1,7,,,,,,,none,none,,
1,MTR_158,noise_q2,0.1,124,in_seg,0,1,5,,,,,miss,miss,5,5,correct,correct
1,MTR_158,noise_q2,0.1,125,ligament,3,2,0,,,,,,,unknown,unknown,,
1,MTR_158,noise_q2,0.1,126,in_seg,1,5,1,,,,,miss,miss,1,1,correct,correct
1,MTR_158,noise_q2,0.1,127,in_seg,1,6,4,,,,,miss,miss,4,4,correct,correct
1,MTR_158,noise_q2,0.1,128,in_seg,1,4,2,,,,,miss,miss,2,2,correct,correct
1,MTR_158,noise_q2,0.1,129,in_seg,1,4,2,,,,,miss,miss,2,2,correct,correct
1,MTR_158,noise_q2,0.1,130,effusion,2,-1,7,,,,,,,none,none,,
1,MTR_158,noise_q2,0.25,124,in_seg,0,1,5,,,,,miss,miss,5,5,correct,correct
1,MTR_158,noise_q2,0.25,125,ligament,3,2,0,,,,,,,unknown,unknown,,
1,MTR_158,noise_q2,0.25,126,in_seg,1,5,1,,,,,miss,miss,1,1,correct,correct
1,MTR_158,noise_q2,0.25,127,in_seg,1,6,4,,,,,miss,miss,4,4,correct,correct
1,MTR_158,noise_q2,0.25,128,in_seg,1,4,2,,,,,miss,miss,2,2,correct,correct
1,MTR_158,noise_q2,0.25,129,in_seg,1,4,2,,,,,miss,miss,2,2,correct,correct
1,MTR_158,noise_q2,0.25,130,effusion,2,-1,7,,,,,,,none,none,,
1,MTR_158,noise_q3,0.05,124,in_seg,0,1,5,,,,,miss,miss,5,5,correct,correct
1,MTR_158,noise_q3,0.05,125,ligament,3,2,0,,,,,,,unknown,unknown,,
1,MTR_158,noise_q3,0.05,126,in_seg,1,5,1,,,,,miss,miss,1,1,correct,correct
1,MTR_158,noise_q3,0.05,127,in_seg,1,6,4,,,,,miss,miss,4,4,correct,correct
1,MTR_158,noise_q3,0.05,128,in_seg,1,4,2,,,,,miss,miss,2,2,correct,correct
1,MTR_158,noise_q3,0.05,129,in_seg,1,4,2,,,,,miss,miss,2,2,correct,correct
1,MTR_158,noise_q3,0.05,130,effusion,2,-1,7,,,,,,,none,none,,
1,MTR_158,noise_q3,0.1,124,in_seg,0,1,5,,,,,miss,miss,5,5,correct,correct
1,MTR_158,noise_q3,0.1,125,ligament,3,2,0,,,,,,,unknown,unknown,,
1,MTR_158,noise_q3,0.1,126,in_seg,1,5,1,,,,,miss,miss,1,1,correct,correct
1,MTR_158,noise_q3,0.1,127,in_seg,1,6,4,,,,,miss,miss,4,4,correct,correct
1,MTR_158,noise_q3,0.1,128,in_seg,1,4,2,,,,,miss,miss,2,2,correct,correct
1,MTR_158,noise_q3,0.1,129,in_seg,1,4,2,,,,,miss,miss,2,2,correct,correct
1,MTR_158,noise_q3,0.1,130,effusion,2,-1,7,,,,,,,none,none,,
1,MTR_158,noise_q3,0.25,124,in_seg,0,1,5,,,,,miss,miss,5,5,correct,correct
1,MTR_158,noise_q3,0.25,125,ligament,3,2,0,,,,,,,unknown,unknown,,
1,MTR_158,noise_q3,0.25,126,in_seg,1,5,1,,,,,miss,miss,1,1,correct,correct
1,MTR_158,noise_q3,0.25,127,in_seg,1,6,4,,,,,miss,miss,4,4,correct,correct
1,MTR_158,noise_q3,0.25,128,in_seg,1,4,2,,,,,miss,miss,2,2,correct,correct
1,MTR_158,noise_q3,0.25,129,in_seg,1,4,2,,,,,miss,miss,2,2,correct,correct
1,MTR_158,noise_q3,0.25,130,effusion,2,-1,7,,,,,,,none,none,,
1,MTR_158,us4,0.05,124,in_seg,0,1,5,,,,,miss,miss,5,5,correct,correct
1,MTR_158,us4,0.05,125,ligament,3,2,0,,,,,,,unknown,unknown,,
1,MTR_158,us4,0.05,126,in_seg,1,5,1,,,,,miss,miss,1,1,correct,correct
1,MTR_158,us4,0.05,127,in_seg,1,6,4,,,,,miss,miss,4,4,correct,correct
1,MTR_158,us4,0.05,128,in_seg,1,4,2,,,,,miss,miss,2,2,correct,correct
1,MTR_158,us4,0.05,129,in_seg,1,4,2,,,,,miss,miss,2,2,correct,correct
1,MTR_158,us4,0.05,130,effusion,2,-1,7,,,,,,,none,none,,
1,MTR_158,us4,0.1,124,in_seg,0,1,5,,,,,miss,miss,5,5,correct,correct
1,MTR_158,us4,0.1,125,ligament,3,2,0,,,,,,,unknown,unknown,,
1,MTR_158,us4,0.1,126,in_seg,1,5,1,,,,,miss,miss,1,1,correct,correct
1,MTR_158,us4,0.1,127,in_seg,1,6,4,,,,,miss,miss,4,4,correct,correct
1,MTR_158,us4,0.1,128,in_seg,1,4,2,,,,,miss,miss,2,2,correct,correct
1,MTR_158,us4,0.1,129,in_seg,1,4,2,,,,,miss,miss,2,2,correct,correct
1,MTR_158,us4,0.1,130,effusion,2,-1,7,,,,,,,none,none,,
1,MTR_158,us4,0.25,124,in_seg,0,1,5,,,,,miss,miss,5,5,correct,correct
1,MTR_158,us4,0.25,125,ligament,3,2,0,,,,,,,unknown,unknown,,
1,MTR_158,us4,0.25,126,in_seg,1,5,1,,,,,miss,miss,1,1,correct,correct
1,MTR_158,us4,0.25,127,in_seg,1,6,4,,,,,miss,miss,4,4,correct,correct
1,MTR_158,us4,0.25,128,in_seg,1,4,2,,,,,miss,miss,2,2,correct,correct
1,MTR_158,us4,0.25,129,in_seg,1,4,2,,,,,miss,miss,2,2,correct,correct
1,MTR_158,us4,0.25,130,effusion,2,-1,7,,,,,,,none,none,,
1,MTR_158,us8,0.05,124,in_seg,0,1,5,,,,,miss,miss,5,5,correct,correct
1,MTR_158,us8,0.05,125,ligament,3,2,0,,,,,,,unknown,unknown,,
1,MTR_158,us8,0.05,126,in_seg,1,5,1,,,,,miss,miss,1,1,correct,correct
1,MTR_158,us8,0.05,127,in_seg,1,6,4,,,,,miss,miss,4,4,correct,correct
1,MTR_158,us8,0.05,128,in_seg,1,4,2,,,,,miss,miss,2,2,correct,correct
1,MTR_158,us8,0.05,129,in_seg,1,4,2,,,,,miss,miss,2,2,correct,correct
1,MTR_158,us8,0.05,130,effusion,2,-1,7,,,,,,,none,none,,
1,MTR_158,us8,0.1,124,in_seg,0,1,5,,,,,miss,miss,5,5,correct,correct
1,MTR_158,us8,0.1,125,ligament,3,2,0,,,,,,,unknown,unknown,,
1,MTR_158,us8,0.1,126,in_seg,1,5,1,,,,,miss,miss,1,1,correct,correct
1,MTR_158,us8,0.1,127,in_seg,1,6,4,,,,,miss,miss,4,4,correct,correct
1,MTR_158,us8,0.1,128,in_seg,1,4,2,,,,,miss,miss,2,2,correct,correct
1,MTR_158,us8,0.1,129,in_seg,1,4,2,,,,,miss,miss,2,2,correct,correct
1,MTR_158,us8,0.1,130,effusion,2,-1,7,,,,,,,none,none,,
1,MTR_158,us8,0.25,124,in_seg,0,1,5,,,,,miss,miss,5,5,correct,correct
1,MTR_158,us8,0.25,125,ligament,3,2,0,,,,,,,unknown,unknown,,
1,MTR_158,us8,0.25,126,in_seg,1,5,1,,,,,miss,miss,1,1,correct,correct
1,MTR_158,us8,0.25,127,in_seg,1,6,4,,,,,miss,miss,4,4,correct,correct
1,MTR_158,us8,0.25,128,in_seg,1,4,2,,,,,miss,miss,2,2,correct,correct
1,MTR_158,us8,0.25,129,in_seg,1,4,2,,,,,miss,miss,2,2,correct,correct
1,MTR_158,us8,0.25,130,effusion,2,-1,7,,,,,,,none,none,,
1,MTR_158,us16,0.05,124,in_seg,0,1,5,,,,,miss,miss,5,5,correct,correct
1,MTR_158,us16,0.05,125,ligament,3,2,0,,,,,,,unknown,unknown,,
1,MTR_158,us16,0.05,126,in_seg,1,5,1,,,,,miss,miss,1,1,correct,correct
1,MTR_158,us16,0.05,127,in_seg,1,6,4,,,,,miss,miss,4,4,correct,correct
1,MTR_158,us16,0.05,128,in_seg,1,4,2,,,,,miss,miss,2,2,correct,correct
1,MTR_158,us16,0.05,129,in_seg,1,4,2,,,,,miss,miss,2,2,correct,correct
1,MTR_158,us16,0.05,130,effusion,2,-1,7,,,,,,,none,none,,
1,MTR_158,us16,0.1,124,in_seg,0,1,5,,,,,miss,miss,5,5,correct,correct
1,MTR_158,us16,0.1,125,ligament,3,2,0,,,,,,,unknown,unknown,,
1,MTR_158,us16,0.1,126,in_seg,1,5,1,,,,,miss,miss,1,1,correct,correct
1,MTR_158,us16,0.1,127,in_seg,1,6,4,,,,,miss,miss,4,4,correct,correct
1,MTR_158,us16,0.1,128,in_seg,1,4,2,,,,,miss,miss,2,2,correct,correct
1,MTR_158,us16,0.1,129,in_seg,1,4,2,,,,,miss,miss,2,2,correct,correct
1,MTR_158,us16,0.1,130,effusion,2,-1,7,,,,,,,none,none,,
1,MTR_158,us16,0.25,124,in_seg,0,1,5,,,,,miss,miss,5,5,correct,correct
1,MTR_158,us16,0.25,125,ligament,3,2,0,,,,,,,unknown,unknown,,
1,MTR_158,us16,0.25,126,in_seg,1,5,1,,,,,miss,miss,1,1,correct,correct
1,MTR_158,us16,0.25,127,in_seg,1,6,4,,,,,miss,miss,4,4,correct,correct
1,MTR_158,us16,0.25,128,in_seg,1,4,2,,,,,miss,miss,2,2,correct,correct
1,MTR_158,us16,0.25,129,in_seg,1,4,2,,,,,miss,miss,2,2,correct,correct
1,MTR_158,us16,0.25,130,effusion,2,-1,7,,,,,,,none,none,,
3,MTR_159,clean,0.05,38,effusion,2,-1,7,,,,,,,none,none,,
3,MTR_159,clean,0.1,38,effusion,2,-1,7,,,,,,,none,none,,
3,MTR_159,clean,0.25,38,effusion,2,-1,7,,,,,,,none,none,,
3,MTR_159,noise_q1,0.05,38,effusion,2,-1,7,,,,,,,none,none,,
3,MTR_159,noise_q1,0.1,38,effusion,2,-1,7,,,,,,,none,none,,
3,MTR_159,noise_q1,0.25,38,effusion,2,-1,7,,,,,,,none,none,,
3,MTR_159,noise_q2,0.05,38,effusion,2,-1,7,,,,,,,none,none,,
3,MTR_159,noise_q2,0.1,38,effusion,2,-1,7,,,,,,,none,none,,
3,MTR_159,noise_q2,0.25,38,effusion,2,-1,7,,,,,,,none,none,,
3,MTR_159,noise_q3,0.05,38,effusion,2,-1,7,,,,,,,none,none,,
3,MTR_159,noise_q3,0.1,38,effusion,2,-1,7,,,,,,,none,none,,
3,MTR_159,noise_q3,0.25,38,effusion,2,-1,7,,,,,,,none,none,,
3,MTR_159,us4,0.05,38,effusion,2,-1,7,,,,,,,none,none,,
3,MTR_159,us4,0.1,38,effusion,2,-1,7,,,,,,,none,none,,
3,MTR_159,us4,0.25,38,effusion,2,-1,7,,,,,,,none,none,,
3,MTR_159,us8,0.05,38,effusion,2,-1,7,,,,,,,none,none,,
3,MTR_159,us8,0.1,38,effusion,2,-1,7,,,,,,,none,none,,
3,MTR_159,us8,0.25,38,effusion,2,-1,7,,,,,,,none,none,,
3,MTR_159,us16,0.05,38,effusion,2,-1,7,,,,,,,none,none,,
3,MTR_159,us16,0.1,38,effusion,2,-1,7,,,,,,,none,none,,
3,MTR_159,us16,0.25,38,effusion,2,-1,7,,,,,,,none,none,,
1,MTR_161,clean,0.05,192,in_seg,1,5,1,,,,,miss,miss,1,1,correct,correct
1,MTR_161,clean,0.05,193,in_seg,1,4,2,,,,,miss,miss,2,2,correct,correct
1,MTR_161,clean,0.1,192,in_seg,1,5,1,,,,,miss,miss,1,1,correct,correct
1,MTR_161,clean,0.1,193,in_seg,1,4,2,,,,,miss,miss,2,2,correct,correct
1,MTR_161,clean,0.25,192,in_seg,1,5,1,,,,,miss,miss,1,1,correct,correct
1,MTR_161,clean,0.25,193,in_seg,1,4,2,,,,,miss,miss,2,2,correct,correct
1,MTR_161,noise_q1,0.05,192,in_seg,1,5,1,,,,,miss,miss,1,1,correct,correct
1,MTR_161,noise_q1,0.05,193,in_seg,1,4,2,,,,,miss,miss,2,2,correct,correct
1,MTR_161,noise_q1,0.1,192,in_seg,1,5,1,,,,,miss,miss,1,1,correct,correct
1,MTR_161,noise_q1,0.1,193,in_seg,1,4,2,,,,,miss,miss,2,2,correct,correct
1,MTR_161,noise_q1,0.25,192,in_seg,1,5,1,,,,,miss,miss,1,1,correct,correct
1,MTR_161,noise_q1,0.25,193,in_seg,1,4,2,,,,,miss,miss,2,2,correct,correct
1,MTR_161,noise_q2,0.05,192,in_seg,1,5,1,,,,,miss,miss,1,1,correct,correct
1,MTR_161,noise_q2,0.05,193,in_seg,1,4,2,,,,,miss,miss,2,2,correct,correct
1,MTR_161,noise_q2,0.1,192,in_seg,1,5,1,,,,,miss,miss,1,1,correct,correct
1,MTR_161,noise_q2,0.1,193,in_seg,1,4,2,,,,,miss,miss,2,2,correct,correct
1,MTR_161,noise_q2,0.25,192,in_seg,1,5,1,,,,,miss,miss,1,1,correct,correct
1,MTR_161,noise_q2,0.25,193,in_seg,1,4,2,,,,,miss,miss,2,2,correct,correct
1,MTR_161,noise_q3,0.05,192,in_seg,1,5,1,,,,,miss,miss,1,1,correct,correct
1,MTR_161,noise_q3,0.05,193,in_seg,1,4,2,,,,,miss,miss,2,2,correct,correct
1,MTR_161,noise_q3,0.1,192,in_seg,1,5,1,,,,,miss,miss,1,1,correct,correct
1,MTR_161,noise_q3,0.1,193,in_seg,1,4,2,,,,,miss,miss,2,2,correct,correct
1,MTR_161,noise_q3,0.25,192,in_seg,1,5,1,,,,,miss,miss,1,1,correct,correct
1,MTR_161,noise_q3,0.25,193,in_seg,1,4,2,,,,,miss,miss,2,2,correct,correct
1,MTR_161,us4,0.05,192,in_seg,1,5,1,,,,,miss,miss,1,1,correct,correct
1,MTR_161,us4,0.05,193,in_seg,1,4,2,,,,,miss,miss,2,2,correct,correct
1,MTR_161,us4,0.1,192,in_seg,1,5,1,,,,,miss,miss,1,1,correct,correct
1,MTR_161,us4,0.1,193,in_seg,1,4,2,,,,,miss,miss,2,2,correct,correct
1,MTR_161,us4,0.25,192,in_seg,1,5,1,,,,,miss,miss,1,1,correct,correct
1,MTR_161,us4,0.25,193,in_seg,1,4,2,,,,,miss,miss,2,2,correct,correct
1,MTR_161,us8,0.05,192,in_seg,1,5,1,,,,,miss,miss,1,1,correct,correct
1,MTR_161,us8,0.05,193,in_seg,1,4,2,,,,,miss,miss,2,2,correct,correct
1,MTR_161,us8,0.1,192,in_seg,1,5,1,,,,,miss,miss,1,1,correct,correct
1,MTR_161,us8,0.1,193,in_seg,1,4,2,,,,,miss,miss,2,2,correct,correct
1,MTR_161,us8,0.25,192,in_seg,1,5,1,,,,,miss,miss,1,1,correct,correct
1,MTR_161,us8,0.25,193,in_seg,1,4,2,,,,,miss,miss,2,2,correct,correct
1,MTR_161,us16,0.05,192,in_seg,1,5,1,,,,,miss,miss,1,1,correct,correct
1,MTR_161,us16,0.05,193,in_seg,1,4,2,,,,,miss,miss,2,2,correct,correct
1,MTR_161,us16,0.1,192,in_seg,1,5,1,,,,,miss,miss,1,1,correct,correct
1,MTR_161,us16,0.1,193,in_seg,1,4,2,,,,,miss,miss,2,2,correct,correct
1,MTR_161,us16,0.25,192,in_seg,1,5,1,,,,,miss,miss,1,1,correct,correct
1,MTR_161,us16,0.25,193,in_seg,1,4,2,,,,,miss,miss,2,2,correct,correct
0,MTR_163,clean,0.05,132,in_seg,0,1,6,,,,,miss,miss,6,5,correct,correct
0,MTR_163,clean,0.05,133,in_seg,0,1,6,,,,,miss,miss,6,5,correct,correct
0,MTR_163,clean,0.05,134,in_seg,1,4,2,,,,,miss,miss,2,2,correct,correct
0,MTR_163,clean,0.05,135,in_seg,1,5,1,,,,,miss,miss,2,2,wrong_host,wrong_host
0,MTR_163,clean,0.05,136,effusion,2,-1,7,,,,,,,none,none,,
0,MTR_163,clean,0.1,132,in_seg,0,1,6,,,,,miss,miss,6,5,correct,correct
0,MTR_163,clean,0.1,133,in_seg,0,1,6,,,,,miss,miss,6,5,correct,correct
0,MTR_163,clean,0.1,134,in_seg,1,4,2,,,,,miss,miss,2,2,correct,correct
0,MTR_163,clean,0.1,135,in_seg,1,5,1,,,,,miss,miss,2,2,wrong_host,wrong_host
0,MTR_163,clean,0.1,136,effusion,2,-1,7,,,,,,,none,none,,
0,MTR_163,clean,0.25,132,in_seg,0,1,6,,,,,miss,miss,6,5,correct,correct
0,MTR_163,clean,0.25,133,in_seg,0,1,6,,,,,miss,miss,6,5,correct,correct
0,MTR_163,clean,0.25,134,in_seg,1,4,2,,,,,miss,miss,2,2,correct,correct
0,MTR_163,clean,0.25,135,in_seg,1,5,1,,,,,miss,miss,2,2,wrong_host,wrong_host
0,MTR_163,clean,0.25,136,effusion,2,-1,7,,,,,,,none,none,,
0,MTR_163,noise_q1,0.05,132,in_seg,0,1,6,,,,,miss,miss,6,5,correct,correct
0,MTR_163,noise_q1,0.05,133,in_seg,0,1,6,,,,,miss,miss,6,5,correct,correct
0,MTR_163,noise_q1,0.05,134,in_seg,1,4,2,,,,,miss,miss,2,2,correct,correct
0,MTR_163,noise_q1,0.05,135,in_seg,1,5,1,,,,,miss,miss,2,2,wrong_host,wrong_host
0,MTR_163,noise_q1,0.05,136,effusion,2,-1,7,,,,,,,none,none,,
0,MTR_163,noise_q1,0.1,132,in_seg,0,1,6,,,,,miss,miss,6,5,correct,correct
0,MTR_163,noise_q1,0.1,133,in_seg,0,1,6,,,,,miss,miss,6,5,correct,correct
0,MTR_163,noise_q1,0.1,134,in_seg,1,4,2,,,,,miss,miss,2,2,correct,correct
0,MTR_163,noise_q1,0.1,135,in_seg,1,5,1,,,,,miss,miss,2,2,wrong_host,wrong_host
0,MTR_163,noise_q1,0.1,136,effusion,2,-1,7,,,,,,,none,none,,
0,MTR_163,noise_q1,0.25,132,in_seg,0,1,6,,,,,miss,miss,6,5,correct,correct
0,MTR_163,noise_q1,0.25,133,in_seg,0,1,6,,,,,miss,miss,6,5,correct,correct
0,MTR_163,noise_q1,0.25,134,in_seg,1,4,2,,,,,miss,miss,2,2,correct,correct
0,MTR_163,noise_q1,0.25,135,in_seg,1,5,1,,,,,miss,miss,2,2,wrong_host,wrong_host
0,MTR_163,noise_q1,0.25,136,effusion,2,-1,7,,,,,,,none,none,,
0,MTR_163,noise_q2,0.05,132,in_seg,0,1,6,,,,,miss,miss,6,5,correct,correct
0,MTR_163,noise_q2,0.05,133,in_seg,0,1,6,,,,,miss,miss,6,5,correct,correct
0,MTR_163,noise_q2,0.05,134,in_seg,1,4,2,,,,,miss,miss,2,2,correct,correct
0,MTR_163,noise_q2,0.05,135,in_seg,1,5,1,,,,,miss,miss,1,2,correct,wrong_host
0,MTR_163,noise_q2,0.05,136,effusion,2,-1,7,,,,,,,none,none,,
0,MTR_163,noise_q2,0.1,132,in_seg,0,1,6,,,,,miss,miss,6,5,correct,correct
0,MTR_163,noise_q2,0.1,133,in_seg,0,1,6,,,,,miss,miss,6,5,correct,correct
0,MTR_163,noise_q2,0.1,134,in_seg,1,4,2,,,,,miss,miss,2,2,correct,correct
0,MTR_163,noise_q2,0.1,135,in_seg,1,5,1,,,,,miss,miss,1,2,correct,wrong_host
0,MTR_163,noise_q2,0.1,136,effusion,2,-1,7,,,,,,,none,none,,
0,MTR_163,noise_q2,0.25,132,in_seg,0,1,6,,,,,miss,miss,6,5,correct,correct
0,MTR_163,noise_q2,0.25,133,in_seg,0,1,6,,,,,miss,miss,6,5,correct,correct
0,MTR_163,noise_q2,0.25,134,in_seg,1,4,2,,,,,miss,miss,2,2,correct,correct
0,MTR_163,noise_q2,0.25,135,in_seg,1,5,1,,,,,miss,miss,1,2,correct,wrong_host
0,MTR_163,noise_q2,0.25,136,effusion,2,-1,7,,,,,,,none,none,,
0,MTR_163,noise_q3,0.05,132,in_seg,0,1,6,,,,,miss,miss,6,5,correct,correct
0,MTR_163,noise_q3,0.05,133,in_seg,0,1,6,,,,,miss,miss,6,5,correct,correct
0,MTR_163,noise_q3,0.05,134,in_seg,1,4,2,,,,,miss,miss,2,2,correct,correct
0,MTR_163,noise_q3,0.05,135,in_seg,1,5,1,,,,,miss,miss,1,2,correct,wrong_host
0,MTR_163,noise_q3,0.05,136,effusion,2,-1,7,,,,,,,none,none,,
0,MTR_163,noise_q3,0.1,132,in_seg,0,1,6,,,,,miss,miss,6,5,correct,correct
0,MTR_163,noise_q3,0.1,133,in_seg,0,1,6,,,,,miss,miss,6,5,correct,correct
0,MTR_163,noise_q3,0.1,134,in_seg,1,4,2,,,,,miss,miss,2,2,correct,correct
0,MTR_163,noise_q3,0.1,135,in_seg,1,5,1,,,,,miss,miss,1,2,correct,wrong_host
0,MTR_163,noise_q3,0.1,136,effusion,2,-1,7,,,,,,,none,none,,
0,MTR_163,noise_q3,0.25,132,in_seg,0,1,6,,,,,miss,miss,6,5,correct,correct
0,MTR_163,noise_q3,0.25,133,in_seg,0,1,6,,,,,miss,miss,6,5,correct,correct
0,MTR_163,noise_q3,0.25,134,in_seg,1,4,2,,,,,miss,miss,2,2,correct,correct
0,MTR_163,noise_q3,0.25,135,in_seg,1,5,1,,,,,miss,miss,1,2,correct,wrong_host
0,MTR_163,noise_q3,0.25,136,effusion,2,-1,7,,,,,,,none,none,,
0,MTR_163,us4,0.05,132,in_seg,0,1,6,,,,,miss,miss,6,5,correct,correct
0,MTR_163,us4,0.05,133,in_seg,0,1,6,,,,,miss,miss,6,5,correct,correct
0,MTR_163,us4,0.05,134,in_seg,1,4,2,,,,,miss,miss,2,2,correct,correct
0,MTR_163,us4,0.05,135,in_seg,1,5,1,,,,,miss,miss,2,1,wrong_host,correct
0,MTR_163,us4,0.05,136,effusion,2,-1,7,,,,,,,none,none,,
0,MTR_163,us4,0.1,132,in_seg,0,1,6,,,,,miss,miss,6,5,correct,correct
0,MTR_163,us4,0.1,133,in_seg,0,1,6,,,,,miss,miss,6,5,correct,correct
0,MTR_163,us4,0.1,134,in_seg,1,4,2,,,,,miss,miss,2,2,correct,correct
0,MTR_163,us4,0.1,135,in_seg,1,5,1,,,,,miss,miss,2,1,wrong_host,correct
0,MTR_163,us4,0.1,136,effusion,2,-1,7,,,,,,,none,none,,
0,MTR_163,us4,0.25,132,in_seg,0,1,6,,,,,miss,miss,6,5,correct,correct
0,MTR_163,us4,0.25,133,in_seg,0,1,6,,,,,miss,miss,6,5,correct,correct
0,MTR_163,us4,0.25,134,in_seg,1,4,2,,,,,miss,miss,2,2,correct,correct
0,MTR_163,us4,0.25,135,in_seg,1,5,1,,,,,miss,miss,2,1,wrong_host,correct
0,MTR_163,us4,0.25,136,effusion,2,-1,7,,,,,,,none,none,,
0,MTR_163,us8,0.05,132,in_seg,0,1,6,,,,,miss,miss,6,5,correct,correct
0,MTR_163,us8,0.05,133,in_seg,0,1,6,,,,,miss,miss,6,6,correct,correct
0,MTR_163,us8,0.05,134,in_seg,1,4,2,,,,,miss,miss,2,2,correct,correct
0,MTR_163,us8,0.05,135,in_seg,1,5,1,,,,,miss,miss,2,2,wrong_host,wrong_host
0,MTR_163,us8,0.05,136,effusion,2,-1,7,,,,,,,none,none,,
0,MTR_163,us8,0.1,132,in_seg,0,1,6,,,,,miss,miss,6,5,correct,correct
0,MTR_163,us8,0.1,133,in_seg,0,1,6,,,,,miss,miss,6,6,correct,correct
0,MTR_163,us8,0.1,134,in_seg,1,4,2,,,,,miss,miss,2,2,correct,correct
0,MTR_163,us8,0.1,135,in_seg,1,5,1,,,,,miss,miss,2,2,wrong_host,wrong_host
0,MTR_163,us8,0.1,136,effusion,2,-1,7,,,,,,,none,none,,
0,MTR_163,us8,0.25,132,in_seg,0,1,6,,,,,miss,miss,6,5,correct,correct
0,MTR_163,us8,0.25,133,in_seg,0,1,6,,,,,miss,miss,6,6,correct,correct
0,MTR_163,us8,0.25,134,in_seg,1,4,2,,,,,miss,miss,2,2,correct,correct
0,MTR_163,us8,0.25,135,in_seg,1,5,1,,,,,miss,miss,2,2,wrong_host,wrong_host
0,MTR_163,us8,0.25,136,effusion,2,-1,7,,,,,,,none,none,,
0,MTR_163,us16,0.05,132,in_seg,0,1,6,,,,,miss,miss,6,5,correct,correct
0,MTR_163,us16,0.05,133,in_seg,0,1,6,,,,,miss,miss,6,5,correct,correct
0,MTR_163,us16,0.05,134,in_seg,1,4,2,,,,,miss,miss,2,2,correct,correct
0,MTR_163,us16,0.05,135,in_seg,1,5,1,,,,,miss,miss,2,2,wrong_host,wrong_host
0,MTR_163,us16,0.05,136,effusion,2,-1,7,,,,,,,none,none,,
0,MTR_163,us16,0.1,132,in_seg,0,1,6,,,,,miss,miss,6,5,correct,correct
0,MTR_163,us16,0.1,133,in_seg,0,1,6,,,,,miss,miss,6,5,correct,correct
0,MTR_163,us16,0.1,134,in_seg,1,4,2,,,,,miss,miss,2,2,correct,correct
0,MTR_163,us16,0.1,135,in_seg,1,5,1,,,,,miss,miss,2,2,wrong_host,wrong_host
0,MTR_163,us16,0.1,136,effusion,2,-1,7,,,,,,,none,none,,
0,MTR_163,us16,0.25,132,in_seg,0,1,6,,,,,miss,miss,6,5,correct,correct
0,MTR_163,us16,0.25,133,in_seg,0,1,6,,,,,miss,miss,6,5,correct,correct
0,MTR_163,us16,0.25,134,in_seg,1,4,2,,,,,miss,miss,2,2,correct,correct
0,MTR_163,us16,0.25,135,in_seg,1,5,1,,,,,miss,miss,2,2,wrong_host,wrong_host
0,MTR_163,us16,0.25,136,effusion,2,-1,7,,,,,,,none,none,,
1,MTR_164,clean,0.05,89,effusion,2,-1,7,,,,,,,none,none,,
1,MTR_164,clean,0.05,90,effusion,2,-1,7,,,,,,,none,none,,
1,MTR_164,clean,0.05,91,effusion,2,-1,7,,,,,,,none,none,,
1,MTR_164,clean,0.05,92,in_seg,1,4,2,,,,,miss,miss,2,1,correct,wrong_host
1,MTR_164,clean,0.1,89,effusion,2,-1,7,,,,,,,none,none,,
1,MTR_164,clean,0.1,90,effusion,2,-1,7,,,,,,,none,none,,
1,MTR_164,clean,0.1,91,effusion,2,-1,7,,,,,,,none,none,,
1,MTR_164,clean,0.1,92,in_seg,1,4,2,,,,,miss,miss,2,1,correct,wrong_host
1,MTR_164,clean,0.25,89,effusion,2,-1,7,,,,,,,none,none,,
1,MTR_164,clean,0.25,90,effusion,2,-1,7,,,,,,,none,none,,
1,MTR_164,clean,0.25,91,effusion,2,-1,7,,,,,,,none,none,,
1,MTR_164,clean,0.25,92,in_seg,1,4,2,,,,,miss,miss,2,1,correct,wrong_host
1,MTR_164,noise_q1,0.05,89,effusion,2,-1,7,,,,,,,none,none,,
1,MTR_164,noise_q1,0.05,90,effusion,2,-1,7,,,,,,,none,none,,
1,MTR_164,noise_q1,0.05,91,effusion,2,-1,7,,,,,,,none,none,,
1,MTR_164,noise_q1,0.05,92,in_seg,1,4,2,,,,,miss,miss,2,1,correct,wrong_host
1,MTR_164,noise_q1,0.1,89,effusion,2,-1,7,,,,,,,none,none,,
1,MTR_164,noise_q1,0.1,90,effusion,2,-1,7,,,,,,,none,none,,
1,MTR_164,noise_q1,0.1,91,effusion,2,-1,7,,,,,,,none,none,,
1,MTR_164,noise_q1,0.1,92,in_seg,1,4,2,,,,,miss,miss,2,1,correct,wrong_host
1,MTR_164,noise_q1,0.25,89,effusion,2,-1,7,,,,,,,none,none,,
1,MTR_164,noise_q1,0.25,90,effusion,2,-1,7,,,,,,,none,none,,
1,MTR_164,noise_q1,0.25,91,effusion,2,-1,7,,,,,,,none,none,,
1,MTR_164,noise_q1,0.25,92,in_seg,1,4,2,,,,,miss,miss,2,1,correct,wrong_host
1,MTR_164,noise_q2,0.05,89,effusion,2,-1,7,,,,,,,none,none,,
1,MTR_164,noise_q2,0.05,90,effusion,2,-1,7,,,,,,,none,none,,
1,MTR_164,noise_q2,0.05,91,effusion,2,-1,7,,,,,,,none,none,,
1,MTR_164,noise_q2,0.05,92,in_seg,1,4,2,,,,,miss,miss,2,1,correct,wrong_host
1,MTR_164,noise_q2,0.1,89,effusion,2,-1,7,,,,,,,none,none,,
1,MTR_164,noise_q2,0.1,90,effusion,2,-1,7,,,,,,,none,none,,
1,MTR_164,noise_q2,0.1,91,effusion,2,-1,7,,,,,,,none,none,,
1,MTR_164,noise_q2,0.1,92,in_seg,1,4,2,,,,,miss,miss,2,1,correct,wrong_host
1,MTR_164,noise_q2,0.25,89,effusion,2,-1,7,,,,,,,none,none,,
1,MTR_164,noise_q2,0.25,90,effusion,2,-1,7,,,,,,,none,none,,
1,MTR_164,noise_q2,0.25,91,effusion,2,-1,7,,,,,,,none,none,,
1,MTR_164,noise_q2,0.25,92,in_seg,1,4,2,,,,,miss,miss,2,1,correct,wrong_host
1,MTR_164,noise_q3,0.05,89,effusion,2,-1,7,,,,,,,none,none,,
1,MTR_164,noise_q3,0.05,90,effusion,2,-1,7,,,,,,,none,none,,
1,MTR_164,noise_q3,0.05,91,effusion,2,-1,7,,,,,,,none,none,,
1,MTR_164,noise_q3,0.05,92,in_seg,1,4,2,,,,,miss,miss,2,1,correct,wrong_host
1,MTR_164,noise_q3,0.1,89,effusion,2,-1,7,,,,,,,none,none,,
1,MTR_164,noise_q3,0.1,90,effusion,2,-1,7,,,,,,,none,none,,
1,MTR_164,noise_q3,0.1,91,effusion,2,-1,7,,,,,,,none,none,,
1,MTR_164,noise_q3,0.1,92,in_seg,1,4,2,,,,,miss,miss,2,1,correct,wrong_host
1,MTR_164,noise_q3,0.25,89,effusion,2,-1,7,,,,,,,none,none,,
1,MTR_164,noise_q3,0.25,90,effusion,2,-1,7,,,,,,,none,none,,
1,MTR_164,noise_q3,0.25,91,effusion,2,-1,7,,,,,,,none,none,,
1,MTR_164,noise_q3,0.25,92,in_seg,1,4,2,,,,,miss,miss,2,1,correct,wrong_host
1,MTR_164,us4,0.05,89,effusion,2,-1,7,,,,,,,none,none,,
1,MTR_164,us4,0.05,90,effusion,2,-1,7,,,,,,,none,none,,
1,MTR_164,us4,0.05,91,effusion,2,-1,7,,,,,,,none,none,,
1,MTR_164,us4,0.05,92,in_seg,1,4,2,,,,,miss,miss,2,1,correct,wrong_host
1,MTR_164,us4,0.1,89,effusion,2,-1,7,,,,,,,none,none,,
1,MTR_164,us4,0.1,90,effusion,2,-1,7,,,,,,,none,none,,
1,MTR_164,us4,0.1,91,effusion,2,-1,7,,,,,,,none,none,,
1,MTR_164,us4,0.1,92,in_seg,1,4,2,,,,,miss,miss,2,1,correct,wrong_host
1,MTR_164,us4,0.25,89,effusion,2,-1,7,,,,,,,none,none,,
1,MTR_164,us4,0.25,90,effusion,2,-1,7,,,,,,,none,none,,
1,MTR_164,us4,0.25,91,effusion,2,-1,7,,,,,,,none,none,,
1,MTR_164,us4,0.25,92,in_seg,1,4,2,,,,,miss,miss,2,1,correct,wrong_host
1,MTR_164,us8,0.05,89,effusion,2,-1,7,,,,,,,none,none,,
1,MTR_164,us8,0.05,90,effusion,2,-1,7,,,,,,,none,none,,
1,MTR_164,us8,0.05,91,effusion,2,-1,7,,,,,,,none,none,,
1,MTR_164,us8,0.05,92,in_seg,1,4,2,,,,,miss,miss,2,1,correct,wrong_host
1,MTR_164,us8,0.1,89,effusion,2,-1,7,,,,,,,none,none,,
1,MTR_164,us8,0.1,90,effusion,2,-1,7,,,,,,,none,none,,
1,MTR_164,us8,0.1,91,effusion,2,-1,7,,,,,,,none,none,,
1,MTR_164,us8,0.1,92,in_seg,1,4,2,,,,,miss,miss,2,1,correct,wrong_host
1,MTR_164,us8,0.25,89,effusion,2,-1,7,,,,,,,none,none,,
1,MTR_164,us8,0.25,90,effusion,2,-1,7,,,,,,,none,none,,
1,MTR_164,us8,0.25,91,effusion,2,-1,7,,,,,,,none,none,,
1,MTR_164,us8,0.25,92,in_seg,1,4,2,,,,,miss,miss,2,1,correct,wrong_host
1,MTR_164,us16,0.05,89,effusion,2,-1,7,,,,,,,none,none,,
1,MTR_164,us16,0.05,90,effusion,2,-1,7,,,,,,,none,none,,
1,MTR_164,us16,0.05,91,effusion,2,-1,7,,,,,,,none,none,,
1,MTR_164,us16,0.05,92,in_seg,1,4,2,,,,,miss,miss,2,1,correct,wrong_host
1,MTR_164,us16,0.1,89,effusion,2,-1,7,,,,,,,none,none,,
1,MTR_164,us16,0.1,90,effusion,2,-1,7,,,,,,,none,none,,
1,MTR_164,us16,0.1,91,effusion,2,-1,7,,,,,,,none,none,,
1,MTR_164,us16,0.1,92,in_seg,1,4,2,,,,,miss,miss,2,1,correct,wrong_host
1,MTR_164,us16,0.25,89,effusion,2,-1,7,,,,,,,none,none,,
1,MTR_164,us16,0.25,90,effusion,2,-1,7,,,,,,,none,none,,
1,MTR_164,us16,0.25,91,effusion,2,-1,7,,,,,,,none,none,,
1,MTR_164,us16,0.25,92,in_seg,1,4,2,,,,,miss,miss,2,1,correct,wrong_host
4,MTR_167,clean,0.05,94,in_seg,0,1,5,,,,,miss,miss,5,5,correct,correct
4,MTR_167,clean,0.05,95,in_seg,1,5,1,,,,,miss,miss,1,1,correct,correct
4,MTR_167,clean,0.05,96,in_seg,1,6,4,,,,,miss,miss,4,4,correct,correct
4,MTR_167,clean,0.05,97,effusion,2,-1,7,,,,,,,none,none,,
4,MTR_167,clean,0.05,98,effusion,2,-1,7,,,,,,,none,none,,
4,MTR_167,clean,0.1,94,in_seg,0,1,5,,,,,miss,miss,5,5,correct,correct
4,MTR_167,clean,0.1,95,in_seg,1,5,1,,,,,miss,miss,1,1,correct,correct
4,MTR_167,clean,0.1,96,in_seg,1,6,4,,,,,miss,miss,4,4,correct,correct
4,MTR_167,clean,0.1,97,effusion,2,-1,7,,,,,,,none,none,,
4,MTR_167,clean,0.1,98,effusion,2,-1,7,,,,,,,none,none,,
4,MTR_167,clean,0.25,94,in_seg,0,1,5,,,,,miss,miss,5,5,correct,correct
4,MTR_167,clean,0.25,95,in_seg,1,5,1,,,,,miss,miss,1,1,correct,correct
4,MTR_167,clean,0.25,96,in_seg,1,6,4,,,,,miss,miss,4,4,correct,correct
4,MTR_167,clean,0.25,97,effusion,2,-1,7,,,,,,,none,none,,
4,MTR_167,clean,0.25,98,effusion,2,-1,7,,,,,,,none,none,,
4,MTR_167,noise_q1,0.05,94,in_seg,0,1,5,,,,,miss,miss,5,5,correct,correct
4,MTR_167,noise_q1,0.05,95,in_seg,1,5,1,,,,,miss,miss,1,1,correct,correct
4,MTR_167,noise_q1,0.05,96,in_seg,1,6,4,,,,,miss,miss,4,4,correct,correct
4,MTR_167,noise_q1,0.05,97,effusion,2,-1,7,,,,,,,none,none,,
4,MTR_167,noise_q1,0.05,98,effusion,2,-1,7,,,,,,,none,none,,
4,MTR_167,noise_q1,0.1,94,in_seg,0,1,5,,,,,miss,miss,5,5,correct,correct
4,MTR_167,noise_q1,0.1,95,in_seg,1,5,1,,,,,miss,miss,1,1,correct,correct
4,MTR_167,noise_q1,0.1,96,in_seg,1,6,4,,,,,miss,miss,4,4,correct,correct
4,MTR_167,noise_q1,0.1,97,effusion,2,-1,7,,,,,,,none,none,,
4,MTR_167,noise_q1,0.1,98,effusion,2,-1,7,,,,,,,none,none,,
4,MTR_167,noise_q1,0.25,94,in_seg,0,1,5,,,,,miss,miss,5,5,correct,correct
4,MTR_167,noise_q1,0.25,95,in_seg,1,5,1,,,,,miss,miss,1,1,correct,correct
4,MTR_167,noise_q1,0.25,96,in_seg,1,6,4,,,,,miss,miss,4,4,correct,correct
4,MTR_167,noise_q1,0.25,97,effusion,2,-1,7,,,,,,,none,none,,
4,MTR_167,noise_q1,0.25,98,effusion,2,-1,7,,,,,,,none,none,,
4,MTR_167,noise_q2,0.05,94,in_seg,0,1,5,,,,,miss,miss,5,5,correct,correct
4,MTR_167,noise_q2,0.05,95,in_seg,1,5,1,,,,,miss,miss,1,1,correct,correct
4,MTR_167,noise_q2,0.05,96,in_seg,1,6,4,,,,,miss,miss,4,4,correct,correct
4,MTR_167,noise_q2,0.05,97,effusion,2,-1,7,,,,,,,none,none,,
4,MTR_167,noise_q2,0.05,98,effusion,2,-1,7,,,,,,,none,none,,
4,MTR_167,noise_q2,0.1,94,in_seg,0,1,5,,,,,miss,miss,5,5,correct,correct
4,MTR_167,noise_q2,0.1,95,in_seg,1,5,1,,,,,miss,miss,1,1,correct,correct
4,MTR_167,noise_q2,0.1,96,in_seg,1,6,4,,,,,miss,miss,4,4,correct,correct
4,MTR_167,noise_q2,0.1,97,effusion,2,-1,7,,,,,,,none,none,,
4,MTR_167,noise_q2,0.1,98,effusion,2,-1,7,,,,,,,none,none,,
4,MTR_167,noise_q2,0.25,94,in_seg,0,1,5,,,,,miss,miss,5,5,correct,correct
4,MTR_167,noise_q2,0.25,95,in_seg,1,5,1,,,,,miss,miss,1,1,correct,correct
4,MTR_167,noise_q2,0.25,96,in_seg,1,6,4,,,,,miss,miss,4,4,correct,correct
4,MTR_167,noise_q2,0.25,97,effusion,2,-1,7,,,,,,,none,none,,
4,MTR_167,noise_q2,0.25,98,effusion,2,-1,7,,,,,,,none,none,,
4,MTR_167,noise_q3,0.05,94,in_seg,0,1,5,,,,,miss,miss,5,5,correct,correct
4,MTR_167,noise_q3,0.05,95,in_seg,1,5,1,,,,,miss,miss,1,1,correct,correct
4,MTR_167,noise_q3,0.05,96,in_seg,1,6,4,,,,,miss,miss,4,4,correct,correct
4,MTR_167,noise_q3,0.05,97,effusion,2,-1,7,,,,,,,none,none,,
4,MTR_167,noise_q3,0.05,98,effusion,2,-1,7,,,,,,,none,none,,
4,MTR_167,noise_q3,0.1,94,in_seg,0,1,5,,,,,miss,miss,5,5,correct,correct
4,MTR_167,noise_q3,0.1,95,in_seg,1,5,1,,,,,miss,miss,1,1,correct,correct
4,MTR_167,noise_q3,0.1,96,in_seg,1,6,4,,,,,miss,miss,4,4,correct,correct
4,MTR_167,noise_q3,0.1,97,effusion,2,-1,7,,,,,,,none,none,,
4,MTR_167,noise_q3,0.1,98,effusion,2,-1,7,,,,,,,none,none,,
4,MTR_167,noise_q3,0.25,94,in_seg,0,1,5,,,,,miss,miss,5,5,correct,correct
4,MTR_167,noise_q3,0.25,95,in_seg,1,5,1,,,,,miss,miss,1,1,correct,correct
4,MTR_167,noise_q3,0.25,96,in_seg,1,6,4,,,,,miss,miss,4,4,correct,correct
4,MTR_167,noise_q3,0.25,97,effusion,2,-1,7,,,,,,,none,none,,
4,MTR_167,noise_q3,0.25,98,effusion,2,-1,7,,,,,,,none,none,,
4,MTR_167,us4,0.05,94,in_seg,0,1,5,,,,,miss,miss,5,5,correct,correct
4,MTR_167,us4,0.05,95,in_seg,1,5,1,,,,,miss,miss,1,1,correct,correct
4,MTR_167,us4,0.05,96,in_seg,1,6,4,,,,,miss,miss,4,4,correct,correct
4,MTR_167,us4,0.05,97,effusion,2,-1,7,,,,,,,none,none,,
4,MTR_167,us4,0.05,98,effusion,2,-1,7,,,,,,,none,none,,
4,MTR_167,us4,0.1,94,in_seg,0,1,5,,,,,miss,miss,5,5,correct,correct
4,MTR_167,us4,0.1,95,in_seg,1,5,1,,,,,miss,miss,1,1,correct,correct
4,MTR_167,us4,0.1,96,in_seg,1,6,4,,,,,miss,miss,4,4,correct,correct
4,MTR_167,us4,0.1,97,effusion,2,-1,7,,,,,,,none,none,,
4,MTR_167,us4,0.1,98,effusion,2,-1,7,,,,,,,none,none,,
4,MTR_167,us4,0.25,94,in_seg,0,1,5,,,,,miss,miss,5,5,correct,correct
4,MTR_167,us4,0.25,95,in_seg,1,5,1,,,,,miss,miss,1,1,correct,correct
4,MTR_167,us4,0.25,96,in_seg,1,6,4,,,,,miss,miss,4,4,correct,correct
4,MTR_167,us4,0.25,97,effusion,2,-1,7,,,,,,,none,none,,
4,MTR_167,us4,0.25,98,effusion,2,-1,7,,,,,,,none,none,,
4,MTR_167,us8,0.05,94,in_seg,0,1,5,,,,,miss,miss,5,5,correct,correct
4,MTR_167,us8,0.05,95,in_seg,1,5,1,,,,,miss,miss,1,1,correct,correct
4,MTR_167,us8,0.05,96,in_seg,1,6,4,,,,,miss,miss,4,4,correct,correct
4,MTR_167,us8,0.05,97,effusion,2,-1,7,,,,,,,none,none,,
4,MTR_167,us8,0.05,98,effusion,2,-1,7,,,,,,,none,none,,
4,MTR_167,us8,0.1,94,in_seg,0,1,5,,,,,miss,miss,5,5,correct,correct
4,MTR_167,us8,0.1,95,in_seg,1,5,1,,,,,miss,miss,1,1,correct,correct
4,MTR_167,us8,0.1,96,in_seg,1,6,4,,,,,miss,miss,4,4,correct,correct
4,MTR_167,us8,0.1,97,effusion,2,-1,7,,,,,,,none,none,,
4,MTR_167,us8,0.1,98,effusion,2,-1,7,,,,,,,none,none,,
4,MTR_167,us8,0.25,94,in_seg,0,1,5,,,,,miss,miss,5,5,correct,correct
4,MTR_167,us8,0.25,95,in_seg,1,5,1,,,,,miss,miss,1,1,correct,correct
4,MTR_167,us8,0.25,96,in_seg,1,6,4,,,,,miss,miss,4,4,correct,correct
4,MTR_167,us8,0.25,97,effusion,2,-1,7,,,,,,,none,none,,
4,MTR_167,us8,0.25,98,effusion,2,-1,7,,,,,,,none,none,,
4,MTR_167,us16,0.05,94,in_seg,0,1,5,,,,,miss,miss,5,5,correct,correct
4,MTR_167,us16,0.05,95,in_seg,1,5,1,,,,,miss,miss,1,1,correct,correct
4,MTR_167,us16,0.05,96,in_seg,1,6,4,,,,,miss,miss,4,4,correct,correct
4,MTR_167,us16,0.05,97,effusion,2,-1,7,,,,,,,none,none,,
4,MTR_167,us16,0.05,98,effusion,2,-1,7,,,,,,,none,none,,
4,MTR_167,us16,0.1,94,in_seg,0,1,5,,,,,miss,miss,5,5,correct,correct
4,MTR_167,us16,0.1,95,in_seg,1,5,1,,,,,miss,miss,1,1,correct,correct
4,MTR_167,us16,0.1,96,in_seg,1,6,4,,,,,miss,miss,4,4,correct,correct
4,MTR_167,us16,0.1,97,effusion,2,-1,7,,,,,,,none,none,,
4,MTR_167,us16,0.1,98,effusion,2,-1,7,,,,,,,none,none,,
4,MTR_167,us16,0.25,94,in_seg,0,1,5,,,,,miss,miss,5,5,correct,correct
4,MTR_167,us16,0.25,95,in_seg,1,5,1,,,,,miss,miss,1,1,correct,correct
4,MTR_167,us16,0.25,96,in_seg,1,6,4,,,,,miss,miss,4,4,correct,correct
4,MTR_167,us16,0.25,97,effusion,2,-1,7,,,,,,,none,none,,
4,MTR_167,us16,0.25,98,effusion,2,-1,7,,,,,,,none,none,,
4,MTR_172,clean,0.05,40,effusion,2,-1,7,,,,,,,none,none,,
4,MTR_172,clean,0.05,41,effusion,2,-1,7,,,,,,,none,none,,
4,MTR_172,clean,0.05,42,in_seg,0,1,5,,,,,miss,miss,5,5,correct,correct
4,MTR_172,clean,0.05,43,ligament,3,2,0,,,,,,,unknown,unknown,,
4,MTR_172,clean,0.05,44,in_seg,1,4,2,,,,,miss,miss,2,2,correct,correct
4,MTR_172,clean,0.05,45,in_seg,1,4,2,,,,,miss,miss,2,1,correct,wrong_host
4,MTR_172,clean,0.05,46,in_seg,1,6,4,,,,,miss,miss,4,4,correct,correct
4,MTR_172,clean,0.1,40,effusion,2,-1,7,,,,,,,none,none,,
4,MTR_172,clean,0.1,41,effusion,2,-1,7,,,,,,,none,none,,
4,MTR_172,clean,0.1,42,in_seg,0,1,5,,,,,miss,miss,5,5,correct,correct
4,MTR_172,clean,0.1,43,ligament,3,2,0,,,,,,,unknown,unknown,,
4,MTR_172,clean,0.1,44,in_seg,1,4,2,,,,,miss,miss,2,2,correct,correct
4,MTR_172,clean,0.1,45,in_seg,1,4,2,,,,,miss,miss,2,1,correct,wrong_host
4,MTR_172,clean,0.1,46,in_seg,1,6,4,,,,,miss,miss,4,4,correct,correct
4,MTR_172,clean,0.25,40,effusion,2,-1,7,,,,,,,none,none,,
4,MTR_172,clean,0.25,41,effusion,2,-1,7,,,,,,,none,none,,
4,MTR_172,clean,0.25,42,in_seg,0,1,5,,,,,miss,miss,5,5,correct,correct
4,MTR_172,clean,0.25,43,ligament,3,2,0,,,,,,,unknown,unknown,,
4,MTR_172,clean,0.25,44,in_seg,1,4,2,,,,,miss,miss,2,2,correct,correct
4,MTR_172,clean,0.25,45,in_seg,1,4,2,,,,,miss,miss,2,1,correct,wrong_host
4,MTR_172,clean,0.25,46,in_seg,1,6,4,,,,,miss,miss,4,4,correct,correct
4,MTR_172,noise_q1,0.05,40,effusion,2,-1,7,,,,,,,none,none,,
4,MTR_172,noise_q1,0.05,41,effusion,2,-1,7,,,,,,,none,none,,
4,MTR_172,noise_q1,0.05,42,in_seg,0,1,5,,,,,miss,miss,5,5,correct,correct
4,MTR_172,noise_q1,0.05,43,ligament,3,2,0,,,,,,,unknown,unknown,,
4,MTR_172,noise_q1,0.05,44,in_seg,1,4,2,,,,,miss,miss,2,2,correct,correct
4,MTR_172,noise_q1,0.05,45,in_seg,1,4,2,,,,,miss,miss,2,1,correct,wrong_host
4,MTR_172,noise_q1,0.05,46,in_seg,1,6,4,,,,,miss,miss,4,4,correct,correct
4,MTR_172,noise_q1,0.1,40,effusion,2,-1,7,,,,,,,none,none,,
4,MTR_172,noise_q1,0.1,41,effusion,2,-1,7,,,,,,,none,none,,
4,MTR_172,noise_q1,0.1,42,in_seg,0,1,5,,,,,miss,miss,5,5,correct,correct
4,MTR_172,noise_q1,0.1,43,ligament,3,2,0,,,,,,,unknown,unknown,,
4,MTR_172,noise_q1,0.1,44,in_seg,1,4,2,,,,,miss,miss,2,2,correct,correct
4,MTR_172,noise_q1,0.1,45,in_seg,1,4,2,,,,,miss,miss,2,1,correct,wrong_host
4,MTR_172,noise_q1,0.1,46,in_seg,1,6,4,,,,,miss,miss,4,4,correct,correct
4,MTR_172,noise_q1,0.25,40,effusion,2,-1,7,,,,,,,none,none,,
4,MTR_172,noise_q1,0.25,41,effusion,2,-1,7,,,,,,,none,none,,
4,MTR_172,noise_q1,0.25,42,in_seg,0,1,5,,,,,miss,miss,5,5,correct,correct
4,MTR_172,noise_q1,0.25,43,ligament,3,2,0,,,,,,,unknown,unknown,,
4,MTR_172,noise_q1,0.25,44,in_seg,1,4,2,,,,,miss,miss,2,2,correct,correct
4,MTR_172,noise_q1,0.25,45,in_seg,1,4,2,,,,,miss,miss,2,1,correct,wrong_host
4,MTR_172,noise_q1,0.25,46,in_seg,1,6,4,,,,,miss,miss,4,4,correct,correct
4,MTR_172,noise_q2,0.05,40,effusion,2,-1,7,,,,,,,none,none,,
4,MTR_172,noise_q2,0.05,41,effusion,2,-1,7,,,,,,,none,none,,
4,MTR_172,noise_q2,0.05,42,in_seg,0,1,5,,,,,miss,miss,5,5,correct,correct
4,MTR_172,noise_q2,0.05,43,ligament,3,2,0,,,,,,,unknown,unknown,,
4,MTR_172,noise_q2,0.05,44,in_seg,1,4,2,,,,,miss,miss,2,2,correct,correct
4,MTR_172,noise_q2,0.05,45,in_seg,1,4,2,,,,,miss,miss,2,1,correct,wrong_host
4,MTR_172,noise_q2,0.05,46,in_seg,1,6,4,,,,,miss,miss,4,4,correct,correct
4,MTR_172,noise_q2,0.1,40,effusion,2,-1,7,,,,,,,none,none,,
4,MTR_172,noise_q2,0.1,41,effusion,2,-1,7,,,,,,,none,none,,
4,MTR_172,noise_q2,0.1,42,in_seg,0,1,5,,,,,miss,miss,5,5,correct,correct
4,MTR_172,noise_q2,0.1,43,ligament,3,2,0,,,,,,,unknown,unknown,,
4,MTR_172,noise_q2,0.1,44,in_seg,1,4,2,,,,,miss,miss,2,2,correct,correct
4,MTR_172,noise_q2,0.1,45,in_seg,1,4,2,,,,,miss,miss,2,1,correct,wrong_host
4,MTR_172,noise_q2,0.1,46,in_seg,1,6,4,,,,,miss,miss,4,4,correct,correct
4,MTR_172,noise_q2,0.25,40,effusion,2,-1,7,,,,,,,none,none,,
4,MTR_172,noise_q2,0.25,41,effusion,2,-1,7,,,,,,,none,none,,
4,MTR_172,noise_q2,0.25,42,in_seg,0,1,5,,,,,miss,miss,5,5,correct,correct
4,MTR_172,noise_q2,0.25,43,ligament,3,2,0,,,,,,,unknown,unknown,,
4,MTR_172,noise_q2,0.25,44,in_seg,1,4,2,,,,,miss,miss,2,2,correct,correct
4,MTR_172,noise_q2,0.25,45,in_seg,1,4,2,,,,,miss,miss,2,1,correct,wrong_host
4,MTR_172,noise_q2,0.25,46,in_seg,1,6,4,,,,,miss,miss,4,4,correct,correct
4,MTR_172,noise_q3,0.05,40,effusion,2,-1,7,,,,,,,none,none,,
4,MTR_172,noise_q3,0.05,41,effusion,2,-1,7,,,,,,,none,none,,
4,MTR_172,noise_q3,0.05,42,in_seg,0,1,5,,,,,miss,miss,5,5,correct,correct
4,MTR_172,noise_q3,0.05,43,ligament,3,2,0,,,,,,,unknown,unknown,,
4,MTR_172,noise_q3,0.05,44,in_seg,1,4,2,,,,,miss,miss,2,2,correct,correct
4,MTR_172,noise_q3,0.05,45,in_seg,1,4,2,,,,,miss,miss,2,2,correct,correct
4,MTR_172,noise_q3,0.05,46,in_seg,1,6,4,,,,,miss,miss,4,4,correct,correct
4,MTR_172,noise_q3,0.1,40,effusion,2,-1,7,,,,,,,none,none,,
4,MTR_172,noise_q3,0.1,41,effusion,2,-1,7,,,,,,,none,none,,
4,MTR_172,noise_q3,0.1,42,in_seg,0,1,5,,,,,miss,miss,5,5,correct,correct
4,MTR_172,noise_q3,0.1,43,ligament,3,2,0,,,,,,,unknown,unknown,,
4,MTR_172,noise_q3,0.1,44,in_seg,1,4,2,,,,,miss,miss,2,2,correct,correct
4,MTR_172,noise_q3,0.1,45,in_seg,1,4,2,,,,,miss,miss,2,2,correct,correct
4,MTR_172,noise_q3,0.1,46,in_seg,1,6,4,,,,,miss,miss,4,4,correct,correct
4,MTR_172,noise_q3,0.25,40,effusion,2,-1,7,,,,,,,none,none,,
4,MTR_172,noise_q3,0.25,41,effusion,2,-1,7,,,,,,,none,none,,
4,MTR_172,noise_q3,0.25,42,in_seg,0,1,5,,,,,miss,miss,5,5,correct,correct
4,MTR_172,noise_q3,0.25,43,ligament,3,2,0,,,,,,,unknown,unknown,,
4,MTR_172,noise_q3,0.25,44,in_seg,1,4,2,,,,,miss,miss,2,2,correct,correct
4,MTR_172,noise_q3,0.25,45,in_seg,1,4,2,,,,,miss,miss,2,2,correct,correct
4,MTR_172,noise_q3,0.25,46,in_seg,1,6,4,,,,,miss,miss,4,4,correct,correct
4,MTR_172,us4,0.05,40,effusion,2,-1,7,,,,,,,none,none,,
4,MTR_172,us4,0.05,41,effusion,2,-1,7,,,,,,,none,none,,
4,MTR_172,us4,0.05,42,in_seg,0,1,5,,,,,miss,miss,5,5,correct,correct
4,MTR_172,us4,0.05,43,ligament,3,2,0,,,,,,,unknown,unknown,,
4,MTR_172,us4,0.05,44,in_seg,1,4,2,,,,,miss,miss,2,2,correct,correct
4,MTR_172,us4,0.05,45,in_seg,1,4,2,,,,,miss,miss,2,1,correct,wrong_host
4,MTR_172,us4,0.05,46,in_seg,1,6,4,,,,,miss,miss,4,4,correct,correct
4,MTR_172,us4,0.1,40,effusion,2,-1,7,,,,,,,none,none,,
4,MTR_172,us4,0.1,41,effusion,2,-1,7,,,,,,,none,none,,
4,MTR_172,us4,0.1,42,in_seg,0,1,5,,,,,miss,miss,5,5,correct,correct
4,MTR_172,us4,0.1,43,ligament,3,2,0,,,,,,,unknown,unknown,,
4,MTR_172,us4,0.1,44,in_seg,1,4,2,,,,,miss,miss,2,2,correct,correct
4,MTR_172,us4,0.1,45,in_seg,1,4,2,,,,,miss,miss,2,1,correct,wrong_host
4,MTR_172,us4,0.1,46,in_seg,1,6,4,,,,,miss,miss,4,4,correct,correct
4,MTR_172,us4,0.25,40,effusion,2,-1,7,,,,,,,none,none,,
4,MTR_172,us4,0.25,41,effusion,2,-1,7,,,,,,,none,none,,
4,MTR_172,us4,0.25,42,in_seg,0,1,5,,,,,miss,miss,5,5,correct,correct
4,MTR_172,us4,0.25,43,ligament,3,2,0,,,,,,,unknown,unknown,,
4,MTR_172,us4,0.25,44,in_seg,1,4,2,,,,,miss,miss,2,2,correct,correct
4,MTR_172,us4,0.25,45,in_seg,1,4,2,,,,,miss,miss,2,1,correct,wrong_host
4,MTR_172,us4,0.25,46,in_seg,1,6,4,,,,,miss,miss,4,4,correct,correct
4,MTR_172,us8,0.05,40,effusion,2,-1,7,,,,,,,none,none,,
4,MTR_172,us8,0.05,41,effusion,2,-1,7,,,,,,,none,none,,
4,MTR_172,us8,0.05,42,in_seg,0,1,5,,,,,miss,miss,5,5,correct,correct
4,MTR_172,us8,0.05,43,ligament,3,2,0,,,,,,,unknown,unknown,,
4,MTR_172,us8,0.05,44,in_seg,1,4,2,,,,,miss,miss,2,2,correct,correct
4,MTR_172,us8,0.05,45,in_seg,1,4,2,,,,,miss,miss,2,1,correct,wrong_host
4,MTR_172,us8,0.05,46,in_seg,1,6,4,,,,,miss,miss,4,4,correct,correct
4,MTR_172,us8,0.1,40,effusion,2,-1,7,,,,,,,none,none,,
4,MTR_172,us8,0.1,41,effusion,2,-1,7,,,,,,,none,none,,
4,MTR_172,us8,0.1,42,in_seg,0,1,5,,,,,miss,miss,5,5,correct,correct
4,MTR_172,us8,0.1,43,ligament,3,2,0,,,,,,,unknown,unknown,,
4,MTR_172,us8,0.1,44,in_seg,1,4,2,,,,,miss,miss,2,2,correct,correct
4,MTR_172,us8,0.1,45,in_seg,1,4,2,,,,,miss,miss,2,1,correct,wrong_host
4,MTR_172,us8,0.1,46,in_seg,1,6,4,,,,,miss,miss,4,4,correct,correct
4,MTR_172,us8,0.25,40,effusion,2,-1,7,,,,,,,none,none,,
4,MTR_172,us8,0.25,41,effusion,2,-1,7,,,,,,,none,none,,
4,MTR_172,us8,0.25,42,in_seg,0,1,5,,,,,miss,miss,5,5,correct,correct
4,MTR_172,us8,0.25,43,ligament,3,2,0,,,,,,,unknown,unknown,,
4,MTR_172,us8,0.25,44,in_seg,1,4,2,,,,,miss,miss,2,2,correct,correct
4,MTR_172,us8,0.25,45,in_seg,1,4,2,,,,,miss,miss,2,1,correct,wrong_host
4,MTR_172,us8,0.25,46,in_seg,1,6,4,,,,,miss,miss,4,4,correct,correct
4,MTR_172,us16,0.05,40,effusion,2,-1,7,,,,,,,none,none,,
4,MTR_172,us16,0.05,41,effusion,2,-1,7,,,,,,,none,none,,
4,MTR_172,us16,0.05,42,in_seg,0,1,5,,,,,miss,miss,5,5,correct,correct
4,MTR_172,us16,0.05,43,ligament,3,2,0,,,,,,,unknown,unknown,,
4,MTR_172,us16,0.05,44,in_seg,1,4,2,,,,,miss,miss,2,2,correct,correct
4,MTR_172,us16,0.05,45,in_seg,1,4,2,,,,,miss,miss,2,2,correct,correct
4,MTR_172,us16,0.05,46,in_seg,1,6,4,,,,,miss,miss,4,4,correct,correct
4,MTR_172,us16,0.1,40,effusion,2,-1,7,,,,,,,none,none,,
4,MTR_172,us16,0.1,41,effusion,2,-1,7,,,,,,,none,none,,
4,MTR_172,us16,0.1,42,in_seg,0,1,5,,,,,miss,miss,5,5,correct,correct
4,MTR_172,us16,0.1,43,ligament,3,2,0,,,,,,,unknown,unknown,,
4,MTR_172,us16,0.1,44,in_seg,1,4,2,,,,,miss,miss,2,2,correct,correct
4,MTR_172,us16,0.1,45,in_seg,1,4,2,,,,,miss,miss,2,2,correct,correct
4,MTR_172,us16,0.1,46,in_seg,1,6,4,,,,,miss,miss,4,4,correct,correct
4,MTR_172,us16,0.25,40,effusion,2,-1,7,,,,,,,none,none,,
4,MTR_172,us16,0.25,41,effusion,2,-1,7,,,,,,,none,none,,
4,MTR_172,us16,0.25,42,in_seg,0,1,5,,,,,miss,miss,5,5,correct,correct
4,MTR_172,us16,0.25,43,ligament,3,2,0,,,,,,,unknown,unknown,,
4,MTR_172,us16,0.25,44,in_seg,1,4,2,,,,,miss,miss,2,2,correct,correct
4,MTR_172,us16,0.25,45,in_seg,1,4,2,,,,,miss,miss,2,2,correct,correct
4,MTR_172,us16,0.25,46,in_seg,1,6,4,,,,,miss,miss,4,4,correct,correct
3,MTR_173,clean,0.05,1,effusion,2,-1,7,,,,,,,none,none,,
3,MTR_173,clean,0.1,1,effusion,2,-1,7,,,,,,,none,none,,
3,MTR_173,clean,0.25,1,effusion,2,-1,7,,,,,,,none,none,,
3,MTR_173,noise_q1,0.05,1,effusion,2,-1,7,,,,,,,none,none,,
3,MTR_173,noise_q1,0.1,1,effusion,2,-1,7,,,,,,,none,none,,
3,MTR_173,noise_q1,0.25,1,effusion,2,-1,7,,,,,,,none,none,,
3,MTR_173,noise_q2,0.05,1,effusion,2,-1,7,,,,,,,none,none,,
3,MTR_173,noise_q2,0.1,1,effusion,2,-1,7,,,,,,,none,none,,
3,MTR_173,noise_q2,0.25,1,effusion,2,-1,7,,,,,,,none,none,,
3,MTR_173,noise_q3,0.05,1,effusion,2,-1,7,,,,,,,none,none,,
3,MTR_173,noise_q3,0.1,1,effusion,2,-1,7,,,,,,,none,none,,
3,MTR_173,noise_q3,0.25,1,effusion,2,-1,7,,,,,,,none,none,,
3,MTR_173,us4,0.05,1,effusion,2,-1,7,,,,,,,none,none,,
3,MTR_173,us4,0.1,1,effusion,2,-1,7,,,,,,,none,none,,
3,MTR_173,us4,0.25,1,effusion,2,-1,7,,,,,,,none,none,,
3,MTR_173,us8,0.05,1,effusion,2,-1,7,,,,,,,none,none,,
3,MTR_173,us8,0.1,1,effusion,2,-1,7,,,,,,,none,none,,
3,MTR_173,us8,0.25,1,effusion,2,-1,7,,,,,,,none,none,,
3,MTR_173,us16,0.05,1,effusion,2,-1,7,,,,,,,none,none,,
3,MTR_173,us16,0.1,1,effusion,2,-1,7,,,,,,,none,none,,
3,MTR_173,us16,0.25,1,effusion,2,-1,7,,,,,,,none,none,,
4,MTR_174,clean,0.05,22,effusion,2,-1,7,,,,,,,none,none,,
4,MTR_174,clean,0.05,23,in_seg,0,1,5,,,,,miss,miss,5,5,correct,correct
4,MTR_174,clean,0.1,22,effusion,2,-1,7,,,,,,,none,none,,
4,MTR_174,clean,0.1,23,in_seg,0,1,5,,,,,miss,miss,5,5,correct,correct
4,MTR_174,clean,0.25,22,effusion,2,-1,7,,,,,,,none,none,,
4,MTR_174,clean,0.25,23,in_seg,0,1,5,,,,,miss,miss,5,5,correct,correct
4,MTR_174,noise_q1,0.05,22,effusion,2,-1,7,,,,,,,none,none,,
4,MTR_174,noise_q1,0.05,23,in_seg,0,1,5,,,,,miss,miss,5,5,correct,correct
4,MTR_174,noise_q1,0.1,22,effusion,2,-1,7,,,,,,,none,none,,
4,MTR_174,noise_q1,0.1,23,in_seg,0,1,5,,,,,miss,miss,5,5,correct,correct
4,MTR_174,noise_q1,0.25,22,effusion,2,-1,7,,,,,,,none,none,,
4,MTR_174,noise_q1,0.25,23,in_seg,0,1,5,,,,,miss,miss,5,5,correct,correct
4,MTR_174,noise_q2,0.05,22,effusion,2,-1,7,,,,,,,none,none,,
4,MTR_174,noise_q2,0.05,23,in_seg,0,1,5,,,,,miss,miss,5,5,correct,correct
4,MTR_174,noise_q2,0.1,22,effusion,2,-1,7,,,,,,,none,none,,
4,MTR_174,noise_q2,0.1,23,in_seg,0,1,5,,,,,miss,miss,5,5,correct,correct
4,MTR_174,noise_q2,0.25,22,effusion,2,-1,7,,,,,,,none,none,,
4,MTR_174,noise_q2,0.25,23,in_seg,0,1,5,,,,,miss,miss,5,5,correct,correct
4,MTR_174,noise_q3,0.05,22,effusion,2,-1,7,,,,,,,none,none,,
4,MTR_174,noise_q3,0.05,23,in_seg,0,1,5,,,,,miss,miss,5,5,correct,correct
4,MTR_174,noise_q3,0.1,22,effusion,2,-1,7,,,,,,,none,none,,
4,MTR_174,noise_q3,0.1,23,in_seg,0,1,5,,,,,miss,miss,5,5,correct,correct
4,MTR_174,noise_q3,0.25,22,effusion,2,-1,7,,,,,,,none,none,,
4,MTR_174,noise_q3,0.25,23,in_seg,0,1,5,,,,,miss,miss,5,5,correct,correct
4,MTR_174,us4,0.05,22,effusion,2,-1,7,,,,,,,none,none,,
4,MTR_174,us4,0.05,23,in_seg,0,1,5,,,,,miss,miss,5,5,correct,correct
4,MTR_174,us4,0.1,22,effusion,2,-1,7,,,,,,,none,none,,
4,MTR_174,us4,0.1,23,in_seg,0,1,5,,,,,miss,miss,5,5,correct,correct
4,MTR_174,us4,0.25,22,effusion,2,-1,7,,,,,,,none,none,,
4,MTR_174,us4,0.25,23,in_seg,0,1,5,,,,,miss,miss,5,5,correct,correct
4,MTR_174,us8,0.05,22,effusion,2,-1,7,,,,,,,none,none,,
4,MTR_174,us8,0.05,23,in_seg,0,1,5,,,,,miss,miss,5,5,correct,correct
4,MTR_174,us8,0.1,22,effusion,2,-1,7,,,,,,,none,none,,
4,MTR_174,us8,0.1,23,in_seg,0,1,5,,,,,miss,miss,5,5,correct,correct
4,MTR_174,us8,0.25,22,effusion,2,-1,7,,,,,,,none,none,,
4,MTR_174,us8,0.25,23,in_seg,0,1,5,,,,,miss,miss,5,5,correct,correct
4,MTR_174,us16,0.05,22,effusion,2,-1,7,,,,,,,none,none,,
4,MTR_174,us16,0.05,23,in_seg,0,1,5,,,,,miss,miss,5,5,correct,correct
4,MTR_174,us16,0.1,22,effusion,2,-1,7,,,,,,,none,none,,
4,MTR_174,us16,0.1,23,in_seg,0,1,5,,,,,miss,miss,5,5,correct,correct
4,MTR_174,us16,0.25,22,effusion,2,-1,7,,,,,,,none,none,,
4,MTR_174,us16,0.25,23,in_seg,0,1,5,,,,,miss,miss,5,5,correct,correct
4,MTR_175,clean,0.05,194,in_seg,1,4,2,,,,,miss,miss,2,2,correct,correct
4,MTR_175,clean,0.05,195,in_seg,1,5,1,,,,,miss,miss,1,1,correct,correct
4,MTR_175,clean,0.05,196,in_seg,1,4,2,,,,,miss,miss,2,2,correct,correct
4,MTR_175,clean,0.05,197,in_seg,1,4,2,,,,,miss,miss,2,2,correct,correct
4,MTR_175,clean,0.05,198,in_seg,1,4,2,,,,,miss,miss,2,2,correct,correct
4,MTR_175,clean,0.05,199,effusion,2,-1,7,,,,,,,none,none,,
4,MTR_175,clean,0.05,200,effusion,2,-1,7,,,,,,,none,none,,
4,MTR_175,clean,0.1,194,in_seg,1,4,2,,,,,miss,miss,2,2,correct,correct
4,MTR_175,clean,0.1,195,in_seg,1,5,1,,,,,miss,miss,1,1,correct,correct
4,MTR_175,clean,0.1,196,in_seg,1,4,2,,,,,miss,miss,2,2,correct,correct
4,MTR_175,clean,0.1,197,in_seg,1,4,2,,,,,miss,miss,2,2,correct,correct
4,MTR_175,clean,0.1,198,in_seg,1,4,2,,,,,miss,miss,2,2,correct,correct
4,MTR_175,clean,0.1,199,effusion,2,-1,7,,,,,,,none,none,,
4,MTR_175,clean,0.1,200,effusion,2,-1,7,,,,,,,none,none,,
4,MTR_175,clean,0.25,194,in_seg,1,4,2,,,,,miss,miss,2,2,correct,correct
4,MTR_175,clean,0.25,195,in_seg,1,5,1,,,,,miss,miss,1,1,correct,correct
4,MTR_175,clean,0.25,196,in_seg,1,4,2,,,,,miss,miss,2,2,correct,correct
4,MTR_175,clean,0.25,197,in_seg,1,4,2,,,,,miss,miss,2,2,correct,correct
4,MTR_175,clean,0.25,198,in_seg,1,4,2,,,,,miss,miss,2,2,correct,correct
4,MTR_175,clean,0.25,199,effusion,2,-1,7,,,,,,,none,none,,
4,MTR_175,clean,0.25,200,effusion,2,-1,7,,,,,,,none,none,,
4,MTR_175,noise_q1,0.05,194,in_seg,1,4,2,,,,,miss,miss,2,2,correct,correct
4,MTR_175,noise_q1,0.05,195,in_seg,1,5,1,,,,,miss,miss,1,1,correct,correct
4,MTR_175,noise_q1,0.05,196,in_seg,1,4,2,,,,,miss,miss,2,2,correct,correct
4,MTR_175,noise_q1,0.05,197,in_seg,1,4,2,,,,,miss,miss,2,2,correct,correct
4,MTR_175,noise_q1,0.05,198,in_seg,1,4,2,,,,,miss,miss,2,2,correct,correct
4,MTR_175,noise_q1,0.05,199,effusion,2,-1,7,,,,,,,none,none,,
4,MTR_175,noise_q1,0.05,200,effusion,2,-1,7,,,,,,,none,none,,
4,MTR_175,noise_q1,0.1,194,in_seg,1,4,2,,,,,miss,miss,2,2,correct,correct
4,MTR_175,noise_q1,0.1,195,in_seg,1,5,1,,,,,miss,miss,1,1,correct,correct
4,MTR_175,noise_q1,0.1,196,in_seg,1,4,2,,,,,miss,miss,2,2,correct,correct
4,MTR_175,noise_q1,0.1,197,in_seg,1,4,2,,,,,miss,miss,2,2,correct,correct
4,MTR_175,noise_q1,0.1,198,in_seg,1,4,2,,,,,miss,miss,2,2,correct,correct
4,MTR_175,noise_q1,0.1,199,effusion,2,-1,7,,,,,,,none,none,,
4,MTR_175,noise_q1,0.1,200,effusion,2,-1,7,,,,,,,none,none,,
4,MTR_175,noise_q1,0.25,194,in_seg,1,4,2,,,,,miss,miss,2,2,correct,correct
4,MTR_175,noise_q1,0.25,195,in_seg,1,5,1,,,,,miss,miss,1,1,correct,correct
4,MTR_175,noise_q1,0.25,196,in_seg,1,4,2,,,,,miss,miss,2,2,correct,correct
4,MTR_175,noise_q1,0.25,197,in_seg,1,4,2,,,,,miss,miss,2,2,correct,correct
4,MTR_175,noise_q1,0.25,198,in_seg,1,4,2,,,,,miss,miss,2,2,correct,correct
4,MTR_175,noise_q1,0.25,199,effusion,2,-1,7,,,,,,,none,none,,
4,MTR_175,noise_q1,0.25,200,effusion,2,-1,7,,,,,,,none,none,,
4,MTR_175,noise_q2,0.05,194,in_seg,1,4,2,,,,,miss,miss,2,2,correct,correct
4,MTR_175,noise_q2,0.05,195,in_seg,1,5,1,,,,,miss,miss,1,1,correct,correct
4,MTR_175,noise_q2,0.05,196,in_seg,1,4,2,,,,,miss,miss,2,2,correct,correct
4,MTR_175,noise_q2,0.05,197,in_seg,1,4,2,,,,,miss,miss,2,2,correct,correct
4,MTR_175,noise_q2,0.05,198,in_seg,1,4,2,,,,,miss,miss,2,2,correct,correct
4,MTR_175,noise_q2,0.05,199,effusion,2,-1,7,,,,,,,none,none,,
4,MTR_175,noise_q2,0.05,200,effusion,2,-1,7,,,,,,,none,none,,
4,MTR_175,noise_q2,0.1,194,in_seg,1,4,2,,,,,miss,miss,2,2,correct,correct
4,MTR_175,noise_q2,0.1,195,in_seg,1,5,1,,,,,miss,miss,1,1,correct,correct
4,MTR_175,noise_q2,0.1,196,in_seg,1,4,2,,,,,miss,miss,2,2,correct,correct
4,MTR_175,noise_q2,0.1,197,in_seg,1,4,2,,,,,miss,miss,2,2,correct,correct
4,MTR_175,noise_q2,0.1,198,in_seg,1,4,2,,,,,miss,miss,2,2,correct,correct
4,MTR_175,noise_q2,0.1,199,effusion,2,-1,7,,,,,,,none,none,,
4,MTR_175,noise_q2,0.1,200,effusion,2,-1,7,,,,,,,none,none,,
4,MTR_175,noise_q2,0.25,194,in_seg,1,4,2,,,,,miss,miss,2,2,correct,correct
4,MTR_175,noise_q2,0.25,195,in_seg,1,5,1,,,,,miss,miss,1,1,correct,correct
4,MTR_175,noise_q2,0.25,196,in_seg,1,4,2,,,,,miss,miss,2,2,correct,correct
4,MTR_175,noise_q2,0.25,197,in_seg,1,4,2,,,,,miss,miss,2,2,correct,correct
4,MTR_175,noise_q2,0.25,198,in_seg,1,4,2,,,,,miss,miss,2,2,correct,correct
4,MTR_175,noise_q2,0.25,199,effusion,2,-1,7,,,,,,,none,none,,
4,MTR_175,noise_q2,0.25,200,effusion,2,-1,7,,,,,,,none,none,,
4,MTR_175,noise_q3,0.05,194,in_seg,1,4,2,,,,,miss,miss,2,2,correct,correct
4,MTR_175,noise_q3,0.05,195,in_seg,1,5,1,,,,,miss,miss,1,1,correct,correct
4,MTR_175,noise_q3,0.05,196,in_seg,1,4,2,,,,,miss,miss,2,2,correct,correct
4,MTR_175,noise_q3,0.05,197,in_seg,1,4,2,,,,,miss,miss,2,2,correct,correct
4,MTR_175,noise_q3,0.05,198,in_seg,1,4,2,,,,,miss,miss,2,2,correct,correct
4,MTR_175,noise_q3,0.05,199,effusion,2,-1,7,,,,,,,none,none,,
4,MTR_175,noise_q3,0.05,200,effusion,2,-1,7,,,,,,,none,none,,
4,MTR_175,noise_q3,0.1,194,in_seg,1,4,2,,,,,miss,miss,2,2,correct,correct
4,MTR_175,noise_q3,0.1,195,in_seg,1,5,1,,,,,miss,miss,1,1,correct,correct
4,MTR_175,noise_q3,0.1,196,in_seg,1,4,2,,,,,miss,miss,2,2,correct,correct
4,MTR_175,noise_q3,0.1,197,in_seg,1,4,2,,,,,miss,miss,2,2,correct,correct
4,MTR_175,noise_q3,0.1,198,in_seg,1,4,2,,,,,miss,miss,2,2,correct,correct
4,MTR_175,noise_q3,0.1,199,effusion,2,-1,7,,,,,,,none,none,,
4,MTR_175,noise_q3,0.1,200,effusion,2,-1,7,,,,,,,none,none,,
4,MTR_175,noise_q3,0.25,194,in_seg,1,4,2,,,,,miss,miss,2,2,correct,correct
4,MTR_175,noise_q3,0.25,195,in_seg,1,5,1,,,,,miss,miss,1,1,correct,correct
4,MTR_175,noise_q3,0.25,196,in_seg,1,4,2,,,,,miss,miss,2,2,correct,correct
4,MTR_175,noise_q3,0.25,197,in_seg,1,4,2,,,,,miss,miss,2,2,correct,correct
4,MTR_175,noise_q3,0.25,198,in_seg,1,4,2,,,,,miss,miss,2,2,correct,correct
4,MTR_175,noise_q3,0.25,199,effusion,2,-1,7,,,,,,,none,none,,
4,MTR_175,noise_q3,0.25,200,effusion,2,-1,7,,,,,,,none,none,,
4,MTR_175,us4,0.05,194,in_seg,1,4,2,,,,,miss,miss,2,2,correct,correct
4,MTR_175,us4,0.05,195,in_seg,1,5,1,,,,,miss,miss,1,1,correct,correct
4,MTR_175,us4,0.05,196,in_seg,1,4,2,,,,,miss,miss,2,2,correct,correct
4,MTR_175,us4,0.05,197,in_seg,1,4,2,,,,,miss,miss,2,2,correct,correct
4,MTR_175,us4,0.05,198,in_seg,1,4,2,,,,,miss,miss,2,2,correct,correct
4,MTR_175,us4,0.05,199,effusion,2,-1,7,,,,,,,none,none,,
4,MTR_175,us4,0.05,200,effusion,2,-1,7,,,,,,,none,none,,
4,MTR_175,us4,0.1,194,in_seg,1,4,2,,,,,miss,miss,2,2,correct,correct
4,MTR_175,us4,0.1,195,in_seg,1,5,1,,,,,miss,miss,1,1,correct,correct
4,MTR_175,us4,0.1,196,in_seg,1,4,2,,,,,miss,miss,2,2,correct,correct
4,MTR_175,us4,0.1,197,in_seg,1,4,2,,,,,miss,miss,2,2,correct,correct
4,MTR_175,us4,0.1,198,in_seg,1,4,2,,,,,miss,miss,2,2,correct,correct
4,MTR_175,us4,0.1,199,effusion,2,-1,7,,,,,,,none,none,,
4,MTR_175,us4,0.1,200,effusion,2,-1,7,,,,,,,none,none,,
4,MTR_175,us4,0.25,194,in_seg,1,4,2,,,,,miss,miss,2,2,correct,correct
4,MTR_175,us4,0.25,195,in_seg,1,5,1,,,,,miss,miss,1,1,correct,correct
4,MTR_175,us4,0.25,196,in_seg,1,4,2,,,,,miss,miss,2,2,correct,correct
4,MTR_175,us4,0.25,197,in_seg,1,4,2,,,,,miss,miss,2,2,correct,correct
4,MTR_175,us4,0.25,198,in_seg,1,4,2,,,,,miss,miss,2,2,correct,correct
4,MTR_175,us4,0.25,199,effusion,2,-1,7,,,,,,,none,none,,
4,MTR_175,us4,0.25,200,effusion,2,-1,7,,,,,,,none,none,,
4,MTR_175,us8,0.05,194,in_seg,1,4,2,,,,,miss,miss,2,2,correct,correct
4,MTR_175,us8,0.05,195,in_seg,1,5,1,,,,,miss,miss,1,1,correct,correct
4,MTR_175,us8,0.05,196,in_seg,1,4,2,,,,,miss,miss,2,2,correct,correct
4,MTR_175,us8,0.05,197,in_seg,1,4,2,,,,,miss,miss,2,2,correct,correct
4,MTR_175,us8,0.05,198,in_seg,1,4,2,,,,,miss,miss,2,2,correct,correct
4,MTR_175,us8,0.05,199,effusion,2,-1,7,,,,,,,none,none,,
4,MTR_175,us8,0.05,200,effusion,2,-1,7,,,,,,,none,none,,
4,MTR_175,us8,0.1,194,in_seg,1,4,2,,,,,miss,miss,2,2,correct,correct
4,MTR_175,us8,0.1,195,in_seg,1,5,1,,,,,miss,miss,1,1,correct,correct
4,MTR_175,us8,0.1,196,in_seg,1,4,2,,,,,miss,miss,2,2,correct,correct
4,MTR_175,us8,0.1,197,in_seg,1,4,2,,,,,miss,miss,2,2,correct,correct
4,MTR_175,us8,0.1,198,in_seg,1,4,2,,,,,miss,miss,2,2,correct,correct
4,MTR_175,us8,0.1,199,effusion,2,-1,7,,,,,,,none,none,,
4,MTR_175,us8,0.1,200,effusion,2,-1,7,,,,,,,none,none,,
4,MTR_175,us8,0.25,194,in_seg,1,4,2,,,,,miss,miss,2,2,correct,correct
4,MTR_175,us8,0.25,195,in_seg,1,5,1,,,,,miss,miss,1,1,correct,correct
4,MTR_175,us8,0.25,196,in_seg,1,4,2,,,,,miss,miss,2,2,correct,correct
4,MTR_175,us8,0.25,197,in_seg,1,4,2,,,,,miss,miss,2,2,correct,correct
4,MTR_175,us8,0.25,198,in_seg,1,4,2,,,,,miss,miss,2,2,correct,correct
4,MTR_175,us8,0.25,199,effusion,2,-1,7,,,,,,,none,none,,
4,MTR_175,us8,0.25,200,effusion,2,-1,7,,,,,,,none,none,,
4,MTR_175,us16,0.05,194,in_seg,1,4,2,,,,,miss,miss,2,2,correct,correct
4,MTR_175,us16,0.05,195,in_seg,1,5,1,,,,,miss,miss,1,1,correct,correct
4,MTR_175,us16,0.05,196,in_seg,1,4,2,,,,,miss,miss,2,2,correct,correct
4,MTR_175,us16,0.05,197,in_seg,1,4,2,,,,,miss,miss,2,2,correct,correct
4,MTR_175,us16,0.05,198,in_seg,1,4,2,,,,,miss,miss,2,2,correct,correct
4,MTR_175,us16,0.05,199,effusion,2,-1,7,,,,,,,none,none,,
4,MTR_175,us16,0.05,200,effusion,2,-1,7,,,,,,,none,none,,
4,MTR_175,us16,0.1,194,in_seg,1,4,2,,,,,miss,miss,2,2,correct,correct
4,MTR_175,us16,0.1,195,in_seg,1,5,1,,,,,miss,miss,1,1,correct,correct
4,MTR_175,us16,0.1,196,in_seg,1,4,2,,,,,miss,miss,2,2,correct,correct
4,MTR_175,us16,0.1,197,in_seg,1,4,2,,,,,miss,miss,2,2,correct,correct
4,MTR_175,us16,0.1,198,in_seg,1,4,2,,,,,miss,miss,2,2,correct,correct
4,MTR_175,us16,0.1,199,effusion,2,-1,7,,,,,,,none,none,,
4,MTR_175,us16,0.1,200,effusion,2,-1,7,,,,,,,none,none,,
4,MTR_175,us16,0.25,194,in_seg,1,4,2,,,,,miss,miss,2,2,correct,correct
4,MTR_175,us16,0.25,195,in_seg,1,5,1,,,,,miss,miss,1,1,correct,correct
4,MTR_175,us16,0.25,196,in_seg,1,4,2,,,,,miss,miss,2,2,correct,correct
4,MTR_175,us16,0.25,197,in_seg,1,4,2,,,,,miss,miss,2,2,correct,correct
4,MTR_175,us16,0.25,198,in_seg,1,4,2,,,,,miss,miss,2,2,correct,correct
4,MTR_175,us16,0.25,199,effusion,2,-1,7,,,,,,,none,none,,
4,MTR_175,us16,0.25,200,effusion,2,-1,7,,,,,,,none,none,,
1,MTR_176,clean,0.05,2,effusion,2,-1,7,,,,,,,none,none,,
1,MTR_176,clean,0.05,3,in_seg,0,1,6,,,,,miss,miss,6,6,correct,correct
1,MTR_176,clean,0.05,4,ligament,3,2,0,,,,,,,unknown,unknown,,
1,MTR_176,clean,0.1,2,effusion,2,-1,7,,,,,,,none,none,,
1,MTR_176,clean,0.1,3,in_seg,0,1,6,,,,,miss,miss,6,6,correct,correct
1,MTR_176,clean,0.1,4,ligament,3,2,0,,,,,,,unknown,unknown,,
1,MTR_176,clean,0.25,2,effusion,2,-1,7,,,,,,,none,none,,
1,MTR_176,clean,0.25,3,in_seg,0,1,6,,,,,miss,miss,6,6,correct,correct
1,MTR_176,clean,0.25,4,ligament,3,2,0,,,,,,,unknown,unknown,,
1,MTR_176,noise_q1,0.05,2,effusion,2,-1,7,,,,,,,none,none,,
1,MTR_176,noise_q1,0.05,3,in_seg,0,1,6,,,,,miss,miss,6,6,correct,correct
1,MTR_176,noise_q1,0.05,4,ligament,3,2,0,,,,,,,unknown,unknown,,
1,MTR_176,noise_q1,0.1,2,effusion,2,-1,7,,,,,,,none,none,,
1,MTR_176,noise_q1,0.1,3,in_seg,0,1,6,,,,,miss,miss,6,6,correct,correct
1,MTR_176,noise_q1,0.1,4,ligament,3,2,0,,,,,,,unknown,unknown,,
1,MTR_176,noise_q1,0.25,2,effusion,2,-1,7,,,,,,,none,none,,
1,MTR_176,noise_q1,0.25,3,in_seg,0,1,6,,,,,miss,miss,6,6,correct,correct
1,MTR_176,noise_q1,0.25,4,ligament,3,2,0,,,,,,,unknown,unknown,,
1,MTR_176,noise_q2,0.05,2,effusion,2,-1,7,,,,,,,none,none,,
1,MTR_176,noise_q2,0.05,3,in_seg,0,1,6,,,,,miss,miss,6,6,correct,correct
1,MTR_176,noise_q2,0.05,4,ligament,3,2,0,,,,,,,unknown,unknown,,
1,MTR_176,noise_q2,0.1,2,effusion,2,-1,7,,,,,,,none,none,,
1,MTR_176,noise_q2,0.1,3,in_seg,0,1,6,,,,,miss,miss,6,6,correct,correct
1,MTR_176,noise_q2,0.1,4,ligament,3,2,0,,,,,,,unknown,unknown,,
1,MTR_176,noise_q2,0.25,2,effusion,2,-1,7,,,,,,,none,none,,
1,MTR_176,noise_q2,0.25,3,in_seg,0,1,6,,,,,miss,miss,6,6,correct,correct
1,MTR_176,noise_q2,0.25,4,ligament,3,2,0,,,,,,,unknown,unknown,,
1,MTR_176,noise_q3,0.05,2,effusion,2,-1,7,,,,,,,none,none,,
1,MTR_176,noise_q3,0.05,3,in_seg,0,1,6,,,,,miss,miss,6,6,correct,correct
1,MTR_176,noise_q3,0.05,4,ligament,3,2,0,,,,,,,unknown,unknown,,
1,MTR_176,noise_q3,0.1,2,effusion,2,-1,7,,,,,,,none,none,,
1,MTR_176,noise_q3,0.1,3,in_seg,0,1,6,,,,,miss,miss,6,6,correct,correct
1,MTR_176,noise_q3,0.1,4,ligament,3,2,0,,,,,,,unknown,unknown,,
1,MTR_176,noise_q3,0.25,2,effusion,2,-1,7,,,,,,,none,none,,
1,MTR_176,noise_q3,0.25,3,in_seg,0,1,6,,,,,miss,miss,6,6,correct,correct
1,MTR_176,noise_q3,0.25,4,ligament,3,2,0,,,,,,,unknown,unknown,,
1,MTR_176,us4,0.05,2,effusion,2,-1,7,,,,,,,none,none,,
1,MTR_176,us4,0.05,3,in_seg,0,1,6,,,,,miss,miss,6,6,correct,correct
1,MTR_176,us4,0.05,4,ligament,3,2,0,,,,,,,unknown,unknown,,
1,MTR_176,us4,0.1,2,effusion,2,-1,7,,,,,,,none,none,,
1,MTR_176,us4,0.1,3,in_seg,0,1,6,,,,,miss,miss,6,6,correct,correct
1,MTR_176,us4,0.1,4,ligament,3,2,0,,,,,,,unknown,unknown,,
1,MTR_176,us4,0.25,2,effusion,2,-1,7,,,,,,,none,none,,
1,MTR_176,us4,0.25,3,in_seg,0,1,6,,,,,miss,miss,6,6,correct,correct
1,MTR_176,us4,0.25,4,ligament,3,2,0,,,,,,,unknown,unknown,,
1,MTR_176,us8,0.05,2,effusion,2,-1,7,,,,,,,none,none,,
1,MTR_176,us8,0.05,3,in_seg,0,1,6,,,,,miss,miss,6,6,correct,correct
1,MTR_176,us8,0.05,4,ligament,3,2,0,,,,,,,unknown,unknown,,
1,MTR_176,us8,0.1,2,effusion,2,-1,7,,,,,,,none,none,,
1,MTR_176,us8,0.1,3,in_seg,0,1,6,,,,,miss,miss,6,6,correct,correct
1,MTR_176,us8,0.1,4,ligament,3,2,0,,,,,,,unknown,unknown,,
1,MTR_176,us8,0.25,2,effusion,2,-1,7,,,,,,,none,none,,
1,MTR_176,us8,0.25,3,in_seg,0,1,6,,,,,miss,miss,6,6,correct,correct
1,MTR_176,us8,0.25,4,ligament,3,2,0,,,,,,,unknown,unknown,,
1,MTR_176,us16,0.05,2,effusion,2,-1,7,,,,,,,none,none,,
1,MTR_176,us16,0.05,3,in_seg,0,1,6,,,,,miss,miss,6,6,correct,correct
1,MTR_176,us16,0.05,4,ligament,3,2,0,,,,,,,unknown,unknown,,
1,MTR_176,us16,0.1,2,effusion,2,-1,7,,,,,,,none,none,,
1,MTR_176,us16,0.1,3,in_seg,0,1,6,,,,,miss,miss,6,6,correct,correct
1,MTR_176,us16,0.1,4,ligament,3,2,0,,,,,,,unknown,unknown,,
1,MTR_176,us16,0.25,2,effusion,2,-1,7,,,,,,,none,none,,
1,MTR_176,us16,0.25,3,in_seg,0,1,6,,,,,miss,miss,6,6,correct,correct
1,MTR_176,us16,0.25,4,ligament,3,2,0,,,,,,,unknown,unknown,,
2,MTR_177,clean,0.05,24,effusion,2,-1,7,,,,,,,none,none,,
2,MTR_177,clean,0.05,25,effusion,2,-1,7,,,,,,,none,none,,
2,MTR_177,clean,0.1,24,effusion,2,-1,7,,,,,,,none,none,,
2,MTR_177,clean,0.1,25,effusion,2,-1,7,,,,,,,none,none,,
2,MTR_177,clean,0.25,24,effusion,2,-1,7,,,,,,,none,none,,
2,MTR_177,clean,0.25,25,effusion,2,-1,7,,,,,,,none,none,,
2,MTR_177,noise_q1,0.05,24,effusion,2,-1,7,,,,,,,none,none,,
2,MTR_177,noise_q1,0.05,25,effusion,2,-1,7,,,,,,,none,none,,
2,MTR_177,noise_q1,0.1,24,effusion,2,-1,7,,,,,,,none,none,,
2,MTR_177,noise_q1,0.1,25,effusion,2,-1,7,,,,,,,none,none,,
2,MTR_177,noise_q1,0.25,24,effusion,2,-1,7,,,,,,,none,none,,
2,MTR_177,noise_q1,0.25,25,effusion,2,-1,7,,,,,,,none,none,,
2,MTR_177,noise_q2,0.05,24,effusion,2,-1,7,,,,,,,none,none,,
2,MTR_177,noise_q2,0.05,25,effusion,2,-1,7,,,,,,,none,none,,
2,MTR_177,noise_q2,0.1,24,effusion,2,-1,7,,,,,,,none,none,,
2,MTR_177,noise_q2,0.1,25,effusion,2,-1,7,,,,,,,none,none,,
2,MTR_177,noise_q2,0.25,24,effusion,2,-1,7,,,,,,,none,none,,
2,MTR_177,noise_q2,0.25,25,effusion,2,-1,7,,,,,,,none,none,,
2,MTR_177,noise_q3,0.05,24,effusion,2,-1,7,,,,,,,none,none,,
2,MTR_177,noise_q3,0.05,25,effusion,2,-1,7,,,,,,,none,none,,
2,MTR_177,noise_q3,0.1,24,effusion,2,-1,7,,,,,,,none,none,,
2,MTR_177,noise_q3,0.1,25,effusion,2,-1,7,,,,,,,none,none,,
2,MTR_177,noise_q3,0.25,24,effusion,2,-1,7,,,,,,,none,none,,
2,MTR_177,noise_q3,0.25,25,effusion,2,-1,7,,,,,,,none,none,,
2,MTR_177,us4,0.05,24,effusion,2,-1,7,,,,,,,none,none,,
2,MTR_177,us4,0.05,25,effusion,2,-1,7,,,,,,,none,none,,
2,MTR_177,us4,0.1,24,effusion,2,-1,7,,,,,,,none,none,,
2,MTR_177,us4,0.1,25,effusion,2,-1,7,,,,,,,none,none,,
2,MTR_177,us4,0.25,24,effusion,2,-1,7,,,,,,,none,none,,
2,MTR_177,us4,0.25,25,effusion,2,-1,7,,,,,,,none,none,,
2,MTR_177,us8,0.05,24,effusion,2,-1,7,,,,,,,none,none,,
2,MTR_177,us8,0.05,25,effusion,2,-1,7,,,,,,,none,none,,
2,MTR_177,us8,0.1,24,effusion,2,-1,7,,,,,,,none,none,,
2,MTR_177,us8,0.1,25,effusion,2,-1,7,,,,,,,none,none,,
2,MTR_177,us8,0.25,24,effusion,2,-1,7,,,,,,,none,none,,
2,MTR_177,us8,0.25,25,effusion,2,-1,7,,,,,,,none,none,,
2,MTR_177,us16,0.05,24,effusion,2,-1,7,2,0.2842,none,none,,,none,none,,
2,MTR_177,us16,0.05,25,effusion,2,-1,7,,,,,,,none,none,,
2,MTR_177,us16,0.1,24,effusion,2,-1,7,2,0.2842,none,none,,,none,none,,
2,MTR_177,us16,0.1,25,effusion,2,-1,7,,,,,,,none,none,,
2,MTR_177,us16,0.25,24,effusion,2,-1,7,2,0.2842,none,none,,,none,none,,
2,MTR_177,us16,0.25,25,effusion,2,-1,7,,,,,,,none,none,,
4,MTR_178,clean,0.05,5,effusion,2,-1,7,,,,,,,none,none,,
4,MTR_178,clean,0.05,6,ligament,3,2,0,,,,,,,unknown,unknown,,
4,MTR_178,clean,0.05,7,ligament,3,3,0,,,,,,,unknown,unknown,,
4,MTR_178,clean,0.1,5,effusion,2,-1,7,,,,,,,none,none,,
4,MTR_178,clean,0.1,6,ligament,3,2,0,,,,,,,unknown,unknown,,
4,MTR_178,clean,0.1,7,ligament,3,3,0,,,,,,,unknown,unknown,,
4,MTR_178,clean,0.25,5,effusion,2,-1,7,,,,,,,none,none,,
4,MTR_178,clean,0.25,6,ligament,3,2,0,,,,,,,unknown,unknown,,
4,MTR_178,clean,0.25,7,ligament,3,3,0,,,,,,,unknown,unknown,,
4,MTR_178,noise_q1,0.05,5,effusion,2,-1,7,,,,,,,none,none,,
4,MTR_178,noise_q1,0.05,6,ligament,3,2,0,,,,,,,unknown,unknown,,
4,MTR_178,noise_q1,0.05,7,ligament,3,3,0,,,,,,,unknown,unknown,,
4,MTR_178,noise_q1,0.1,5,effusion,2,-1,7,,,,,,,none,none,,
4,MTR_178,noise_q1,0.1,6,ligament,3,2,0,,,,,,,unknown,unknown,,
4,MTR_178,noise_q1,0.1,7,ligament,3,3,0,,,,,,,unknown,unknown,,
4,MTR_178,noise_q1,0.25,5,effusion,2,-1,7,,,,,,,none,none,,
4,MTR_178,noise_q1,0.25,6,ligament,3,2,0,,,,,,,unknown,unknown,,
4,MTR_178,noise_q1,0.25,7,ligament,3,3,0,,,,,,,unknown,unknown,,
4,MTR_178,noise_q2,0.05,5,effusion,2,-1,7,,,,,,,none,none,,
4,MTR_178,noise_q2,0.05,6,ligament,3,2,0,,,,,,,unknown,unknown,,
4,MTR_178,noise_q2,0.05,7,ligament,3,3,0,,,,,,,unknown,unknown,,
4,MTR_178,noise_q2,0.1,5,effusion,2,-1,7,,,,,,,none,none,,
4,MTR_178,noise_q2,0.1,6,ligament,3,2,0,,,,,,,unknown,unknown,,
4,MTR_178,noise_q2,0.1,7,ligament,3,3,0,,,,,,,unknown,unknown,,
4,MTR_178,noise_q2,0.25,5,effusion,2,-1,7,,,,,,,none,none,,
4,MTR_178,noise_q2,0.25,6,ligament,3,2,0,,,,,,,unknown,unknown,,
4,MTR_178,noise_q2,0.25,7,ligament,3,3,0,,,,,,,unknown,unknown,,
4,MTR_178,noise_q3,0.05,5,effusion,2,-1,7,,,,,,,none,none,,
4,MTR_178,noise_q3,0.05,6,ligament,3,2,0,,,,,,,unknown,unknown,,
4,MTR_178,noise_q3,0.05,7,ligament,3,3,0,,,,,,,unknown,unknown,,
4,MTR_178,noise_q3,0.1,5,effusion,2,-1,7,,,,,,,none,none,,
4,MTR_178,noise_q3,0.1,6,ligament,3,2,0,,,,,,,unknown,unknown,,
4,MTR_178,noise_q3,0.1,7,ligament,3,3,0,,,,,,,unknown,unknown,,
4,MTR_178,noise_q3,0.25,5,effusion,2,-1,7,,,,,,,none,none,,
4,MTR_178,noise_q3,0.25,6,ligament,3,2,0,,,,,,,unknown,unknown,,
4,MTR_178,noise_q3,0.25,7,ligament,3,3,0,,,,,,,unknown,unknown,,
4,MTR_178,us4,0.05,5,effusion,2,-1,7,,,,,,,none,none,,
4,MTR_178,us4,0.05,6,ligament,3,2,0,,,,,,,unknown,unknown,,
4,MTR_178,us4,0.05,7,ligament,3,3,0,,,,,,,unknown,unknown,,
4,MTR_178,us4,0.1,5,effusion,2,-1,7,,,,,,,none,none,,
4,MTR_178,us4,0.1,6,ligament,3,2,0,,,,,,,unknown,unknown,,
4,MTR_178,us4,0.1,7,ligament,3,3,0,,,,,,,unknown,unknown,,
4,MTR_178,us4,0.25,5,effusion,2,-1,7,,,,,,,none,none,,
4,MTR_178,us4,0.25,6,ligament,3,2,0,,,,,,,unknown,unknown,,
4,MTR_178,us4,0.25,7,ligament,3,3,0,,,,,,,unknown,unknown,,
4,MTR_178,us8,0.05,5,effusion,2,-1,7,,,,,,,none,none,,
4,MTR_178,us8,0.05,6,ligament,3,2,0,,,,,,,unknown,unknown,,
4,MTR_178,us8,0.05,7,ligament,3,3,0,,,,,,,unknown,unknown,,
4,MTR_178,us8,0.1,5,effusion,2,-1,7,,,,,,,none,none,,
4,MTR_178,us8,0.1,6,ligament,3,2,0,,,,,,,unknown,unknown,,
4,MTR_178,us8,0.1,7,ligament,3,3,0,,,,,,,unknown,unknown,,
4,MTR_178,us8,0.25,5,effusion,2,-1,7,,,,,,,none,none,,
4,MTR_178,us8,0.25,6,ligament,3,2,0,,,,,,,unknown,unknown,,
4,MTR_178,us8,0.25,7,ligament,3,3,0,,,,,,,unknown,unknown,,
4,MTR_178,us16,0.05,5,effusion,2,-1,7,,,,,,,none,none,,
4,MTR_178,us16,0.05,6,ligament,3,2,0,,,,,,,unknown,unknown,,
4,MTR_178,us16,0.05,7,ligament,3,3,0,,,,,,,unknown,unknown,,
4,MTR_178,us16,0.1,5,effusion,2,-1,7,,,,,,,none,none,,
4,MTR_178,us16,0.1,6,ligament,3,2,0,,,,,,,unknown,unknown,,
4,MTR_178,us16,0.1,7,ligament,3,3,0,,,,,,,unknown,unknown,,
4,MTR_178,us16,0.25,5,effusion,2,-1,7,,,,,,,none,none,,
4,MTR_178,us16,0.25,6,ligament,3,2,0,,,,,,,unknown,unknown,,
4,MTR_178,us16,0.25,7,ligament,3,3,0,,,,,,,unknown,unknown,,
3,MTR_179,clean,0.05,9,effusion,2,-1,7,,,,,,,none,none,,
3,MTR_179,clean,0.05,10,in_seg,1,5,1,,,,,miss,miss,1,1,correct,correct
3,MTR_179,clean,0.1,9,effusion,2,-1,7,,,,,,,none,none,,
3,MTR_179,clean,0.1,10,in_seg,1,5,1,,,,,miss,miss,1,1,correct,correct
3,MTR_179,clean,0.25,9,effusion,2,-1,7,,,,,,,none,none,,
3,MTR_179,clean,0.25,10,in_seg,1,5,1,,,,,miss,miss,1,1,correct,correct
3,MTR_179,noise_q1,0.05,9,effusion,2,-1,7,,,,,,,none,none,,
3,MTR_179,noise_q1,0.05,10,in_seg,1,5,1,,,,,miss,miss,1,1,correct,correct
3,MTR_179,noise_q1,0.1,9,effusion,2,-1,7,,,,,,,none,none,,
3,MTR_179,noise_q1,0.1,10,in_seg,1,5,1,,,,,miss,miss,1,1,correct,correct
3,MTR_179,noise_q1,0.25,9,effusion,2,-1,7,,,,,,,none,none,,
3,MTR_179,noise_q1,0.25,10,in_seg,1,5,1,,,,,miss,miss,1,1,correct,correct
3,MTR_179,noise_q2,0.05,9,effusion,2,-1,7,,,,,,,none,none,,
3,MTR_179,noise_q2,0.05,10,in_seg,1,5,1,,,,,miss,miss,1,1,correct,correct
3,MTR_179,noise_q2,0.1,9,effusion,2,-1,7,,,,,,,none,none,,
3,MTR_179,noise_q2,0.1,10,in_seg,1,5,1,,,,,miss,miss,1,1,correct,correct
3,MTR_179,noise_q2,0.25,9,effusion,2,-1,7,,,,,,,none,none,,
3,MTR_179,noise_q2,0.25,10,in_seg,1,5,1,,,,,miss,miss,1,1,correct,correct
3,MTR_179,noise_q3,0.05,9,effusion,2,-1,7,,,,,,,none,none,,
3,MTR_179,noise_q3,0.05,10,in_seg,1,5,1,,,,,miss,miss,1,1,correct,correct
3,MTR_179,noise_q3,0.1,9,effusion,2,-1,7,,,,,,,none,none,,
3,MTR_179,noise_q3,0.1,10,in_seg,1,5,1,,,,,miss,miss,1,1,correct,correct
3,MTR_179,noise_q3,0.25,9,effusion,2,-1,7,,,,,,,none,none,,
3,MTR_179,noise_q3,0.25,10,in_seg,1,5,1,,,,,miss,miss,1,1,correct,correct
3,MTR_179,us4,0.05,9,effusion,2,-1,7,,,,,,,none,none,,
3,MTR_179,us4,0.05,10,in_seg,1,5,1,,,,,miss,miss,1,1,correct,correct
3,MTR_179,us4,0.1,9,effusion,2,-1,7,,,,,,,none,none,,
3,MTR_179,us4,0.1,10,in_seg,1,5,1,,,,,miss,miss,1,1,correct,correct
3,MTR_179,us4,0.25,9,effusion,2,-1,7,,,,,,,none,none,,
3,MTR_179,us4,0.25,10,in_seg,1,5,1,,,,,miss,miss,1,1,correct,correct
3,MTR_179,us8,0.05,9,effusion,2,-1,7,,,,,,,none,none,,
3,MTR_179,us8,0.05,10,in_seg,1,5,1,,,,,miss,miss,1,1,correct,correct
3,MTR_179,us8,0.1,9,effusion,2,-1,7,,,,,,,none,none,,
3,MTR_179,us8,0.1,10,in_seg,1,5,1,,,,,miss,miss,1,1,correct,correct
3,MTR_179,us8,0.25,9,effusion,2,-1,7,,,,,,,none,none,,
3,MTR_179,us8,0.25,10,in_seg,1,5,1,,,,,miss,miss,1,1,correct,correct
3,MTR_179,us16,0.05,9,effusion,2,-1,7,,,,,,,none,none,,
3,MTR_179,us16,0.05,10,in_seg,1,5,1,,,,,miss,miss,1,1,correct,correct
3,MTR_179,us16,0.1,9,effusion,2,-1,7,,,,,,,none,none,,
3,MTR_179,us16,0.1,10,in_seg,1,5,1,,,,,miss,miss,1,1,correct,correct
3,MTR_179,us16,0.25,9,effusion,2,-1,7,,,,,,,none,none,,
3,MTR_179,us16,0.25,10,in_seg,1,5,1,,,,,miss,miss,1,1,correct,correct
4,MTR_182,clean,0.05,22,in_seg,0,1,6,,,,,miss,miss,6,5,correct,correct
4,MTR_182,clean,0.1,22,in_seg,0,1,6,,,,,miss,miss,6,5,correct,correct
4,MTR_182,clean,0.25,22,in_seg,0,1,6,,,,,miss,miss,6,5,correct,correct
4,MTR_182,noise_q1,0.05,22,in_seg,0,1,6,,,,,miss,miss,6,5,correct,correct
4,MTR_182,noise_q1,0.1,22,in_seg,0,1,6,,,,,miss,miss,6,5,correct,correct
4,MTR_182,noise_q1,0.25,22,in_seg,0,1,6,,,,,miss,miss,6,5,correct,correct
4,MTR_182,noise_q2,0.05,22,in_seg,0,1,6,,,,,miss,miss,6,5,correct,correct
4,MTR_182,noise_q2,0.1,22,in_seg,0,1,6,,,,,miss,miss,6,5,correct,correct
4,MTR_182,noise_q2,0.25,22,in_seg,0,1,6,,,,,miss,miss,6,5,correct,correct
4,MTR_182,noise_q3,0.05,22,in_seg,0,1,6,,,,,miss,miss,6,5,correct,correct
4,MTR_182,noise_q3,0.1,22,in_seg,0,1,6,,,,,miss,miss,6,5,correct,correct
4,MTR_182,noise_q3,0.25,22,in_seg,0,1,6,,,,,miss,miss,6,5,correct,correct
4,MTR_182,us4,0.05,22,in_seg,0,1,6,,,,,miss,miss,6,6,correct,correct
4,MTR_182,us4,0.1,22,in_seg,0,1,6,,,,,miss,miss,6,6,correct,correct
4,MTR_182,us4,0.25,22,in_seg,0,1,6,,,,,miss,miss,6,6,correct,correct
4,MTR_182,us8,0.05,22,in_seg,0,1,6,,,,,miss,miss,6,6,correct,correct
4,MTR_182,us8,0.1,22,in_seg,0,1,6,,,,,miss,miss,6,6,correct,correct
4,MTR_182,us8,0.25,22,in_seg,0,1,6,,,,,miss,miss,6,6,correct,correct
4,MTR_182,us16,0.05,22,in_seg,0,1,6,,,,,miss,miss,6,6,correct,correct
4,MTR_182,us16,0.1,22,in_seg,0,1,6,,,,,miss,miss,6,6,correct,correct
4,MTR_182,us16,0.25,22,in_seg,0,1,6,,,,,miss,miss,6,6,correct,correct
3,MTR_183,clean,0.05,137,in_seg,0,1,6,,,,,miss,miss,6,5,correct,correct
3,MTR_183,clean,0.05,138,in_seg,1,4,2,,,,,miss,miss,2,2,correct,correct
3,MTR_183,clean,0.05,139,in_seg,1,4,2,,,,,miss,miss,2,2,correct,correct
3,MTR_183,clean,0.05,140,in_seg,1,6,3,,,,,miss,miss,3,4,correct,correct
3,MTR_183,clean,0.05,141,in_seg,1,5,1,,,,,miss,miss,1,1,correct,correct
3,MTR_183,clean,0.1,137,in_seg,0,1,6,,,,,miss,miss,6,5,correct,correct
3,MTR_183,clean,0.1,138,in_seg,1,4,2,,,,,miss,miss,2,2,correct,correct
3,MTR_183,clean,0.1,139,in_seg,1,4,2,,,,,miss,miss,2,2,correct,correct
3,MTR_183,clean,0.1,140,in_seg,1,6,3,,,,,miss,miss,3,4,correct,correct
3,MTR_183,clean,0.1,141,in_seg,1,5,1,,,,,miss,miss,1,1,correct,correct
3,MTR_183,clean,0.25,137,in_seg,0,1,6,,,,,miss,miss,6,5,correct,correct
3,MTR_183,clean,0.25,138,in_seg,1,4,2,,,,,miss,miss,2,2,correct,correct
3,MTR_183,clean,0.25,139,in_seg,1,4,2,,,,,miss,miss,2,2,correct,correct
3,MTR_183,clean,0.25,140,in_seg,1,6,3,,,,,miss,miss,3,4,correct,correct
3,MTR_183,clean,0.25,141,in_seg,1,5,1,,,,,miss,miss,1,1,correct,correct
3,MTR_183,noise_q1,0.05,137,in_seg,0,1,6,,,,,miss,miss,6,5,correct,correct
3,MTR_183,noise_q1,0.05,138,in_seg,1,4,2,,,,,miss,miss,2,2,correct,correct
3,MTR_183,noise_q1,0.05,139,in_seg,1,4,2,,,,,miss,miss,2,2,correct,correct
3,MTR_183,noise_q1,0.05,140,in_seg,1,6,3,,,,,miss,miss,3,4,correct,correct
3,MTR_183,noise_q1,0.05,141,in_seg,1,5,1,,,,,miss,miss,1,1,correct,correct
3,MTR_183,noise_q1,0.1,137,in_seg,0,1,6,,,,,miss,miss,6,5,correct,correct
3,MTR_183,noise_q1,0.1,138,in_seg,1,4,2,,,,,miss,miss,2,2,correct,correct
3,MTR_183,noise_q1,0.1,139,in_seg,1,4,2,,,,,miss,miss,2,2,correct,correct
3,MTR_183,noise_q1,0.1,140,in_seg,1,6,3,,,,,miss,miss,3,4,correct,correct
3,MTR_183,noise_q1,0.1,141,in_seg,1,5,1,,,,,miss,miss,1,1,correct,correct
3,MTR_183,noise_q1,0.25,137,in_seg,0,1,6,,,,,miss,miss,6,5,correct,correct
3,MTR_183,noise_q1,0.25,138,in_seg,1,4,2,,,,,miss,miss,2,2,correct,correct
3,MTR_183,noise_q1,0.25,139,in_seg,1,4,2,,,,,miss,miss,2,2,correct,correct
3,MTR_183,noise_q1,0.25,140,in_seg,1,6,3,,,,,miss,miss,3,4,correct,correct
3,MTR_183,noise_q1,0.25,141,in_seg,1,5,1,,,,,miss,miss,1,1,correct,correct
3,MTR_183,noise_q2,0.05,137,in_seg,0,1,6,,,,,miss,miss,6,5,correct,correct
3,MTR_183,noise_q2,0.05,138,in_seg,1,4,2,,,,,miss,miss,2,2,correct,correct
3,MTR_183,noise_q2,0.05,139,in_seg,1,4,2,,,,,miss,miss,2,2,correct,correct
3,MTR_183,noise_q2,0.05,140,in_seg,1,6,3,,,,,miss,miss,3,4,correct,correct
3,MTR_183,noise_q2,0.05,141,in_seg,1,5,1,,,,,miss,miss,1,1,correct,correct
3,MTR_183,noise_q2,0.1,137,in_seg,0,1,6,,,,,miss,miss,6,5,correct,correct
3,MTR_183,noise_q2,0.1,138,in_seg,1,4,2,,,,,miss,miss,2,2,correct,correct
3,MTR_183,noise_q2,0.1,139,in_seg,1,4,2,,,,,miss,miss,2,2,correct,correct
3,MTR_183,noise_q2,0.1,140,in_seg,1,6,3,,,,,miss,miss,3,4,correct,correct
3,MTR_183,noise_q2,0.1,141,in_seg,1,5,1,,,,,miss,miss,1,1,correct,correct
3,MTR_183,noise_q2,0.25,137,in_seg,0,1,6,,,,,miss,miss,6,5,correct,correct
3,MTR_183,noise_q2,0.25,138,in_seg,1,4,2,,,,,miss,miss,2,2,correct,correct
3,MTR_183,noise_q2,0.25,139,in_seg,1,4,2,,,,,miss,miss,2,2,correct,correct
3,MTR_183,noise_q2,0.25,140,in_seg,1,6,3,,,,,miss,miss,3,4,correct,correct
3,MTR_183,noise_q2,0.25,141,in_seg,1,5,1,,,,,miss,miss,1,1,correct,correct
3,MTR_183,noise_q3,0.05,137,in_seg,0,1,6,,,,,miss,miss,6,5,correct,correct
3,MTR_183,noise_q3,0.05,138,in_seg,1,4,2,,,,,miss,miss,2,2,correct,correct
3,MTR_183,noise_q3,0.05,139,in_seg,1,4,2,,,,,miss,miss,2,2,correct,correct
3,MTR_183,noise_q3,0.05,140,in_seg,1,6,3,,,,,miss,miss,3,4,correct,correct
3,MTR_183,noise_q3,0.05,141,in_seg,1,5,1,,,,,miss,miss,1,1,correct,correct
3,MTR_183,noise_q3,0.1,137,in_seg,0,1,6,,,,,miss,miss,6,5,correct,correct
3,MTR_183,noise_q3,0.1,138,in_seg,1,4,2,,,,,miss,miss,2,2,correct,correct
3,MTR_183,noise_q3,0.1,139,in_seg,1,4,2,,,,,miss,miss,2,2,correct,correct
3,MTR_183,noise_q3,0.1,140,in_seg,1,6,3,,,,,miss,miss,3,4,correct,correct
3,MTR_183,noise_q3,0.1,141,in_seg,1,5,1,,,,,miss,miss,1,1,correct,correct
3,MTR_183,noise_q3,0.25,137,in_seg,0,1,6,,,,,miss,miss,6,5,correct,correct
3,MTR_183,noise_q3,0.25,138,in_seg,1,4,2,,,,,miss,miss,2,2,correct,correct
3,MTR_183,noise_q3,0.25,139,in_seg,1,4,2,,,,,miss,miss,2,2,correct,correct
3,MTR_183,noise_q3,0.25,140,in_seg,1,6,3,,,,,miss,miss,3,4,correct,correct
3,MTR_183,noise_q3,0.25,141,in_seg,1,5,1,,,,,miss,miss,1,1,correct,correct
3,MTR_183,us4,0.05,137,in_seg,0,1,6,,,,,miss,miss,6,5,correct,correct
3,MTR_183,us4,0.05,138,in_seg,1,4,2,,,,,miss,miss,2,2,correct,correct
3,MTR_183,us4,0.05,139,in_seg,1,4,2,,,,,miss,miss,2,2,correct,correct
3,MTR_183,us4,0.05,140,in_seg,1,6,3,,,,,miss,miss,3,3,correct,correct
3,MTR_183,us4,0.05,141,in_seg,1,5,1,,,,,miss,miss,1,1,correct,correct
3,MTR_183,us4,0.1,137,in_seg,0,1,6,,,,,miss,miss,6,5,correct,correct
3,MTR_183,us4,0.1,138,in_seg,1,4,2,,,,,miss,miss,2,2,correct,correct
3,MTR_183,us4,0.1,139,in_seg,1,4,2,,,,,miss,miss,2,2,correct,correct
3,MTR_183,us4,0.1,140,in_seg,1,6,3,,,,,miss,miss,3,3,correct,correct
3,MTR_183,us4,0.1,141,in_seg,1,5,1,,,,,miss,miss,1,1,correct,correct
3,MTR_183,us4,0.25,137,in_seg,0,1,6,,,,,miss,miss,6,5,correct,correct
3,MTR_183,us4,0.25,138,in_seg,1,4,2,,,,,miss,miss,2,2,correct,correct
3,MTR_183,us4,0.25,139,in_seg,1,4,2,,,,,miss,miss,2,2,correct,correct
3,MTR_183,us4,0.25,140,in_seg,1,6,3,,,,,miss,miss,3,3,correct,correct
3,MTR_183,us4,0.25,141,in_seg,1,5,1,,,,,miss,miss,1,1,correct,correct
3,MTR_183,us8,0.05,137,in_seg,0,1,6,,,,,miss,miss,6,5,correct,correct
3,MTR_183,us8,0.05,138,in_seg,1,4,2,,,,,miss,miss,2,2,correct,correct
3,MTR_183,us8,0.05,139,in_seg,1,4,2,,,,,miss,miss,2,2,correct,correct
3,MTR_183,us8,0.05,140,in_seg,1,6,3,,,,,miss,miss,3,2,correct,wrong_host
3,MTR_183,us8,0.05,141,in_seg,1,5,1,,,,,miss,miss,1,1,correct,correct
3,MTR_183,us8,0.1,137,in_seg,0,1,6,,,,,miss,miss,6,5,correct,correct
3,MTR_183,us8,0.1,138,in_seg,1,4,2,,,,,miss,miss,2,2,correct,correct
3,MTR_183,us8,0.1,139,in_seg,1,4,2,,,,,miss,miss,2,2,correct,correct
3,MTR_183,us8,0.1,140,in_seg,1,6,3,,,,,miss,miss,3,2,correct,wrong_host
3,MTR_183,us8,0.1,141,in_seg,1,5,1,,,,,miss,miss,1,1,correct,correct
3,MTR_183,us8,0.25,137,in_seg,0,1,6,,,,,miss,miss,6,5,correct,correct
3,MTR_183,us8,0.25,138,in_seg,1,4,2,,,,,miss,miss,2,2,correct,correct
3,MTR_183,us8,0.25,139,in_seg,1,4,2,,,,,miss,miss,2,2,correct,correct
3,MTR_183,us8,0.25,140,in_seg,1,6,3,,,,,miss,miss,3,2,correct,wrong_host
3,MTR_183,us8,0.25,141,in_seg,1,5,1,,,,,miss,miss,1,1,correct,correct
3,MTR_183,us16,0.05,137,in_seg,0,1,6,,,,,miss,miss,6,6,correct,correct
3,MTR_183,us16,0.05,138,in_seg,1,4,2,,,,,miss,miss,2,2,correct,correct
3,MTR_183,us16,0.05,139,in_seg,1,4,2,,,,,miss,miss,2,2,correct,correct
3,MTR_183,us16,0.05,140,in_seg,1,6,3,,,,,miss,miss,3,3,correct,correct
3,MTR_183,us16,0.05,141,in_seg,1,5,1,,,,,miss,miss,1,1,correct,correct
3,MTR_183,us16,0.1,137,in_seg,0,1,6,,,,,miss,miss,6,6,correct,correct
3,MTR_183,us16,0.1,138,in_seg,1,4,2,,,,,miss,miss,2,2,correct,correct
3,MTR_183,us16,0.1,139,in_seg,1,4,2,,,,,miss,miss,2,2,correct,correct
3,MTR_183,us16,0.1,140,in_seg,1,6,3,,,,,miss,miss,3,3,correct,correct
3,MTR_183,us16,0.1,141,in_seg,1,5,1,,,,,miss,miss,1,1,correct,correct
3,MTR_183,us16,0.25,137,in_seg,0,1,6,,,,,miss,miss,6,6,correct,correct
3,MTR_183,us16,0.25,138,in_seg,1,4,2,,,,,miss,miss,2,2,correct,correct
3,MTR_183,us16,0.25,139,in_seg,1,4,2,,,,,miss,miss,2,2,correct,correct
3,MTR_183,us16,0.25,140,in_seg,1,6,3,,,,,miss,miss,3,3,correct,correct
3,MTR_183,us16,0.25,141,in_seg,1,5,1,,,,,miss,miss,1,1,correct,correct
3,MTR_184,clean,0.05,47,in_seg,0,1,5,,,,,miss,miss,5,5,correct,correct
3,MTR_184,clean,0.05,48,in_seg,0,1,5,,,,,miss,miss,5,5,correct,correct
3,MTR_184,clean,0.05,49,in_seg,0,1,6,,,,,miss,miss,6,5,correct,correct
3,MTR_184,clean,0.05,50,ligament,3,2,0,,,,,,,unknown,unknown,,
3,MTR_184,clean,0.05,51,in_seg,1,4,2,,,,,miss,miss,2,2,correct,correct
3,MTR_184,clean,0.05,52,in_seg,1,6,3,,,,,miss,miss,3,4,correct,correct
3,MTR_184,clean,0.05,53,in_seg,1,4,2,,,,,miss,miss,2,2,correct,correct
3,MTR_184,clean,0.05,54,in_seg,1,5,1,,,,,miss,miss,1,1,correct,correct
3,MTR_184,clean,0.05,55,in_seg,1,4,2,,,,,miss,miss,2,2,correct,correct
3,MTR_184,clean,0.05,56,effusion,2,-1,7,,,,,,,none,none,,
3,MTR_184,clean,0.1,47,in_seg,0,1,5,,,,,miss,miss,5,5,correct,correct
3,MTR_184,clean,0.1,48,in_seg,0,1,5,,,,,miss,miss,5,5,correct,correct
3,MTR_184,clean,0.1,49,in_seg,0,1,6,,,,,miss,miss,6,5,correct,correct
3,MTR_184,clean,0.1,50,ligament,3,2,0,,,,,,,unknown,unknown,,
3,MTR_184,clean,0.1,51,in_seg,1,4,2,,,,,miss,miss,2,2,correct,correct
3,MTR_184,clean,0.1,52,in_seg,1,6,3,,,,,miss,miss,3,4,correct,correct
3,MTR_184,clean,0.1,53,in_seg,1,4,2,,,,,miss,miss,2,2,correct,correct
3,MTR_184,clean,0.1,54,in_seg,1,5,1,,,,,miss,miss,1,1,correct,correct
3,MTR_184,clean,0.1,55,in_seg,1,4,2,,,,,miss,miss,2,2,correct,correct
3,MTR_184,clean,0.1,56,effusion,2,-1,7,,,,,,,none,none,,
3,MTR_184,clean,0.25,47,in_seg,0,1,5,,,,,miss,miss,5,5,correct,correct
3,MTR_184,clean,0.25,48,in_seg,0,1,5,,,,,miss,miss,5,5,correct,correct
3,MTR_184,clean,0.25,49,in_seg,0,1,6,,,,,miss,miss,6,5,correct,correct
3,MTR_184,clean,0.25,50,ligament,3,2,0,,,,,,,unknown,unknown,,
3,MTR_184,clean,0.25,51,in_seg,1,4,2,,,,,miss,miss,2,2,correct,correct
3,MTR_184,clean,0.25,52,in_seg,1,6,3,,,,,miss,miss,3,4,correct,correct
3,MTR_184,clean,0.25,53,in_seg,1,4,2,,,,,miss,miss,2,2,correct,correct
3,MTR_184,clean,0.25,54,in_seg,1,5,1,,,,,miss,miss,1,1,correct,correct
3,MTR_184,clean,0.25,55,in_seg,1,4,2,,,,,miss,miss,2,2,correct,correct
3,MTR_184,clean,0.25,56,effusion,2,-1,7,,,,,,,none,none,,
3,MTR_184,noise_q1,0.05,47,in_seg,0,1,5,,,,,miss,miss,5,5,correct,correct
3,MTR_184,noise_q1,0.05,48,in_seg,0,1,5,,,,,miss,miss,5,5,correct,correct
3,MTR_184,noise_q1,0.05,49,in_seg,0,1,6,,,,,miss,miss,6,6,correct,correct
3,MTR_184,noise_q1,0.05,50,ligament,3,2,0,,,,,,,unknown,unknown,,
3,MTR_184,noise_q1,0.05,51,in_seg,1,4,2,,,,,miss,miss,2,2,correct,correct
3,MTR_184,noise_q1,0.05,52,in_seg,1,6,3,,,,,miss,miss,3,4,correct,correct
3,MTR_184,noise_q1,0.05,53,in_seg,1,4,2,,,,,miss,miss,2,2,correct,correct
3,MTR_184,noise_q1,0.05,54,in_seg,1,5,1,,,,,miss,miss,1,1,correct,correct
3,MTR_184,noise_q1,0.05,55,in_seg,1,4,2,,,,,miss,miss,2,2,correct,correct
3,MTR_184,noise_q1,0.05,56,effusion,2,-1,7,,,,,,,none,none,,
3,MTR_184,noise_q1,0.1,47,in_seg,0,1,5,,,,,miss,miss,5,5,correct,correct
3,MTR_184,noise_q1,0.1,48,in_seg,0,1,5,,,,,miss,miss,5,5,correct,correct
3,MTR_184,noise_q1,0.1,49,in_seg,0,1,6,,,,,miss,miss,6,6,correct,correct
3,MTR_184,noise_q1,0.1,50,ligament,3,2,0,,,,,,,unknown,unknown,,
3,MTR_184,noise_q1,0.1,51,in_seg,1,4,2,,,,,miss,miss,2,2,correct,correct
3,MTR_184,noise_q1,0.1,52,in_seg,1,6,3,,,,,miss,miss,3,4,correct,correct
3,MTR_184,noise_q1,0.1,53,in_seg,1,4,2,,,,,miss,miss,2,2,correct,correct
3,MTR_184,noise_q1,0.1,54,in_seg,1,5,1,,,,,miss,miss,1,1,correct,correct
3,MTR_184,noise_q1,0.1,55,in_seg,1,4,2,,,,,miss,miss,2,2,correct,correct
3,MTR_184,noise_q1,0.1,56,effusion,2,-1,7,,,,,,,none,none,,
3,MTR_184,noise_q1,0.25,47,in_seg,0,1,5,,,,,miss,miss,5,5,correct,correct
3,MTR_184,noise_q1,0.25,48,in_seg,0,1,5,,,,,miss,miss,5,5,correct,correct
3,MTR_184,noise_q1,0.25,49,in_seg,0,1,6,,,,,miss,miss,6,6,correct,correct
3,MTR_184,noise_q1,0.25,50,ligament,3,2,0,,,,,,,unknown,unknown,,
3,MTR_184,noise_q1,0.25,51,in_seg,1,4,2,,,,,miss,miss,2,2,correct,correct
3,MTR_184,noise_q1,0.25,52,in_seg,1,6,3,,,,,miss,miss,3,4,correct,correct
3,MTR_184,noise_q1,0.25,53,in_seg,1,4,2,,,,,miss,miss,2,2,correct,correct
3,MTR_184,noise_q1,0.25,54,in_seg,1,5,1,,,,,miss,miss,1,1,correct,correct
3,MTR_184,noise_q1,0.25,55,in_seg,1,4,2,,,,,miss,miss,2,2,correct,correct
3,MTR_184,noise_q1,0.25,56,effusion,2,-1,7,,,,,,,none,none,,
3,MTR_184,noise_q2,0.05,47,in_seg,0,1,5,,,,,miss,miss,5,5,correct,correct
3,MTR_184,noise_q2,0.05,48,in_seg,0,1,5,,,,,miss,miss,5,5,correct,correct
3,MTR_184,noise_q2,0.05,49,in_seg,0,1,6,,,,,miss,miss,6,6,correct,correct
3,MTR_184,noise_q2,0.05,50,ligament,3,2,0,,,,,,,unknown,unknown,,
3,MTR_184,noise_q2,0.05,51,in_seg,1,4,2,,,,,miss,miss,2,2,correct,correct
3,MTR_184,noise_q2,0.05,52,in_seg,1,6,3,,,,,miss,miss,3,4,correct,correct
3,MTR_184,noise_q2,0.05,53,in_seg,1,4,2,,,,,miss,miss,2,2,correct,correct
3,MTR_184,noise_q2,0.05,54,in_seg,1,5,1,,,,,miss,miss,1,1,correct,correct
3,MTR_184,noise_q2,0.05,55,in_seg,1,4,2,,,,,miss,miss,2,2,correct,correct
3,MTR_184,noise_q2,0.05,56,effusion,2,-1,7,,,,,,,none,none,,
3,MTR_184,noise_q2,0.1,47,in_seg,0,1,5,,,,,miss,miss,5,5,correct,correct
3,MTR_184,noise_q2,0.1,48,in_seg,0,1,5,,,,,miss,miss,5,5,correct,correct
3,MTR_184,noise_q2,0.1,49,in_seg,0,1,6,,,,,miss,miss,6,6,correct,correct
3,MTR_184,noise_q2,0.1,50,ligament,3,2,0,,,,,,,unknown,unknown,,
3,MTR_184,noise_q2,0.1,51,in_seg,1,4,2,,,,,miss,miss,2,2,correct,correct
3,MTR_184,noise_q2,0.1,52,in_seg,1,6,3,,,,,miss,miss,3,4,correct,correct
3,MTR_184,noise_q2,0.1,53,in_seg,1,4,2,,,,,miss,miss,2,2,correct,correct
3,MTR_184,noise_q2,0.1,54,in_seg,1,5,1,,,,,miss,miss,1,1,correct,correct
3,MTR_184,noise_q2,0.1,55,in_seg,1,4,2,,,,,miss,miss,2,2,correct,correct
3,MTR_184,noise_q2,0.1,56,effusion,2,-1,7,,,,,,,none,none,,
3,MTR_184,noise_q2,0.25,47,in_seg,0,1,5,,,,,miss,miss,5,5,correct,correct
3,MTR_184,noise_q2,0.25,48,in_seg,0,1,5,,,,,miss,miss,5,5,correct,correct
3,MTR_184,noise_q2,0.25,49,in_seg,0,1,6,,,,,miss,miss,6,6,correct,correct
3,MTR_184,noise_q2,0.25,50,ligament,3,2,0,,,,,,,unknown,unknown,,
3,MTR_184,noise_q2,0.25,51,in_seg,1,4,2,,,,,miss,miss,2,2,correct,correct
3,MTR_184,noise_q2,0.25,52,in_seg,1,6,3,,,,,miss,miss,3,4,correct,correct
3,MTR_184,noise_q2,0.25,53,in_seg,1,4,2,,,,,miss,miss,2,2,correct,correct
3,MTR_184,noise_q2,0.25,54,in_seg,1,5,1,,,,,miss,miss,1,1,correct,correct
3,MTR_184,noise_q2,0.25,55,in_seg,1,4,2,,,,,miss,miss,2,2,correct,correct
3,MTR_184,noise_q2,0.25,56,effusion,2,-1,7,,,,,,,none,none,,
3,MTR_184,noise_q3,0.05,47,in_seg,0,1,5,,,,,miss,miss,5,5,correct,correct
3,MTR_184,noise_q3,0.05,48,in_seg,0,1,5,,,,,miss,miss,5,5,correct,correct
3,MTR_184,noise_q3,0.05,49,in_seg,0,1,6,,,,,miss,miss,6,6,correct,correct
3,MTR_184,noise_q3,0.05,50,ligament,3,2,0,,,,,,,unknown,unknown,,
3,MTR_184,noise_q3,0.05,51,in_seg,1,4,2,,,,,miss,miss,2,2,correct,correct
3,MTR_184,noise_q3,0.05,52,in_seg,1,6,3,,,,,miss,miss,3,4,correct,correct
3,MTR_184,noise_q3,0.05,53,in_seg,1,4,2,,,,,miss,miss,2,2,correct,correct
3,MTR_184,noise_q3,0.05,54,in_seg,1,5,1,,,,,miss,miss,1,1,correct,correct
3,MTR_184,noise_q3,0.05,55,in_seg,1,4,2,,,,,miss,miss,2,2,correct,correct
3,MTR_184,noise_q3,0.05,56,effusion,2,-1,7,,,,,,,none,none,,
3,MTR_184,noise_q3,0.1,47,in_seg,0,1,5,,,,,miss,miss,5,5,correct,correct
3,MTR_184,noise_q3,0.1,48,in_seg,0,1,5,,,,,miss,miss,5,5,correct,correct
3,MTR_184,noise_q3,0.1,49,in_seg,0,1,6,,,,,miss,miss,6,6,correct,correct
3,MTR_184,noise_q3,0.1,50,ligament,3,2,0,,,,,,,unknown,unknown,,
3,MTR_184,noise_q3,0.1,51,in_seg,1,4,2,,,,,miss,miss,2,2,correct,correct
3,MTR_184,noise_q3,0.1,52,in_seg,1,6,3,,,,,miss,miss,3,4,correct,correct
3,MTR_184,noise_q3,0.1,53,in_seg,1,4,2,,,,,miss,miss,2,2,correct,correct
3,MTR_184,noise_q3,0.1,54,in_seg,1,5,1,,,,,miss,miss,1,1,correct,correct
3,MTR_184,noise_q3,0.1,55,in_seg,1,4,2,,,,,miss,miss,2,2,correct,correct
3,MTR_184,noise_q3,0.1,56,effusion,2,-1,7,,,,,,,none,none,,
3,MTR_184,noise_q3,0.25,47,in_seg,0,1,5,,,,,miss,miss,5,5,correct,correct
3,MTR_184,noise_q3,0.25,48,in_seg,0,1,5,,,,,miss,miss,5,5,correct,correct
3,MTR_184,noise_q3,0.25,49,in_seg,0,1,6,,,,,miss,miss,6,6,correct,correct
3,MTR_184,noise_q3,0.25,50,ligament,3,2,0,,,,,,,unknown,unknown,,
3,MTR_184,noise_q3,0.25,51,in_seg,1,4,2,,,,,miss,miss,2,2,correct,correct
3,MTR_184,noise_q3,0.25,52,in_seg,1,6,3,,,,,miss,miss,3,4,correct,correct
3,MTR_184,noise_q3,0.25,53,in_seg,1,4,2,,,,,miss,miss,2,2,correct,correct
3,MTR_184,noise_q3,0.25,54,in_seg,1,5,1,,,,,miss,miss,1,1,correct,correct
3,MTR_184,noise_q3,0.25,55,in_seg,1,4,2,,,,,miss,miss,2,2,correct,correct
3,MTR_184,noise_q3,0.25,56,effusion,2,-1,7,,,,,,,none,none,,
3,MTR_184,us4,0.05,47,in_seg,0,1,5,,,,,miss,miss,5,5,correct,correct
3,MTR_184,us4,0.05,48,in_seg,0,1,5,,,,,miss,miss,5,5,correct,correct
3,MTR_184,us4,0.05,49,in_seg,0,1,6,,,,,miss,miss,6,5,correct,correct
3,MTR_184,us4,0.05,50,ligament,3,2,0,,,,,,,unknown,unknown,,
3,MTR_184,us4,0.05,51,in_seg,1,4,2,,,,,miss,miss,2,2,correct,correct
3,MTR_184,us4,0.05,52,in_seg,1,6,3,,,,,miss,miss,3,4,correct,correct
3,MTR_184,us4,0.05,53,in_seg,1,4,2,,,,,miss,miss,2,2,correct,correct
3,MTR_184,us4,0.05,54,in_seg,1,5,1,,,,,miss,miss,1,1,correct,correct
3,MTR_184,us4,0.05,55,in_seg,1,4,2,,,,,miss,miss,2,2,correct,correct
3,MTR_184,us4,0.05,56,effusion,2,-1,7,,,,,,,none,none,,
3,MTR_184,us4,0.1,47,in_seg,0,1,5,,,,,miss,miss,5,5,correct,correct
3,MTR_184,us4,0.1,48,in_seg,0,1,5,,,,,miss,miss,5,5,correct,correct
3,MTR_184,us4,0.1,49,in_seg,0,1,6,,,,,miss,miss,6,5,correct,correct
3,MTR_184,us4,0.1,50,ligament,3,2,0,,,,,,,unknown,unknown,,
3,MTR_184,us4,0.1,51,in_seg,1,4,2,,,,,miss,miss,2,2,correct,correct
3,MTR_184,us4,0.1,52,in_seg,1,6,3,,,,,miss,miss,3,4,correct,correct
3,MTR_184,us4,0.1,53,in_seg,1,4,2,,,,,miss,miss,2,2,correct,correct
3,MTR_184,us4,0.1,54,in_seg,1,5,1,,,,,miss,miss,1,1,correct,correct
3,MTR_184,us4,0.1,55,in_seg,1,4,2,,,,,miss,miss,2,2,correct,correct
3,MTR_184,us4,0.1,56,effusion,2,-1,7,,,,,,,none,none,,
3,MTR_184,us4,0.25,47,in_seg,0,1,5,,,,,miss,miss,5,5,correct,correct
3,MTR_184,us4,0.25,48,in_seg,0,1,5,,,,,miss,miss,5,5,correct,correct
3,MTR_184,us4,0.25,49,in_seg,0,1,6,,,,,miss,miss,6,5,correct,correct
3,MTR_184,us4,0.25,50,ligament,3,2,0,,,,,,,unknown,unknown,,
3,MTR_184,us4,0.25,51,in_seg,1,4,2,,,,,miss,miss,2,2,correct,correct
3,MTR_184,us4,0.25,52,in_seg,1,6,3,,,,,miss,miss,3,4,correct,correct
3,MTR_184,us4,0.25,53,in_seg,1,4,2,,,,,miss,miss,2,2,correct,correct
3,MTR_184,us4,0.25,54,in_seg,1,5,1,,,,,miss,miss,1,1,correct,correct
3,MTR_184,us4,0.25,55,in_seg,1,4,2,,,,,miss,miss,2,2,correct,correct
3,MTR_184,us4,0.25,56,effusion,2,-1,7,,,,,,,none,none,,
3,MTR_184,us8,0.05,47,in_seg,0,1,5,,,,,miss,miss,5,5,correct,correct
3,MTR_184,us8,0.05,48,in_seg,0,1,5,,,,,miss,miss,5,5,correct,correct
3,MTR_184,us8,0.05,49,in_seg,0,1,6,,,,,miss,miss,6,5,correct,correct
3,MTR_184,us8,0.05,50,ligament,3,2,0,,,,,,,unknown,unknown,,
3,MTR_184,us8,0.05,51,in_seg,1,4,2,,,,,miss,miss,2,2,correct,correct
3,MTR_184,us8,0.05,52,in_seg,1,6,3,,,,,miss,miss,3,4,correct,correct
3,MTR_184,us8,0.05,53,in_seg,1,4,2,,,,,miss,miss,2,2,correct,correct
3,MTR_184,us8,0.05,54,in_seg,1,5,1,,,,,miss,miss,1,1,correct,correct
3,MTR_184,us8,0.05,55,in_seg,1,4,2,,,,,miss,miss,2,2,correct,correct
3,MTR_184,us8,0.05,56,effusion,2,-1,7,,,,,,,none,none,,
3,MTR_184,us8,0.1,47,in_seg,0,1,5,,,,,miss,miss,5,5,correct,correct
3,MTR_184,us8,0.1,48,in_seg,0,1,5,,,,,miss,miss,5,5,correct,correct
3,MTR_184,us8,0.1,49,in_seg,0,1,6,,,,,miss,miss,6,5,correct,correct
3,MTR_184,us8,0.1,50,ligament,3,2,0,,,,,,,unknown,unknown,,
3,MTR_184,us8,0.1,51,in_seg,1,4,2,,,,,miss,miss,2,2,correct,correct
3,MTR_184,us8,0.1,52,in_seg,1,6,3,,,,,miss,miss,3,4,correct,correct
3,MTR_184,us8,0.1,53,in_seg,1,4,2,,,,,miss,miss,2,2,correct,correct
3,MTR_184,us8,0.1,54,in_seg,1,5,1,,,,,miss,miss,1,1,correct,correct
3,MTR_184,us8,0.1,55,in_seg,1,4,2,,,,,miss,miss,2,2,correct,correct
3,MTR_184,us8,0.1,56,effusion,2,-1,7,,,,,,,none,none,,
3,MTR_184,us8,0.25,47,in_seg,0,1,5,,,,,miss,miss,5,5,correct,correct
3,MTR_184,us8,0.25,48,in_seg,0,1,5,,,,,miss,miss,5,5,correct,correct
3,MTR_184,us8,0.25,49,in_seg,0,1,6,,,,,miss,miss,6,5,correct,correct
3,MTR_184,us8,0.25,50,ligament,3,2,0,,,,,,,unknown,unknown,,
3,MTR_184,us8,0.25,51,in_seg,1,4,2,,,,,miss,miss,2,2,correct,correct
3,MTR_184,us8,0.25,52,in_seg,1,6,3,,,,,miss,miss,3,4,correct,correct
3,MTR_184,us8,0.25,53,in_seg,1,4,2,,,,,miss,miss,2,2,correct,correct
3,MTR_184,us8,0.25,54,in_seg,1,5,1,,,,,miss,miss,1,1,correct,correct
3,MTR_184,us8,0.25,55,in_seg,1,4,2,,,,,miss,miss,2,2,correct,correct
3,MTR_184,us8,0.25,56,effusion,2,-1,7,,,,,,,none,none,,
3,MTR_184,us16,0.05,47,in_seg,0,1,5,,,,,miss,miss,5,5,correct,correct
3,MTR_184,us16,0.05,48,in_seg,0,1,5,,,,,miss,miss,5,6,correct,correct
3,MTR_184,us16,0.05,49,in_seg,0,1,6,,,,,miss,miss,6,6,correct,correct
3,MTR_184,us16,0.05,50,ligament,3,2,0,,,,,,,unknown,unknown,,
3,MTR_184,us16,0.05,51,in_seg,1,4,2,,,,,miss,miss,2,2,correct,correct
3,MTR_184,us16,0.05,52,in_seg,1,6,3,,,,,miss,miss,3,3,correct,correct
3,MTR_184,us16,0.05,53,in_seg,1,4,2,,,,,miss,miss,2,2,correct,correct
3,MTR_184,us16,0.05,54,in_seg,1,5,1,,,,,miss,miss,1,1,correct,correct
3,MTR_184,us16,0.05,55,in_seg,1,4,2,,,,,miss,miss,2,2,correct,correct
3,MTR_184,us16,0.05,56,effusion,2,-1,7,,,,,,,none,none,,
3,MTR_184,us16,0.1,47,in_seg,0,1,5,,,,,miss,miss,5,5,correct,correct
3,MTR_184,us16,0.1,48,in_seg,0,1,5,,,,,miss,miss,5,6,correct,correct
3,MTR_184,us16,0.1,49,in_seg,0,1,6,,,,,miss,miss,6,6,correct,correct
3,MTR_184,us16,0.1,50,ligament,3,2,0,,,,,,,unknown,unknown,,
3,MTR_184,us16,0.1,51,in_seg,1,4,2,,,,,miss,miss,2,2,correct,correct
3,MTR_184,us16,0.1,52,in_seg,1,6,3,,,,,miss,miss,3,3,correct,correct
3,MTR_184,us16,0.1,53,in_seg,1,4,2,,,,,miss,miss,2,2,correct,correct
3,MTR_184,us16,0.1,54,in_seg,1,5,1,,,,,miss,miss,1,1,correct,correct
3,MTR_184,us16,0.1,55,in_seg,1,4,2,,,,,miss,miss,2,2,correct,correct
3,MTR_184,us16,0.1,56,effusion,2,-1,7,,,,,,,none,none,,
3,MTR_184,us16,0.25,47,in_seg,0,1,5,,,,,miss,miss,5,5,correct,correct
3,MTR_184,us16,0.25,48,in_seg,0,1,5,,,,,miss,miss,5,6,correct,correct
3,MTR_184,us16,0.25,49,in_seg,0,1,6,,,,,miss,miss,6,6,correct,correct
3,MTR_184,us16,0.25,50,ligament,3,2,0,,,,,,,unknown,unknown,,
3,MTR_184,us16,0.25,51,in_seg,1,4,2,,,,,miss,miss,2,2,correct,correct
3,MTR_184,us16,0.25,52,in_seg,1,6,3,,,,,miss,miss,3,3,correct,correct
3,MTR_184,us16,0.25,53,in_seg,1,4,2,,,,,miss,miss,2,2,correct,correct
3,MTR_184,us16,0.25,54,in_seg,1,5,1,,,,,miss,miss,1,1,correct,correct
3,MTR_184,us16,0.25,55,in_seg,1,4,2,,,,,miss,miss,2,2,correct,correct
3,MTR_184,us16,0.25,56,effusion,2,-1,7,,,,,,,none,none,,
4,MTR_186,clean,0.05,201,in_seg,1,5,1,,,,,miss,miss,1,1,correct,correct
4,MTR_186,clean,0.05,202,in_seg,1,6,4,,,,,miss,miss,4,4,correct,correct
4,MTR_186,clean,0.1,201,in_seg,1,5,1,,,,,miss,miss,1,1,correct,correct
4,MTR_186,clean,0.1,202,in_seg,1,6,4,,,,,miss,miss,4,4,correct,correct
4,MTR_186,clean,0.25,201,in_seg,1,5,1,,,,,miss,miss,1,1,correct,correct
4,MTR_186,clean,0.25,202,in_seg,1,6,4,,,,,miss,miss,4,4,correct,correct
4,MTR_186,noise_q1,0.05,201,in_seg,1,5,1,,,,,miss,miss,1,1,correct,correct
4,MTR_186,noise_q1,0.05,202,in_seg,1,6,4,,,,,miss,miss,4,4,correct,correct
4,MTR_186,noise_q1,0.1,201,in_seg,1,5,1,,,,,miss,miss,1,1,correct,correct
4,MTR_186,noise_q1,0.1,202,in_seg,1,6,4,,,,,miss,miss,4,4,correct,correct
4,MTR_186,noise_q1,0.25,201,in_seg,1,5,1,,,,,miss,miss,1,1,correct,correct
4,MTR_186,noise_q1,0.25,202,in_seg,1,6,4,,,,,miss,miss,4,4,correct,correct
4,MTR_186,noise_q2,0.05,201,in_seg,1,5,1,,,,,miss,miss,1,1,correct,correct
4,MTR_186,noise_q2,0.05,202,in_seg,1,6,4,,,,,miss,miss,4,4,correct,correct
4,MTR_186,noise_q2,0.1,201,in_seg,1,5,1,,,,,miss,miss,1,1,correct,correct
4,MTR_186,noise_q2,0.1,202,in_seg,1,6,4,,,,,miss,miss,4,4,correct,correct
4,MTR_186,noise_q2,0.25,201,in_seg,1,5,1,,,,,miss,miss,1,1,correct,correct
4,MTR_186,noise_q2,0.25,202,in_seg,1,6,4,,,,,miss,miss,4,4,correct,correct
4,MTR_186,noise_q3,0.05,201,in_seg,1,5,1,,,,,miss,miss,1,1,correct,correct
4,MTR_186,noise_q3,0.05,202,in_seg,1,6,4,,,,,miss,miss,4,4,correct,correct
4,MTR_186,noise_q3,0.1,201,in_seg,1,5,1,,,,,miss,miss,1,1,correct,correct
4,MTR_186,noise_q3,0.1,202,in_seg,1,6,4,,,,,miss,miss,4,4,correct,correct
4,MTR_186,noise_q3,0.25,201,in_seg,1,5,1,,,,,miss,miss,1,1,correct,correct
4,MTR_186,noise_q3,0.25,202,in_seg,1,6,4,,,,,miss,miss,4,4,correct,correct
4,MTR_186,us4,0.05,201,in_seg,1,5,1,,,,,miss,miss,1,1,correct,correct
4,MTR_186,us4,0.05,202,in_seg,1,6,4,,,,,miss,miss,4,4,correct,correct
4,MTR_186,us4,0.1,201,in_seg,1,5,1,,,,,miss,miss,1,1,correct,correct
4,MTR_186,us4,0.1,202,in_seg,1,6,4,,,,,miss,miss,4,4,correct,correct
4,MTR_186,us4,0.25,201,in_seg,1,5,1,,,,,miss,miss,1,1,correct,correct
4,MTR_186,us4,0.25,202,in_seg,1,6,4,,,,,miss,miss,4,4,correct,correct
4,MTR_186,us8,0.05,201,in_seg,1,5,1,,,,,miss,miss,1,1,correct,correct
4,MTR_186,us8,0.05,202,in_seg,1,6,4,,,,,miss,miss,4,4,correct,correct
4,MTR_186,us8,0.1,201,in_seg,1,5,1,,,,,miss,miss,1,1,correct,correct
4,MTR_186,us8,0.1,202,in_seg,1,6,4,,,,,miss,miss,4,4,correct,correct
4,MTR_186,us8,0.25,201,in_seg,1,5,1,,,,,miss,miss,1,1,correct,correct
4,MTR_186,us8,0.25,202,in_seg,1,6,4,,,,,miss,miss,4,4,correct,correct
4,MTR_186,us16,0.05,201,in_seg,1,5,1,,,,,miss,miss,1,1,correct,correct
4,MTR_186,us16,0.05,202,in_seg,1,6,4,,,,,miss,miss,4,4,correct,correct
4,MTR_186,us16,0.1,201,in_seg,1,5,1,,,,,miss,miss,1,1,correct,correct
4,MTR_186,us16,0.1,202,in_seg,1,6,4,,,,,miss,miss,4,4,correct,correct
4,MTR_186,us16,0.25,201,in_seg,1,5,1,,,,,miss,miss,1,1,correct,correct
4,MTR_186,us16,0.25,202,in_seg,1,6,4,,,,,miss,miss,4,4,correct,correct
1,MTR_188,clean,0.05,8,effusion,2,-1,7,,,,,,,none,none,,
1,MTR_188,clean,0.05,9,effusion,2,-1,7,,,,,,,none,none,,
1,MTR_188,clean,0.05,10,in_seg,0,1,5,,,,,miss,miss,5,5,correct,correct
1,MTR_188,clean,0.05,11,in_seg,1,4,2,,,,,miss,miss,2,2,correct,correct
1,MTR_188,clean,0.05,12,in_seg,1,4,2,,,,,miss,miss,2,2,correct,correct
1,MTR_188,clean,0.1,8,effusion,2,-1,7,,,,,,,none,none,,
1,MTR_188,clean,0.1,9,effusion,2,-1,7,,,,,,,none,none,,
1,MTR_188,clean,0.1,10,in_seg,0,1,5,,,,,miss,miss,5,5,correct,correct
1,MTR_188,clean,0.1,11,in_seg,1,4,2,,,,,miss,miss,2,2,correct,correct
1,MTR_188,clean,0.1,12,in_seg,1,4,2,,,,,miss,miss,2,2,correct,correct
1,MTR_188,clean,0.25,8,effusion,2,-1,7,,,,,,,none,none,,
1,MTR_188,clean,0.25,9,effusion,2,-1,7,,,,,,,none,none,,
1,MTR_188,clean,0.25,10,in_seg,0,1,5,,,,,miss,miss,5,5,correct,correct
1,MTR_188,clean,0.25,11,in_seg,1,4,2,,,,,miss,miss,2,2,correct,correct
1,MTR_188,clean,0.25,12,in_seg,1,4,2,,,,,miss,miss,2,2,correct,correct
1,MTR_188,noise_q1,0.05,8,effusion,2,-1,7,,,,,,,none,none,,
1,MTR_188,noise_q1,0.05,9,effusion,2,-1,7,,,,,,,none,none,,
1,MTR_188,noise_q1,0.05,10,in_seg,0,1,5,,,,,miss,miss,5,5,correct,correct
1,MTR_188,noise_q1,0.05,11,in_seg,1,4,2,,,,,miss,miss,2,2,correct,correct
1,MTR_188,noise_q1,0.05,12,in_seg,1,4,2,,,,,miss,miss,2,2,correct,correct
1,MTR_188,noise_q1,0.1,8,effusion,2,-1,7,,,,,,,none,none,,
1,MTR_188,noise_q1,0.1,9,effusion,2,-1,7,,,,,,,none,none,,
1,MTR_188,noise_q1,0.1,10,in_seg,0,1,5,,,,,miss,miss,5,5,correct,correct
1,MTR_188,noise_q1,0.1,11,in_seg,1,4,2,,,,,miss,miss,2,2,correct,correct
1,MTR_188,noise_q1,0.1,12,in_seg,1,4,2,,,,,miss,miss,2,2,correct,correct
1,MTR_188,noise_q1,0.25,8,effusion,2,-1,7,,,,,,,none,none,,
1,MTR_188,noise_q1,0.25,9,effusion,2,-1,7,,,,,,,none,none,,
1,MTR_188,noise_q1,0.25,10,in_seg,0,1,5,,,,,miss,miss,5,5,correct,correct
1,MTR_188,noise_q1,0.25,11,in_seg,1,4,2,,,,,miss,miss,2,2,correct,correct
1,MTR_188,noise_q1,0.25,12,in_seg,1,4,2,,,,,miss,miss,2,2,correct,correct
1,MTR_188,noise_q2,0.05,8,effusion,2,-1,7,,,,,,,none,none,,
1,MTR_188,noise_q2,0.05,9,effusion,2,-1,7,,,,,,,none,none,,
1,MTR_188,noise_q2,0.05,10,in_seg,0,1,5,,,,,miss,miss,5,5,correct,correct
1,MTR_188,noise_q2,0.05,11,in_seg,1,4,2,,,,,miss,miss,2,2,correct,correct
1,MTR_188,noise_q2,0.05,12,in_seg,1,4,2,,,,,miss,miss,2,2,correct,correct
1,MTR_188,noise_q2,0.1,8,effusion,2,-1,7,,,,,,,none,none,,
1,MTR_188,noise_q2,0.1,9,effusion,2,-1,7,,,,,,,none,none,,
1,MTR_188,noise_q2,0.1,10,in_seg,0,1,5,,,,,miss,miss,5,5,correct,correct
1,MTR_188,noise_q2,0.1,11,in_seg,1,4,2,,,,,miss,miss,2,2,correct,correct
1,MTR_188,noise_q2,0.1,12,in_seg,1,4,2,,,,,miss,miss,2,2,correct,correct
1,MTR_188,noise_q2,0.25,8,effusion,2,-1,7,,,,,,,none,none,,
1,MTR_188,noise_q2,0.25,9,effusion,2,-1,7,,,,,,,none,none,,
1,MTR_188,noise_q2,0.25,10,in_seg,0,1,5,,,,,miss,miss,5,5,correct,correct
1,MTR_188,noise_q2,0.25,11,in_seg,1,4,2,,,,,miss,miss,2,2,correct,correct
1,MTR_188,noise_q2,0.25,12,in_seg,1,4,2,,,,,miss,miss,2,2,correct,correct
1,MTR_188,noise_q3,0.05,8,effusion,2,-1,7,,,,,,,none,none,,
1,MTR_188,noise_q3,0.05,9,effusion,2,-1,7,,,,,,,none,none,,
1,MTR_188,noise_q3,0.05,10,in_seg,0,1,5,,,,,miss,miss,5,5,correct,correct
1,MTR_188,noise_q3,0.05,11,in_seg,1,4,2,,,,,miss,miss,2,2,correct,correct
1,MTR_188,noise_q3,0.05,12,in_seg,1,4,2,,,,,miss,miss,2,2,correct,correct
1,MTR_188,noise_q3,0.1,8,effusion,2,-1,7,,,,,,,none,none,,
1,MTR_188,noise_q3,0.1,9,effusion,2,-1,7,,,,,,,none,none,,
1,MTR_188,noise_q3,0.1,10,in_seg,0,1,5,,,,,miss,miss,5,5,correct,correct
1,MTR_188,noise_q3,0.1,11,in_seg,1,4,2,,,,,miss,miss,2,2,correct,correct
1,MTR_188,noise_q3,0.1,12,in_seg,1,4,2,,,,,miss,miss,2,2,correct,correct
1,MTR_188,noise_q3,0.25,8,effusion,2,-1,7,,,,,,,none,none,,
1,MTR_188,noise_q3,0.25,9,effusion,2,-1,7,,,,,,,none,none,,
1,MTR_188,noise_q3,0.25,10,in_seg,0,1,5,,,,,miss,miss,5,5,correct,correct
1,MTR_188,noise_q3,0.25,11,in_seg,1,4,2,,,,,miss,miss,2,2,correct,correct
1,MTR_188,noise_q3,0.25,12,in_seg,1,4,2,,,,,miss,miss,2,2,correct,correct
1,MTR_188,us4,0.05,8,effusion,2,-1,7,,,,,,,none,none,,
1,MTR_188,us4,0.05,9,effusion,2,-1,7,,,,,,,none,none,,
1,MTR_188,us4,0.05,10,in_seg,0,1,5,,,,,miss,miss,5,5,correct,correct
1,MTR_188,us4,0.05,11,in_seg,1,4,2,,,,,miss,miss,2,2,correct,correct
1,MTR_188,us4,0.05,12,in_seg,1,4,2,,,,,miss,miss,2,2,correct,correct
1,MTR_188,us4,0.1,8,effusion,2,-1,7,,,,,,,none,none,,
1,MTR_188,us4,0.1,9,effusion,2,-1,7,,,,,,,none,none,,
1,MTR_188,us4,0.1,10,in_seg,0,1,5,,,,,miss,miss,5,5,correct,correct
1,MTR_188,us4,0.1,11,in_seg,1,4,2,,,,,miss,miss,2,2,correct,correct
1,MTR_188,us4,0.1,12,in_seg,1,4,2,,,,,miss,miss,2,2,correct,correct
1,MTR_188,us4,0.25,8,effusion,2,-1,7,,,,,,,none,none,,
1,MTR_188,us4,0.25,9,effusion,2,-1,7,,,,,,,none,none,,
1,MTR_188,us4,0.25,10,in_seg,0,1,5,,,,,miss,miss,5,5,correct,correct
1,MTR_188,us4,0.25,11,in_seg,1,4,2,,,,,miss,miss,2,2,correct,correct
1,MTR_188,us4,0.25,12,in_seg,1,4,2,,,,,miss,miss,2,2,correct,correct
1,MTR_188,us8,0.05,8,effusion,2,-1,7,,,,,,,none,none,,
1,MTR_188,us8,0.05,9,effusion,2,-1,7,,,,,,,none,none,,
1,MTR_188,us8,0.05,10,in_seg,0,1,5,,,,,miss,miss,5,5,correct,correct
1,MTR_188,us8,0.05,11,in_seg,1,4,2,,,,,miss,miss,2,2,correct,correct
1,MTR_188,us8,0.05,12,in_seg,1,4,2,,,,,miss,miss,2,2,correct,correct
1,MTR_188,us8,0.1,8,effusion,2,-1,7,,,,,,,none,none,,
1,MTR_188,us8,0.1,9,effusion,2,-1,7,,,,,,,none,none,,
1,MTR_188,us8,0.1,10,in_seg,0,1,5,,,,,miss,miss,5,5,correct,correct
1,MTR_188,us8,0.1,11,in_seg,1,4,2,,,,,miss,miss,2,2,correct,correct
1,MTR_188,us8,0.1,12,in_seg,1,4,2,,,,,miss,miss,2,2,correct,correct
1,MTR_188,us8,0.25,8,effusion,2,-1,7,,,,,,,none,none,,
1,MTR_188,us8,0.25,9,effusion,2,-1,7,,,,,,,none,none,,
1,MTR_188,us8,0.25,10,in_seg,0,1,5,,,,,miss,miss,5,5,correct,correct
1,MTR_188,us8,0.25,11,in_seg,1,4,2,,,,,miss,miss,2,2,correct,correct
1,MTR_188,us8,0.25,12,in_seg,1,4,2,,,,,miss,miss,2,2,correct,correct
1,MTR_188,us16,0.05,8,effusion,2,-1,7,,,,,,,none,none,,
1,MTR_188,us16,0.05,9,effusion,2,-1,7,,,,,,,none,none,,
1,MTR_188,us16,0.05,10,in_seg,0,1,5,,,,,miss,miss,5,5,correct,correct
1,MTR_188,us16,0.05,11,in_seg,1,4,2,,,,,miss,miss,2,2,correct,correct
1,MTR_188,us16,0.05,12,in_seg,1,4,2,,,,,miss,miss,2,2,correct,correct
1,MTR_188,us16,0.1,8,effusion,2,-1,7,,,,,,,none,none,,
1,MTR_188,us16,0.1,9,effusion,2,-1,7,,,,,,,none,none,,
1,MTR_188,us16,0.1,10,in_seg,0,1,5,,,,,miss,miss,5,5,correct,correct
1,MTR_188,us16,0.1,11,in_seg,1,4,2,,,,,miss,miss,2,2,correct,correct
1,MTR_188,us16,0.1,12,in_seg,1,4,2,,,,,miss,miss,2,2,correct,correct
1,MTR_188,us16,0.25,8,effusion,2,-1,7,,,,,,,none,none,,
1,MTR_188,us16,0.25,9,effusion,2,-1,7,,,,,,,none,none,,
1,MTR_188,us16,0.25,10,in_seg,0,1,5,,,,,miss,miss,5,5,correct,correct
1,MTR_188,us16,0.25,11,in_seg,1,4,2,,,,,miss,miss,2,2,correct,correct
1,MTR_188,us16,0.25,12,in_seg,1,4,2,,,,,miss,miss,2,2,correct,correct
2,MTR_189,clean,0.05,55,in_seg,1,4,2,,,,,miss,miss,2,2,correct,correct
2,MTR_189,clean,0.05,56,in_seg,1,6,4,,,,,miss,miss,4,3,correct,correct
2,MTR_189,clean,0.1,55,in_seg,1,4,2,,,,,miss,miss,2,2,correct,correct
2,MTR_189,clean,0.1,56,in_seg,1,6,4,,,,,miss,miss,4,3,correct,correct
2,MTR_189,clean,0.25,55,in_seg,1,4,2,,,,,miss,miss,2,2,correct,correct
2,MTR_189,clean,0.25,56,in_seg,1,6,4,,,,,miss,miss,4,3,correct,correct
2,MTR_189,noise_q1,0.05,55,in_seg,1,4,2,,,,,miss,miss,2,2,correct,correct
2,MTR_189,noise_q1,0.05,56,in_seg,1,6,4,,,,,miss,miss,4,3,correct,correct
2,MTR_189,noise_q1,0.1,55,in_seg,1,4,2,,,,,miss,miss,2,2,correct,correct
2,MTR_189,noise_q1,0.1,56,in_seg,1,6,4,,,,,miss,miss,4,3,correct,correct
2,MTR_189,noise_q1,0.25,55,in_seg,1,4,2,,,,,miss,miss,2,2,correct,correct
2,MTR_189,noise_q1,0.25,56,in_seg,1,6,4,,,,,miss,miss,4,3,correct,correct
2,MTR_189,noise_q2,0.05,55,in_seg,1,4,2,,,,,miss,miss,2,2,correct,correct
2,MTR_189,noise_q2,0.05,56,in_seg,1,6,4,,,,,miss,miss,4,3,correct,correct
2,MTR_189,noise_q2,0.1,55,in_seg,1,4,2,,,,,miss,miss,2,2,correct,correct
2,MTR_189,noise_q2,0.1,56,in_seg,1,6,4,,,,,miss,miss,4,3,correct,correct
2,MTR_189,noise_q2,0.25,55,in_seg,1,4,2,,,,,miss,miss,2,2,correct,correct
2,MTR_189,noise_q2,0.25,56,in_seg,1,6,4,,,,,miss,miss,4,3,correct,correct
2,MTR_189,noise_q3,0.05,55,in_seg,1,4,2,,,,,miss,miss,2,2,correct,correct
2,MTR_189,noise_q3,0.05,56,in_seg,1,6,4,,,,,miss,miss,4,4,correct,correct
2,MTR_189,noise_q3,0.1,55,in_seg,1,4,2,,,,,miss,miss,2,2,correct,correct
2,MTR_189,noise_q3,0.1,56,in_seg,1,6,4,,,,,miss,miss,4,4,correct,correct
2,MTR_189,noise_q3,0.25,55,in_seg,1,4,2,,,,,miss,miss,2,2,correct,correct
2,MTR_189,noise_q3,0.25,56,in_seg,1,6,4,,,,,miss,miss,4,4,correct,correct
2,MTR_189,us4,0.05,55,in_seg,1,4,2,,,,,miss,miss,2,2,correct,correct
2,MTR_189,us4,0.05,56,in_seg,1,6,4,,,,,miss,miss,4,4,correct,correct
2,MTR_189,us4,0.1,55,in_seg,1,4,2,,,,,miss,miss,2,2,correct,correct
2,MTR_189,us4,0.1,56,in_seg,1,6,4,,,,,miss,miss,4,4,correct,correct
2,MTR_189,us4,0.25,55,in_seg,1,4,2,,,,,miss,miss,2,2,correct,correct
2,MTR_189,us4,0.25,56,in_seg,1,6,4,,,,,miss,miss,4,4,correct,correct
2,MTR_189,us8,0.05,55,in_seg,1,4,2,,,,,miss,miss,2,2,correct,correct
2,MTR_189,us8,0.05,56,in_seg,1,6,4,,,,,miss,miss,4,4,correct,correct
2,MTR_189,us8,0.1,55,in_seg,1,4,2,,,,,miss,miss,2,2,correct,correct
2,MTR_189,us8,0.1,56,in_seg,1,6,4,,,,,miss,miss,4,4,correct,correct
2,MTR_189,us8,0.25,55,in_seg,1,4,2,,,,,miss,miss,2,2,correct,correct
2,MTR_189,us8,0.25,56,in_seg,1,6,4,,,,,miss,miss,4,4,correct,correct
2,MTR_189,us16,0.05,55,in_seg,1,4,2,,,,,miss,miss,2,2,correct,correct
2,MTR_189,us16,0.05,56,in_seg,1,6,4,,,,,miss,miss,4,4,correct,correct
2,MTR_189,us16,0.1,55,in_seg,1,4,2,,,,,miss,miss,2,2,correct,correct
2,MTR_189,us16,0.1,56,in_seg,1,6,4,,,,,miss,miss,4,4,correct,correct
2,MTR_189,us16,0.25,55,in_seg,1,4,2,,,,,miss,miss,2,2,correct,correct
2,MTR_189,us16,0.25,56,in_seg,1,6,4,,,,,miss,miss,4,4,correct,correct
0,MTR_190,clean,0.05,142,in_seg,1,5,1,,,,,miss,miss,1,2,correct,wrong_host
0,MTR_190,clean,0.05,143,in_seg,1,4,2,,,,,miss,miss,2,2,correct,correct
0,MTR_190,clean,0.05,144,effusion,2,-1,7,,,,,,,none,none,,
0,MTR_190,clean,0.05,145,effusion,2,-1,7,,,,,,,none,none,,
0,MTR_190,clean,0.1,142,in_seg,1,5,1,,,,,miss,miss,1,2,correct,wrong_host
0,MTR_190,clean,0.1,143,in_seg,1,4,2,,,,,miss,miss,2,2,correct,correct
0,MTR_190,clean,0.1,144,effusion,2,-1,7,,,,,,,none,none,,
0,MTR_190,clean,0.1,145,effusion,2,-1,7,,,,,,,none,none,,
0,MTR_190,clean,0.25,142,in_seg,1,5,1,,,,,miss,miss,1,2,correct,wrong_host
0,MTR_190,clean,0.25,143,in_seg,1,4,2,,,,,miss,miss,2,2,correct,correct
0,MTR_190,clean,0.25,144,effusion,2,-1,7,,,,,,,none,none,,
0,MTR_190,clean,0.25,145,effusion,2,-1,7,,,,,,,none,none,,
0,MTR_190,noise_q1,0.05,142,in_seg,1,5,1,,,,,miss,miss,1,2,correct,wrong_host
0,MTR_190,noise_q1,0.05,143,in_seg,1,4,2,,,,,miss,miss,2,2,correct,correct
0,MTR_190,noise_q1,0.05,144,effusion,2,-1,7,,,,,,,none,none,,
0,MTR_190,noise_q1,0.05,145,effusion,2,-1,7,,,,,,,none,none,,
0,MTR_190,noise_q1,0.1,142,in_seg,1,5,1,,,,,miss,miss,1,2,correct,wrong_host
0,MTR_190,noise_q1,0.1,143,in_seg,1,4,2,,,,,miss,miss,2,2,correct,correct
0,MTR_190,noise_q1,0.1,144,effusion,2,-1,7,,,,,,,none,none,,
0,MTR_190,noise_q1,0.1,145,effusion,2,-1,7,,,,,,,none,none,,
0,MTR_190,noise_q1,0.25,142,in_seg,1,5,1,,,,,miss,miss,1,2,correct,wrong_host
0,MTR_190,noise_q1,0.25,143,in_seg,1,4,2,,,,,miss,miss,2,2,correct,correct
0,MTR_190,noise_q1,0.25,144,effusion,2,-1,7,,,,,,,none,none,,
0,MTR_190,noise_q1,0.25,145,effusion,2,-1,7,,,,,,,none,none,,
0,MTR_190,noise_q2,0.05,142,in_seg,1,5,1,,,,,miss,miss,1,2,correct,wrong_host
0,MTR_190,noise_q2,0.05,143,in_seg,1,4,2,,,,,miss,miss,2,2,correct,correct
0,MTR_190,noise_q2,0.05,144,effusion,2,-1,7,,,,,,,none,none,,
0,MTR_190,noise_q2,0.05,145,effusion,2,-1,7,,,,,,,none,none,,
0,MTR_190,noise_q2,0.1,142,in_seg,1,5,1,,,,,miss,miss,1,2,correct,wrong_host
0,MTR_190,noise_q2,0.1,143,in_seg,1,4,2,,,,,miss,miss,2,2,correct,correct
0,MTR_190,noise_q2,0.1,144,effusion,2,-1,7,,,,,,,none,none,,
0,MTR_190,noise_q2,0.1,145,effusion,2,-1,7,,,,,,,none,none,,
0,MTR_190,noise_q2,0.25,142,in_seg,1,5,1,,,,,miss,miss,1,2,correct,wrong_host
0,MTR_190,noise_q2,0.25,143,in_seg,1,4,2,,,,,miss,miss,2,2,correct,correct
0,MTR_190,noise_q2,0.25,144,effusion,2,-1,7,,,,,,,none,none,,
0,MTR_190,noise_q2,0.25,145,effusion,2,-1,7,,,,,,,none,none,,
0,MTR_190,noise_q3,0.05,142,in_seg,1,5,1,,,,,miss,miss,1,2,correct,wrong_host
0,MTR_190,noise_q3,0.05,143,in_seg,1,4,2,,,,,miss,miss,2,2,correct,correct
0,MTR_190,noise_q3,0.05,144,effusion,2,-1,7,,,,,,,none,none,,
0,MTR_190,noise_q3,0.05,145,effusion,2,-1,7,,,,,,,none,none,,
0,MTR_190,noise_q3,0.1,142,in_seg,1,5,1,,,,,miss,miss,1,2,correct,wrong_host
0,MTR_190,noise_q3,0.1,143,in_seg,1,4,2,,,,,miss,miss,2,2,correct,correct
0,MTR_190,noise_q3,0.1,144,effusion,2,-1,7,,,,,,,none,none,,
0,MTR_190,noise_q3,0.1,145,effusion,2,-1,7,,,,,,,none,none,,
0,MTR_190,noise_q3,0.25,142,in_seg,1,5,1,,,,,miss,miss,1,2,correct,wrong_host
0,MTR_190,noise_q3,0.25,143,in_seg,1,4,2,,,,,miss,miss,2,2,correct,correct
0,MTR_190,noise_q3,0.25,144,effusion,2,-1,7,,,,,,,none,none,,
0,MTR_190,noise_q3,0.25,145,effusion,2,-1,7,,,,,,,none,none,,
0,MTR_190,us4,0.05,142,in_seg,1,5,1,,,,,miss,miss,1,2,correct,wrong_host
0,MTR_190,us4,0.05,143,in_seg,1,4,2,,,,,miss,miss,2,2,correct,correct
0,MTR_190,us4,0.05,144,effusion,2,-1,7,,,,,,,none,none,,
0,MTR_190,us4,0.05,145,effusion,2,-1,7,,,,,,,none,none,,
0,MTR_190,us4,0.1,142,in_seg,1,5,1,,,,,miss,miss,1,2,correct,wrong_host
0,MTR_190,us4,0.1,143,in_seg,1,4,2,,,,,miss,miss,2,2,correct,correct
0,MTR_190,us4,0.1,144,effusion,2,-1,7,,,,,,,none,none,,
0,MTR_190,us4,0.1,145,effusion,2,-1,7,,,,,,,none,none,,
0,MTR_190,us4,0.25,142,in_seg,1,5,1,,,,,miss,miss,1,2,correct,wrong_host
0,MTR_190,us4,0.25,143,in_seg,1,4,2,,,,,miss,miss,2,2,correct,correct
0,MTR_190,us4,0.25,144,effusion,2,-1,7,,,,,,,none,none,,
0,MTR_190,us4,0.25,145,effusion,2,-1,7,,,,,,,none,none,,
0,MTR_190,us8,0.05,142,in_seg,1,5,1,,,,,miss,miss,1,2,correct,wrong_host
0,MTR_190,us8,0.05,143,in_seg,1,4,2,,,,,miss,miss,2,2,correct,correct
0,MTR_190,us8,0.05,144,effusion,2,-1,7,,,,,,,none,none,,
0,MTR_190,us8,0.05,145,effusion,2,-1,7,,,,,,,none,none,,
0,MTR_190,us8,0.1,142,in_seg,1,5,1,,,,,miss,miss,1,2,correct,wrong_host
0,MTR_190,us8,0.1,143,in_seg,1,4,2,,,,,miss,miss,2,2,correct,correct
0,MTR_190,us8,0.1,144,effusion,2,-1,7,,,,,,,none,none,,
0,MTR_190,us8,0.1,145,effusion,2,-1,7,,,,,,,none,none,,
0,MTR_190,us8,0.25,142,in_seg,1,5,1,,,,,miss,miss,1,2,correct,wrong_host
0,MTR_190,us8,0.25,143,in_seg,1,4,2,,,,,miss,miss,2,2,correct,correct
0,MTR_190,us8,0.25,144,effusion,2,-1,7,,,,,,,none,none,,
0,MTR_190,us8,0.25,145,effusion,2,-1,7,,,,,,,none,none,,
0,MTR_190,us16,0.05,142,in_seg,1,5,1,,,,,miss,miss,1,4,correct,wrong_host
0,MTR_190,us16,0.05,143,in_seg,1,4,2,,,,,miss,miss,2,2,correct,correct
0,MTR_190,us16,0.05,144,effusion,2,-1,7,,,,,,,none,none,,
0,MTR_190,us16,0.05,145,effusion,2,-1,7,,,,,,,none,none,,
0,MTR_190,us16,0.1,142,in_seg,1,5,1,,,,,miss,miss,1,4,correct,wrong_host
0,MTR_190,us16,0.1,143,in_seg,1,4,2,,,,,miss,miss,2,2,correct,correct
0,MTR_190,us16,0.1,144,effusion,2,-1,7,,,,,,,none,none,,
0,MTR_190,us16,0.1,145,effusion,2,-1,7,,,,,,,none,none,,
0,MTR_190,us16,0.25,142,in_seg,1,5,1,,,,,miss,miss,1,4,correct,wrong_host
0,MTR_190,us16,0.25,143,in_seg,1,4,2,,,,,miss,miss,2,2,correct,correct
0,MTR_190,us16,0.25,144,effusion,2,-1,7,,,,,,,none,none,,
0,MTR_190,us16,0.25,145,effusion,2,-1,7,,,,,,,none,none,,
4,MTR_193,clean,0.05,95,effusion,2,-1,7,,,,,,,none,none,,
4,MTR_193,clean,0.05,96,effusion,2,-1,7,,,,,,,none,none,,
4,MTR_193,clean,0.05,97,effusion,2,-1,7,,,,,,,none,none,,
4,MTR_193,clean,0.1,95,effusion,2,-1,7,,,,,,,none,none,,
4,MTR_193,clean,0.1,96,effusion,2,-1,7,,,,,,,none,none,,
4,MTR_193,clean,0.1,97,effusion,2,-1,7,,,,,,,none,none,,
4,MTR_193,clean,0.25,95,effusion,2,-1,7,,,,,,,none,none,,
4,MTR_193,clean,0.25,96,effusion,2,-1,7,,,,,,,none,none,,
4,MTR_193,clean,0.25,97,effusion,2,-1,7,,,,,,,none,none,,
4,MTR_193,noise_q1,0.05,95,effusion,2,-1,7,,,,,,,none,none,,
4,MTR_193,noise_q1,0.05,96,effusion,2,-1,7,,,,,,,none,none,,
4,MTR_193,noise_q1,0.05,97,effusion,2,-1,7,,,,,,,none,none,,
4,MTR_193,noise_q1,0.1,95,effusion,2,-1,7,,,,,,,none,none,,
4,MTR_193,noise_q1,0.1,96,effusion,2,-1,7,,,,,,,none,none,,
4,MTR_193,noise_q1,0.1,97,effusion,2,-1,7,,,,,,,none,none,,
4,MTR_193,noise_q1,0.25,95,effusion,2,-1,7,,,,,,,none,none,,
4,MTR_193,noise_q1,0.25,96,effusion,2,-1,7,,,,,,,none,none,,
4,MTR_193,noise_q1,0.25,97,effusion,2,-1,7,,,,,,,none,none,,
4,MTR_193,noise_q2,0.05,95,effusion,2,-1,7,,,,,,,none,none,,
4,MTR_193,noise_q2,0.05,96,effusion,2,-1,7,,,,,,,none,none,,
4,MTR_193,noise_q2,0.05,97,effusion,2,-1,7,,,,,,,none,none,,
4,MTR_193,noise_q2,0.1,95,effusion,2,-1,7,,,,,,,none,none,,
4,MTR_193,noise_q2,0.1,96,effusion,2,-1,7,,,,,,,none,none,,
4,MTR_193,noise_q2,0.1,97,effusion,2,-1,7,,,,,,,none,none,,
4,MTR_193,noise_q2,0.25,95,effusion,2,-1,7,,,,,,,none,none,,
4,MTR_193,noise_q2,0.25,96,effusion,2,-1,7,,,,,,,none,none,,
4,MTR_193,noise_q2,0.25,97,effusion,2,-1,7,,,,,,,none,none,,
4,MTR_193,noise_q3,0.05,95,effusion,2,-1,7,,,,,,,none,none,,
4,MTR_193,noise_q3,0.05,96,effusion,2,-1,7,,,,,,,none,none,,
4,MTR_193,noise_q3,0.05,97,effusion,2,-1,7,,,,,,,none,none,,
4,MTR_193,noise_q3,0.1,95,effusion,2,-1,7,,,,,,,none,none,,
4,MTR_193,noise_q3,0.1,96,effusion,2,-1,7,,,,,,,none,none,,
4,MTR_193,noise_q3,0.1,97,effusion,2,-1,7,,,,,,,none,none,,
4,MTR_193,noise_q3,0.25,95,effusion,2,-1,7,,,,,,,none,none,,
4,MTR_193,noise_q3,0.25,96,effusion,2,-1,7,,,,,,,none,none,,
4,MTR_193,noise_q3,0.25,97,effusion,2,-1,7,,,,,,,none,none,,
4,MTR_193,us4,0.05,95,effusion,2,-1,7,,,,,,,none,none,,
4,MTR_193,us4,0.05,96,effusion,2,-1,7,,,,,,,none,none,,
4,MTR_193,us4,0.05,97,effusion,2,-1,7,,,,,,,none,none,,
4,MTR_193,us4,0.1,95,effusion,2,-1,7,,,,,,,none,none,,
4,MTR_193,us4,0.1,96,effusion,2,-1,7,,,,,,,none,none,,
4,MTR_193,us4,0.1,97,effusion,2,-1,7,,,,,,,none,none,,
4,MTR_193,us4,0.25,95,effusion,2,-1,7,,,,,,,none,none,,
4,MTR_193,us4,0.25,96,effusion,2,-1,7,,,,,,,none,none,,
4,MTR_193,us4,0.25,97,effusion,2,-1,7,,,,,,,none,none,,
4,MTR_193,us8,0.05,95,effusion,2,-1,7,,,,,,,none,none,,
4,MTR_193,us8,0.05,96,effusion,2,-1,7,,,,,,,none,none,,
4,MTR_193,us8,0.05,97,effusion,2,-1,7,,,,,,,none,none,,
4,MTR_193,us8,0.1,95,effusion,2,-1,7,,,,,,,none,none,,
4,MTR_193,us8,0.1,96,effusion,2,-1,7,,,,,,,none,none,,
4,MTR_193,us8,0.1,97,effusion,2,-1,7,,,,,,,none,none,,
4,MTR_193,us8,0.25,95,effusion,2,-1,7,,,,,,,none,none,,
4,MTR_193,us8,0.25,96,effusion,2,-1,7,,,,,,,none,none,,
4,MTR_193,us8,0.25,97,effusion,2,-1,7,,,,,,,none,none,,
4,MTR_193,us16,0.05,95,effusion,2,-1,7,,,,,,,none,none,,
4,MTR_193,us16,0.05,96,effusion,2,-1,7,,,,,,,none,none,,
4,MTR_193,us16,0.05,97,effusion,2,-1,7,,,,,,,none,none,,
4,MTR_193,us16,0.1,95,effusion,2,-1,7,,,,,,,none,none,,
4,MTR_193,us16,0.1,96,effusion,2,-1,7,,,,,,,none,none,,
4,MTR_193,us16,0.1,97,effusion,2,-1,7,,,,,,,none,none,,
4,MTR_193,us16,0.25,95,effusion,2,-1,7,,,,,,,none,none,,
4,MTR_193,us16,0.25,96,effusion,2,-1,7,,,,,,,none,none,,
4,MTR_193,us16,0.25,97,effusion,2,-1,7,,,,,,,none,none,,
3,MTR_194,clean,0.05,11,effusion,2,-1,7,,,,,,,none,none,,
3,MTR_194,clean,0.05,12,effusion,2,-1,7,,,,,,,none,none,,
3,MTR_194,clean,0.05,13,in_seg,0,1,6,,,,,miss,miss,6,6,correct,correct
3,MTR_194,clean,0.05,14,in_seg,0,1,6,,,,,miss,miss,6,6,correct,correct
3,MTR_194,clean,0.05,15,in_seg,1,6,4,,,,,miss,miss,4,3,correct,correct
3,MTR_194,clean,0.05,16,in_seg,1,4,2,,,,,miss,miss,2,1,correct,wrong_host
3,MTR_194,clean,0.05,17,in_seg,1,4,2,,,,,miss,miss,2,2,correct,correct
3,MTR_194,clean,0.1,11,effusion,2,-1,7,,,,,,,none,none,,
3,MTR_194,clean,0.1,12,effusion,2,-1,7,,,,,,,none,none,,
3,MTR_194,clean,0.1,13,in_seg,0,1,6,,,,,miss,miss,6,6,correct,correct
3,MTR_194,clean,0.1,14,in_seg,0,1,6,,,,,miss,miss,6,6,correct,correct
3,MTR_194,clean,0.1,15,in_seg,1,6,4,,,,,miss,miss,4,3,correct,correct
3,MTR_194,clean,0.1,16,in_seg,1,4,2,,,,,miss,miss,2,1,correct,wrong_host
3,MTR_194,clean,0.1,17,in_seg,1,4,2,,,,,miss,miss,2,2,correct,correct
3,MTR_194,clean,0.25,11,effusion,2,-1,7,,,,,,,none,none,,
3,MTR_194,clean,0.25,12,effusion,2,-1,7,,,,,,,none,none,,
3,MTR_194,clean,0.25,13,in_seg,0,1,6,,,,,miss,miss,6,6,correct,correct
3,MTR_194,clean,0.25,14,in_seg,0,1,6,,,,,miss,miss,6,6,correct,correct
3,MTR_194,clean,0.25,15,in_seg,1,6,4,,,,,miss,miss,4,3,correct,correct
3,MTR_194,clean,0.25,16,in_seg,1,4,2,,,,,miss,miss,2,1,correct,wrong_host
3,MTR_194,clean,0.25,17,in_seg,1,4,2,,,,,miss,miss,2,2,correct,correct
3,MTR_194,noise_q1,0.05,11,effusion,2,-1,7,,,,,,,none,none,,
3,MTR_194,noise_q1,0.05,12,effusion,2,-1,7,,,,,,,none,none,,
3,MTR_194,noise_q1,0.05,13,in_seg,0,1,6,,,,,miss,miss,6,6,correct,correct
3,MTR_194,noise_q1,0.05,14,in_seg,0,1,6,,,,,miss,miss,6,6,correct,correct
3,MTR_194,noise_q1,0.05,15,in_seg,1,6,4,,,,,miss,miss,4,4,correct,correct
3,MTR_194,noise_q1,0.05,16,in_seg,1,4,2,,,,,miss,miss,2,1,correct,wrong_host
3,MTR_194,noise_q1,0.05,17,in_seg,1,4,2,,,,,miss,miss,2,2,correct,correct
3,MTR_194,noise_q1,0.1,11,effusion,2,-1,7,,,,,,,none,none,,
3,MTR_194,noise_q1,0.1,12,effusion,2,-1,7,,,,,,,none,none,,
3,MTR_194,noise_q1,0.1,13,in_seg,0,1,6,,,,,miss,miss,6,6,correct,correct
3,MTR_194,noise_q1,0.1,14,in_seg,0,1,6,,,,,miss,miss,6,6,correct,correct
3,MTR_194,noise_q1,0.1,15,in_seg,1,6,4,,,,,miss,miss,4,4,correct,correct
3,MTR_194,noise_q1,0.1,16,in_seg,1,4,2,,,,,miss,miss,2,1,correct,wrong_host
3,MTR_194,noise_q1,0.1,17,in_seg,1,4,2,,,,,miss,miss,2,2,correct,correct
3,MTR_194,noise_q1,0.25,11,effusion,2,-1,7,,,,,,,none,none,,
3,MTR_194,noise_q1,0.25,12,effusion,2,-1,7,,,,,,,none,none,,
3,MTR_194,noise_q1,0.25,13,in_seg,0,1,6,,,,,miss,miss,6,6,correct,correct
3,MTR_194,noise_q1,0.25,14,in_seg,0,1,6,,,,,miss,miss,6,6,correct,correct
3,MTR_194,noise_q1,0.25,15,in_seg,1,6,4,,,,,miss,miss,4,4,correct,correct
3,MTR_194,noise_q1,0.25,16,in_seg,1,4,2,,,,,miss,miss,2,1,correct,wrong_host
3,MTR_194,noise_q1,0.25,17,in_seg,1,4,2,,,,,miss,miss,2,2,correct,correct
3,MTR_194,noise_q2,0.05,11,effusion,2,-1,7,,,,,,,none,none,,
3,MTR_194,noise_q2,0.05,12,effusion,2,-1,7,,,,,,,none,none,,
3,MTR_194,noise_q2,0.05,13,in_seg,0,1,6,,,,,miss,miss,6,6,correct,correct
3,MTR_194,noise_q2,0.05,14,in_seg,0,1,6,,,,,miss,miss,6,6,correct,correct
3,MTR_194,noise_q2,0.05,15,in_seg,1,6,4,,,,,miss,miss,4,4,correct,correct
3,MTR_194,noise_q2,0.05,16,in_seg,1,4,2,,,,,miss,miss,2,1,correct,wrong_host
3,MTR_194,noise_q2,0.05,17,in_seg,1,4,2,,,,,miss,miss,2,2,correct,correct
3,MTR_194,noise_q2,0.1,11,effusion,2,-1,7,,,,,,,none,none,,
3,MTR_194,noise_q2,0.1,12,effusion,2,-1,7,,,,,,,none,none,,
3,MTR_194,noise_q2,0.1,13,in_seg,0,1,6,,,,,miss,miss,6,6,correct,correct
3,MTR_194,noise_q2,0.1,14,in_seg,0,1,6,,,,,miss,miss,6,6,correct,correct
3,MTR_194,noise_q2,0.1,15,in_seg,1,6,4,,,,,miss,miss,4,4,correct,correct
3,MTR_194,noise_q2,0.1,16,in_seg,1,4,2,,,,,miss,miss,2,1,correct,wrong_host
3,MTR_194,noise_q2,0.1,17,in_seg,1,4,2,,,,,miss,miss,2,2,correct,correct
3,MTR_194,noise_q2,0.25,11,effusion,2,-1,7,,,,,,,none,none,,
3,MTR_194,noise_q2,0.25,12,effusion,2,-1,7,,,,,,,none,none,,
3,MTR_194,noise_q2,0.25,13,in_seg,0,1,6,,,,,miss,miss,6,6,correct,correct
3,MTR_194,noise_q2,0.25,14,in_seg,0,1,6,,,,,miss,miss,6,6,correct,correct
3,MTR_194,noise_q2,0.25,15,in_seg,1,6,4,,,,,miss,miss,4,4,correct,correct
3,MTR_194,noise_q2,0.25,16,in_seg,1,4,2,,,,,miss,miss,2,1,correct,wrong_host
3,MTR_194,noise_q2,0.25,17,in_seg,1,4,2,,,,,miss,miss,2,2,correct,correct
3,MTR_194,noise_q3,0.05,11,effusion,2,-1,7,,,,,,,none,none,,
3,MTR_194,noise_q3,0.05,12,effusion,2,-1,7,,,,,,,none,none,,
3,MTR_194,noise_q3,0.05,13,in_seg,0,1,6,,,,,miss,miss,6,6,correct,correct
3,MTR_194,noise_q3,0.05,14,in_seg,0,1,6,,,,,miss,miss,6,6,correct,correct
3,MTR_194,noise_q3,0.05,15,in_seg,1,6,4,,,,,miss,miss,4,4,correct,correct
3,MTR_194,noise_q3,0.05,16,in_seg,1,4,2,,,,,miss,miss,2,1,correct,wrong_host
3,MTR_194,noise_q3,0.05,17,in_seg,1,4,2,,,,,miss,miss,2,2,correct,correct
3,MTR_194,noise_q3,0.1,11,effusion,2,-1,7,,,,,,,none,none,,
3,MTR_194,noise_q3,0.1,12,effusion,2,-1,7,,,,,,,none,none,,
3,MTR_194,noise_q3,0.1,13,in_seg,0,1,6,,,,,miss,miss,6,6,correct,correct
3,MTR_194,noise_q3,0.1,14,in_seg,0,1,6,,,,,miss,miss,6,6,correct,correct
3,MTR_194,noise_q3,0.1,15,in_seg,1,6,4,,,,,miss,miss,4,4,correct,correct
3,MTR_194,noise_q3,0.1,16,in_seg,1,4,2,,,,,miss,miss,2,1,correct,wrong_host
3,MTR_194,noise_q3,0.1,17,in_seg,1,4,2,,,,,miss,miss,2,2,correct,correct
3,MTR_194,noise_q3,0.25,11,effusion,2,-1,7,,,,,,,none,none,,
3,MTR_194,noise_q3,0.25,12,effusion,2,-1,7,,,,,,,none,none,,
3,MTR_194,noise_q3,0.25,13,in_seg,0,1,6,,,,,miss,miss,6,6,correct,correct
3,MTR_194,noise_q3,0.25,14,in_seg,0,1,6,,,,,miss,miss,6,6,correct,correct
3,MTR_194,noise_q3,0.25,15,in_seg,1,6,4,,,,,miss,miss,4,4,correct,correct
3,MTR_194,noise_q3,0.25,16,in_seg,1,4,2,,,,,miss,miss,2,1,correct,wrong_host
3,MTR_194,noise_q3,0.25,17,in_seg,1,4,2,,,,,miss,miss,2,2,correct,correct
3,MTR_194,us4,0.05,11,effusion,2,-1,7,,,,,,,none,none,,
3,MTR_194,us4,0.05,12,effusion,2,-1,7,,,,,,,none,none,,
3,MTR_194,us4,0.05,13,in_seg,0,1,6,,,,,miss,miss,6,6,correct,correct
3,MTR_194,us4,0.05,14,in_seg,0,1,6,,,,,miss,miss,6,6,correct,correct
3,MTR_194,us4,0.05,15,in_seg,1,6,4,,,,,miss,miss,4,3,correct,correct
3,MTR_194,us4,0.05,16,in_seg,1,4,2,,,,,miss,miss,2,1,correct,wrong_host
3,MTR_194,us4,0.05,17,in_seg,1,4,2,,,,,miss,miss,2,2,correct,correct
3,MTR_194,us4,0.1,11,effusion,2,-1,7,,,,,,,none,none,,
3,MTR_194,us4,0.1,12,effusion,2,-1,7,,,,,,,none,none,,
3,MTR_194,us4,0.1,13,in_seg,0,1,6,,,,,miss,miss,6,6,correct,correct
3,MTR_194,us4,0.1,14,in_seg,0,1,6,,,,,miss,miss,6,6,correct,correct
3,MTR_194,us4,0.1,15,in_seg,1,6,4,,,,,miss,miss,4,3,correct,correct
3,MTR_194,us4,0.1,16,in_seg,1,4,2,,,,,miss,miss,2,1,correct,wrong_host
3,MTR_194,us4,0.1,17,in_seg,1,4,2,,,,,miss,miss,2,2,correct,correct
3,MTR_194,us4,0.25,11,effusion,2,-1,7,,,,,,,none,none,,
3,MTR_194,us4,0.25,12,effusion,2,-1,7,,,,,,,none,none,,
3,MTR_194,us4,0.25,13,in_seg,0,1,6,,,,,miss,miss,6,6,correct,correct
3,MTR_194,us4,0.25,14,in_seg,0,1,6,,,,,miss,miss,6,6,correct,correct
3,MTR_194,us4,0.25,15,in_seg,1,6,4,,,,,miss,miss,4,3,correct,correct
3,MTR_194,us4,0.25,16,in_seg,1,4,2,,,,,miss,miss,2,1,correct,wrong_host
3,MTR_194,us4,0.25,17,in_seg,1,4,2,,,,,miss,miss,2,2,correct,correct
3,MTR_194,us8,0.05,11,effusion,2,-1,7,,,,,,,none,none,,
3,MTR_194,us8,0.05,12,effusion,2,-1,7,,,,,,,none,none,,
3,MTR_194,us8,0.05,13,in_seg,0,1,6,,,,,miss,miss,6,5,correct,correct
3,MTR_194,us8,0.05,14,in_seg,0,1,6,,,,,miss,miss,6,6,correct,correct
3,MTR_194,us8,0.05,15,in_seg,1,6,4,,,,,miss,miss,4,3,correct,correct
3,MTR_194,us8,0.05,16,in_seg,1,4,2,,,,,miss,miss,2,1,correct,wrong_host
3,MTR_194,us8,0.05,17,in_seg,1,4,2,,,,,miss,miss,2,2,correct,correct
3,MTR_194,us8,0.1,11,effusion,2,-1,7,,,,,,,none,none,,
3,MTR_194,us8,0.1,12,effusion,2,-1,7,,,,,,,none,none,,
3,MTR_194,us8,0.1,13,in_seg,0,1,6,,,,,miss,miss,6,5,correct,correct
3,MTR_194,us8,0.1,14,in_seg,0,1,6,,,,,miss,miss,6,6,correct,correct
3,MTR_194,us8,0.1,15,in_seg,1,6,4,,,,,miss,miss,4,3,correct,correct
3,MTR_194,us8,0.1,16,in_seg,1,4,2,,,,,miss,miss,2,1,correct,wrong_host
3,MTR_194,us8,0.1,17,in_seg,1,4,2,,,,,miss,miss,2,2,correct,correct
3,MTR_194,us8,0.25,11,effusion,2,-1,7,,,,,,,none,none,,
3,MTR_194,us8,0.25,12,effusion,2,-1,7,,,,,,,none,none,,
3,MTR_194,us8,0.25,13,in_seg,0,1,6,,,,,miss,miss,6,5,correct,correct
3,MTR_194,us8,0.25,14,in_seg,0,1,6,,,,,miss,miss,6,6,correct,correct
3,MTR_194,us8,0.25,15,in_seg,1,6,4,,,,,miss,miss,4,3,correct,correct
3,MTR_194,us8,0.25,16,in_seg,1,4,2,,,,,miss,miss,2,1,correct,wrong_host
3,MTR_194,us8,0.25,17,in_seg,1,4,2,,,,,miss,miss,2,2,correct,correct
3,MTR_194,us16,0.05,11,effusion,2,-1,7,,,,,,,none,none,,
3,MTR_194,us16,0.05,12,effusion,2,-1,7,,,,,,,none,none,,
3,MTR_194,us16,0.05,13,in_seg,0,1,6,,,,,miss,miss,6,5,correct,correct
3,MTR_194,us16,0.05,14,in_seg,0,1,6,,,,,miss,miss,6,5,correct,correct
3,MTR_194,us16,0.05,15,in_seg,1,6,4,,,,,miss,miss,4,3,correct,correct
3,MTR_194,us16,0.05,16,in_seg,1,4,2,,,,,miss,miss,2,1,correct,wrong_host
3,MTR_194,us16,0.05,17,in_seg,1,4,2,,,,,miss,miss,2,2,correct,correct
3,MTR_194,us16,0.1,11,effusion,2,-1,7,,,,,,,none,none,,
3,MTR_194,us16,0.1,12,effusion,2,-1,7,,,,,,,none,none,,
3,MTR_194,us16,0.1,13,in_seg,0,1,6,,,,,miss,miss,6,5,correct,correct
3,MTR_194,us16,0.1,14,in_seg,0,1,6,,,,,miss,miss,6,5,correct,correct
3,MTR_194,us16,0.1,15,in_seg,1,6,4,,,,,miss,miss,4,3,correct,correct
3,MTR_194,us16,0.1,16,in_seg,1,4,2,,,,,miss,miss,2,1,correct,wrong_host
3,MTR_194,us16,0.1,17,in_seg,1,4,2,,,,,miss,miss,2,2,correct,correct
3,MTR_194,us16,0.25,11,effusion,2,-1,7,,,,,,,none,none,,
3,MTR_194,us16,0.25,12,effusion,2,-1,7,,,,,,,none,none,,
3,MTR_194,us16,0.25,13,in_seg,0,1,6,,,,,miss,miss,6,5,correct,correct
3,MTR_194,us16,0.25,14,in_seg,0,1,6,,,,,miss,miss,6,5,correct,correct
3,MTR_194,us16,0.25,15,in_seg,1,6,4,,,,,miss,miss,4,3,correct,correct
3,MTR_194,us16,0.25,16,in_seg,1,4,2,,,,,miss,miss,2,1,correct,wrong_host
3,MTR_194,us16,0.25,17,in_seg,1,4,2,,,,,miss,miss,2,2,correct,correct
2,MTR_196,clean,0.05,13,effusion,2,-1,7,,,,,,,none,none,,
2,MTR_196,clean,0.05,14,in_seg,0,1,5,,,,,miss,miss,5,5,correct,correct
2,MTR_196,clean,0.05,15,ligament,3,2,0,,,,,,,unknown,unknown,,
2,MTR_196,clean,0.05,16,in_seg,1,4,2,,,,,miss,miss,2,2,correct,correct
2,MTR_196,clean,0.1,13,effusion,2,-1,7,,,,,,,none,none,,
2,MTR_196,clean,0.1,14,in_seg,0,1,5,,,,,miss,miss,5,5,correct,correct
2,MTR_196,clean,0.1,15,ligament,3,2,0,,,,,,,unknown,unknown,,
2,MTR_196,clean,0.1,16,in_seg,1,4,2,,,,,miss,miss,2,2,correct,correct
2,MTR_196,clean,0.25,13,effusion,2,-1,7,,,,,,,none,none,,
2,MTR_196,clean,0.25,14,in_seg,0,1,5,,,,,miss,miss,5,5,correct,correct
2,MTR_196,clean,0.25,15,ligament,3,2,0,,,,,,,unknown,unknown,,
2,MTR_196,clean,0.25,16,in_seg,1,4,2,,,,,miss,miss,2,2,correct,correct
2,MTR_196,noise_q1,0.05,13,effusion,2,-1,7,,,,,,,none,none,,
2,MTR_196,noise_q1,0.05,14,in_seg,0,1,5,,,,,miss,miss,5,5,correct,correct
2,MTR_196,noise_q1,0.05,15,ligament,3,2,0,,,,,,,unknown,unknown,,
2,MTR_196,noise_q1,0.05,16,in_seg,1,4,2,,,,,miss,miss,2,2,correct,correct
2,MTR_196,noise_q1,0.1,13,effusion,2,-1,7,,,,,,,none,none,,
2,MTR_196,noise_q1,0.1,14,in_seg,0,1,5,,,,,miss,miss,5,5,correct,correct
2,MTR_196,noise_q1,0.1,15,ligament,3,2,0,,,,,,,unknown,unknown,,
2,MTR_196,noise_q1,0.1,16,in_seg,1,4,2,,,,,miss,miss,2,2,correct,correct
2,MTR_196,noise_q1,0.25,13,effusion,2,-1,7,,,,,,,none,none,,
2,MTR_196,noise_q1,0.25,14,in_seg,0,1,5,,,,,miss,miss,5,5,correct,correct
2,MTR_196,noise_q1,0.25,15,ligament,3,2,0,,,,,,,unknown,unknown,,
2,MTR_196,noise_q1,0.25,16,in_seg,1,4,2,,,,,miss,miss,2,2,correct,correct
2,MTR_196,noise_q2,0.05,13,effusion,2,-1,7,,,,,,,none,none,,
2,MTR_196,noise_q2,0.05,14,in_seg,0,1,5,,,,,miss,miss,5,5,correct,correct
2,MTR_196,noise_q2,0.05,15,ligament,3,2,0,,,,,,,unknown,unknown,,
2,MTR_196,noise_q2,0.05,16,in_seg,1,4,2,,,,,miss,miss,2,2,correct,correct
2,MTR_196,noise_q2,0.1,13,effusion,2,-1,7,,,,,,,none,none,,
2,MTR_196,noise_q2,0.1,14,in_seg,0,1,5,,,,,miss,miss,5,5,correct,correct
2,MTR_196,noise_q2,0.1,15,ligament,3,2,0,,,,,,,unknown,unknown,,
2,MTR_196,noise_q2,0.1,16,in_seg,1,4,2,,,,,miss,miss,2,2,correct,correct
2,MTR_196,noise_q2,0.25,13,effusion,2,-1,7,,,,,,,none,none,,
2,MTR_196,noise_q2,0.25,14,in_seg,0,1,5,,,,,miss,miss,5,5,correct,correct
2,MTR_196,noise_q2,0.25,15,ligament,3,2,0,,,,,,,unknown,unknown,,
2,MTR_196,noise_q2,0.25,16,in_seg,1,4,2,,,,,miss,miss,2,2,correct,correct
2,MTR_196,noise_q3,0.05,13,effusion,2,-1,7,,,,,,,none,none,,
2,MTR_196,noise_q3,0.05,14,in_seg,0,1,5,,,,,miss,miss,5,5,correct,correct
2,MTR_196,noise_q3,0.05,15,ligament,3,2,0,,,,,,,unknown,unknown,,
2,MTR_196,noise_q3,0.05,16,in_seg,1,4,2,,,,,miss,miss,2,2,correct,correct
2,MTR_196,noise_q3,0.1,13,effusion,2,-1,7,,,,,,,none,none,,
2,MTR_196,noise_q3,0.1,14,in_seg,0,1,5,,,,,miss,miss,5,5,correct,correct
2,MTR_196,noise_q3,0.1,15,ligament,3,2,0,,,,,,,unknown,unknown,,
2,MTR_196,noise_q3,0.1,16,in_seg,1,4,2,,,,,miss,miss,2,2,correct,correct
2,MTR_196,noise_q3,0.25,13,effusion,2,-1,7,,,,,,,none,none,,
2,MTR_196,noise_q3,0.25,14,in_seg,0,1,5,,,,,miss,miss,5,5,correct,correct
2,MTR_196,noise_q3,0.25,15,ligament,3,2,0,,,,,,,unknown,unknown,,
2,MTR_196,noise_q3,0.25,16,in_seg,1,4,2,,,,,miss,miss,2,2,correct,correct
2,MTR_196,us4,0.05,13,effusion,2,-1,7,,,,,,,none,none,,
2,MTR_196,us4,0.05,14,in_seg,0,1,5,,,,,miss,miss,5,5,correct,correct
2,MTR_196,us4,0.05,15,ligament,3,2,0,,,,,,,unknown,unknown,,
2,MTR_196,us4,0.05,16,in_seg,1,4,2,,,,,miss,miss,2,2,correct,correct
2,MTR_196,us4,0.1,13,effusion,2,-1,7,,,,,,,none,none,,
2,MTR_196,us4,0.1,14,in_seg,0,1,5,,,,,miss,miss,5,5,correct,correct
2,MTR_196,us4,0.1,15,ligament,3,2,0,,,,,,,unknown,unknown,,
2,MTR_196,us4,0.1,16,in_seg,1,4,2,,,,,miss,miss,2,2,correct,correct
2,MTR_196,us4,0.25,13,effusion,2,-1,7,,,,,,,none,none,,
2,MTR_196,us4,0.25,14,in_seg,0,1,5,,,,,miss,miss,5,5,correct,correct
2,MTR_196,us4,0.25,15,ligament,3,2,0,,,,,,,unknown,unknown,,
2,MTR_196,us4,0.25,16,in_seg,1,4,2,,,,,miss,miss,2,2,correct,correct
2,MTR_196,us8,0.05,13,effusion,2,-1,7,,,,,,,none,none,,
2,MTR_196,us8,0.05,14,in_seg,0,1,5,,,,,miss,miss,5,5,correct,correct
2,MTR_196,us8,0.05,15,ligament,3,2,0,,,,,,,unknown,unknown,,
2,MTR_196,us8,0.05,16,in_seg,1,4,2,,,,,miss,miss,2,2,correct,correct
2,MTR_196,us8,0.1,13,effusion,2,-1,7,,,,,,,none,none,,
2,MTR_196,us8,0.1,14,in_seg,0,1,5,,,,,miss,miss,5,5,correct,correct
2,MTR_196,us8,0.1,15,ligament,3,2,0,,,,,,,unknown,unknown,,
2,MTR_196,us8,0.1,16,in_seg,1,4,2,,,,,miss,miss,2,2,correct,correct
2,MTR_196,us8,0.25,13,effusion,2,-1,7,,,,,,,none,none,,
2,MTR_196,us8,0.25,14,in_seg,0,1,5,,,,,miss,miss,5,5,correct,correct
2,MTR_196,us8,0.25,15,ligament,3,2,0,,,,,,,unknown,unknown,,
2,MTR_196,us8,0.25,16,in_seg,1,4,2,,,,,miss,miss,2,2,correct,correct
2,MTR_196,us16,0.05,13,effusion,2,-1,7,,,,,,,none,none,,
2,MTR_196,us16,0.05,14,in_seg,0,1,5,,,,,miss,miss,5,5,correct,correct
2,MTR_196,us16,0.05,15,ligament,3,2,0,,,,,,,unknown,unknown,,
2,MTR_196,us16,0.05,16,in_seg,1,4,2,,,,,miss,miss,2,2,correct,correct
2,MTR_196,us16,0.1,13,effusion,2,-1,7,,,,,,,none,none,,
2,MTR_196,us16,0.1,14,in_seg,0,1,5,,,,,miss,miss,5,5,correct,correct
2,MTR_196,us16,0.1,15,ligament,3,2,0,,,,,,,unknown,unknown,,
2,MTR_196,us16,0.1,16,in_seg,1,4,2,,,,,miss,miss,2,2,correct,correct
2,MTR_196,us16,0.25,13,effusion,2,-1,7,,,,,,,none,none,,
2,MTR_196,us16,0.25,14,in_seg,0,1,5,,,,,miss,miss,5,5,correct,correct
2,MTR_196,us16,0.25,15,ligament,3,2,0,,,,,,,unknown,unknown,,
2,MTR_196,us16,0.25,16,in_seg,1,4,2,,,,,miss,miss,2,2,correct,correct
1,MTR_198,clean,0.05,17,in_seg,0,1,5,,,,,miss,miss,5,5,correct,correct
1,MTR_198,clean,0.1,17,in_seg,0,1,5,,,,,miss,miss,5,5,correct,correct
1,MTR_198,clean,0.25,17,in_seg,0,1,5,,,,,miss,miss,5,5,correct,correct
1,MTR_198,noise_q1,0.05,17,in_seg,0,1,5,,,,,miss,miss,5,5,correct,correct
1,MTR_198,noise_q1,0.1,17,in_seg,0,1,5,,,,,miss,miss,5,5,correct,correct
1,MTR_198,noise_q1,0.25,17,in_seg,0,1,5,,,,,miss,miss,5,5,correct,correct
1,MTR_198,noise_q2,0.05,17,in_seg,0,1,5,,,,,miss,miss,5,5,correct,correct
1,MTR_198,noise_q2,0.1,17,in_seg,0,1,5,,,,,miss,miss,5,5,correct,correct
1,MTR_198,noise_q2,0.25,17,in_seg,0,1,5,,,,,miss,miss,5,5,correct,correct
1,MTR_198,noise_q3,0.05,17,in_seg,0,1,5,,,,,miss,miss,5,5,correct,correct
1,MTR_198,noise_q3,0.1,17,in_seg,0,1,5,,,,,miss,miss,5,5,correct,correct
1,MTR_198,noise_q3,0.25,17,in_seg,0,1,5,,,,,miss,miss,5,5,correct,correct
1,MTR_198,us4,0.05,17,in_seg,0,1,5,,,,,miss,miss,5,5,correct,correct
1,MTR_198,us4,0.1,17,in_seg,0,1,5,,,,,miss,miss,5,5,correct,correct
1,MTR_198,us4,0.25,17,in_seg,0,1,5,,,,,miss,miss,5,5,correct,correct
1,MTR_198,us8,0.05,17,in_seg,0,1,5,,,,,miss,miss,5,5,correct,correct
1,MTR_198,us8,0.1,17,in_seg,0,1,5,,,,,miss,miss,5,5,correct,correct
1,MTR_198,us8,0.25,17,in_seg,0,1,5,,,,,miss,miss,5,5,correct,correct
1,MTR_198,us16,0.05,17,in_seg,0,1,5,,,,,miss,miss,5,5,correct,correct
1,MTR_198,us16,0.1,17,in_seg,0,1,5,,,,,miss,miss,5,5,correct,correct
1,MTR_198,us16,0.25,17,in_seg,0,1,5,,,,,miss,miss,5,5,correct,correct
0,MTR_199,clean,0.05,28,effusion,2,-1,7,,,,,,,none,none,,
0,MTR_199,clean,0.1,28,effusion,2,-1,7,,,,,,,none,none,,
0,MTR_199,clean,0.25,28,effusion,2,-1,7,,,,,,,none,none,,
0,MTR_199,noise_q1,0.05,28,effusion,2,-1,7,,,,,,,none,none,,
0,MTR_199,noise_q1,0.1,28,effusion,2,-1,7,,,,,,,none,none,,
0,MTR_199,noise_q1,0.25,28,effusion,2,-1,7,,,,,,,none,none,,
0,MTR_199,noise_q2,0.05,28,effusion,2,-1,7,,,,,,,none,none,,
0,MTR_199,noise_q2,0.1,28,effusion,2,-1,7,,,,,,,none,none,,
0,MTR_199,noise_q2,0.25,28,effusion,2,-1,7,,,,,,,none,none,,
0,MTR_199,noise_q3,0.05,28,effusion,2,-1,7,,,,,,,none,none,,
0,MTR_199,noise_q3,0.1,28,effusion,2,-1,7,,,,,,,none,none,,
0,MTR_199,noise_q3,0.25,28,effusion,2,-1,7,,,,,,,none,none,,
0,MTR_199,us4,0.05,28,effusion,2,-1,7,,,,,,,none,none,,
0,MTR_199,us4,0.1,28,effusion,2,-1,7,,,,,,,none,none,,
0,MTR_199,us4,0.25,28,effusion,2,-1,7,,,,,,,none,none,,
0,MTR_199,us8,0.05,28,effusion,2,-1,7,,,,,,,none,none,,
0,MTR_199,us8,0.1,28,effusion,2,-1,7,,,,,,,none,none,,
0,MTR_199,us8,0.25,28,effusion,2,-1,7,,,,,,,none,none,,
0,MTR_199,us16,0.05,28,effusion,2,-1,7,,,,,,,none,none,,
0,MTR_199,us16,0.1,28,effusion,2,-1,7,,,,,,,none,none,,
0,MTR_199,us16,0.25,28,effusion,2,-1,7,,,,,,,none,none,,
3,MTR_200,clean,0.05,146,in_seg,1,6,4,,,,,miss,miss,4,2,correct,wrong_host
3,MTR_200,clean,0.1,146,in_seg,1,6,4,,,,,miss,miss,4,2,correct,wrong_host
3,MTR_200,clean,0.25,146,in_seg,1,6,4,,,,,miss,miss,4,2,correct,wrong_host
3,MTR_200,noise_q1,0.05,146,in_seg,1,6,4,,,,,miss,miss,4,2,correct,wrong_host
3,MTR_200,noise_q1,0.1,146,in_seg,1,6,4,,,,,miss,miss,4,2,correct,wrong_host
3,MTR_200,noise_q1,0.25,146,in_seg,1,6,4,,,,,miss,miss,4,2,correct,wrong_host
3,MTR_200,noise_q2,0.05,146,in_seg,1,6,4,,,,,miss,miss,4,2,correct,wrong_host
3,MTR_200,noise_q2,0.1,146,in_seg,1,6,4,,,,,miss,miss,4,2,correct,wrong_host
3,MTR_200,noise_q2,0.25,146,in_seg,1,6,4,,,,,miss,miss,4,2,correct,wrong_host
3,MTR_200,noise_q3,0.05,146,in_seg,1,6,4,,,,,miss,miss,4,2,correct,wrong_host
3,MTR_200,noise_q3,0.1,146,in_seg,1,6,4,,,,,miss,miss,4,2,correct,wrong_host
3,MTR_200,noise_q3,0.25,146,in_seg,1,6,4,,,,,miss,miss,4,2,correct,wrong_host
3,MTR_200,us4,0.05,146,in_seg,1,6,4,,,,,miss,miss,4,2,correct,wrong_host
3,MTR_200,us4,0.1,146,in_seg,1,6,4,,,,,miss,miss,4,2,correct,wrong_host
3,MTR_200,us4,0.25,146,in_seg,1,6,4,,,,,miss,miss,4,2,correct,wrong_host
3,MTR_200,us8,0.05,146,in_seg,1,6,4,,,,,miss,miss,4,2,correct,wrong_host
3,MTR_200,us8,0.1,146,in_seg,1,6,4,,,,,miss,miss,4,2,correct,wrong_host
3,MTR_200,us8,0.25,146,in_seg,1,6,4,,,,,miss,miss,4,2,correct,wrong_host
3,MTR_200,us16,0.05,146,in_seg,1,6,4,,,,,miss,miss,4,2,correct,wrong_host
3,MTR_200,us16,0.1,146,in_seg,1,6,4,,,,,miss,miss,4,2,correct,wrong_host
3,MTR_200,us16,0.25,146,in_seg,1,6,4,,,,,miss,miss,4,2,correct,wrong_host
2,MTR_201,clean,0.05,147,in_seg,0,1,6,,,,,miss,miss,6,6,correct,correct
2,MTR_201,clean,0.05,148,in_seg,0,1,6,,,,,miss,miss,6,5,correct,correct
2,MTR_201,clean,0.05,149,in_seg,0,1,6,,,,,miss,miss,6,5,correct,correct
2,MTR_201,clean,0.05,150,in_seg,0,1,5,,,,,miss,miss,5,5,correct,correct
2,MTR_201,clean,0.05,151,in_seg,0,1,5,,,,,miss,miss,5,5,correct,correct
2,MTR_201,clean,0.05,152,ligament,3,2,0,,,,,,,unknown,unknown,,
2,MTR_201,clean,0.05,153,in_seg,1,5,1,,,,,miss,miss,1,1,correct,correct
2,MTR_201,clean,0.05,154,in_seg,1,6,3,,,,,miss,miss,3,3,correct,correct
2,MTR_201,clean,0.05,155,in_seg,1,4,2,,,,,miss,miss,2,2,correct,correct
2,MTR_201,clean,0.05,156,in_seg,1,4,2,,,,,miss,miss,2,2,correct,correct
2,MTR_201,clean,0.05,157,in_seg,1,4,2,,,,,miss,miss,2,2,correct,correct
2,MTR_201,clean,0.05,158,effusion,2,-1,7,,,,,,,none,none,,
2,MTR_201,clean,0.1,147,in_seg,0,1,6,,,,,miss,miss,6,6,correct,correct
2,MTR_201,clean,0.1,148,in_seg,0,1,6,,,,,miss,miss,6,5,correct,correct
2,MTR_201,clean,0.1,149,in_seg,0,1,6,,,,,miss,miss,6,5,correct,correct
2,MTR_201,clean,0.1,150,in_seg,0,1,5,,,,,miss,miss,5,5,correct,correct
2,MTR_201,clean,0.1,151,in_seg,0,1,5,,,,,miss,miss,5,5,correct,correct
2,MTR_201,clean,0.1,152,ligament,3,2,0,,,,,,,unknown,unknown,,
2,MTR_201,clean,0.1,153,in_seg,1,5,1,,,,,miss,miss,1,1,correct,correct
2,MTR_201,clean,0.1,154,in_seg,1,6,3,,,,,miss,miss,3,3,correct,correct
2,MTR_201,clean,0.1,155,in_seg,1,4,2,,,,,miss,miss,2,2,correct,correct
2,MTR_201,clean,0.1,156,in_seg,1,4,2,,,,,miss,miss,2,2,correct,correct
2,MTR_201,clean,0.1,157,in_seg,1,4,2,,,,,miss,miss,2,2,correct,correct
2,MTR_201,clean,0.1,158,effusion,2,-1,7,,,,,,,none,none,,
2,MTR_201,clean,0.25,147,in_seg,0,1,6,,,,,miss,miss,6,6,correct,correct
2,MTR_201,clean,0.25,148,in_seg,0,1,6,,,,,miss,miss,6,5,correct,correct
2,MTR_201,clean,0.25,149,in_seg,0,1,6,,,,,miss,miss,6,5,correct,correct
2,MTR_201,clean,0.25,150,in_seg,0,1,5,,,,,miss,miss,5,5,correct,correct
2,MTR_201,clean,0.25,151,in_seg,0,1,5,,,,,miss,miss,5,5,correct,correct
2,MTR_201,clean,0.25,152,ligament,3,2,0,,,,,,,unknown,unknown,,
2,MTR_201,clean,0.25,153,in_seg,1,5,1,,,,,miss,miss,1,1,correct,correct
2,MTR_201,clean,0.25,154,in_seg,1,6,3,,,,,miss,miss,3,3,correct,correct
2,MTR_201,clean,0.25,155,in_seg,1,4,2,,,,,miss,miss,2,2,correct,correct
2,MTR_201,clean,0.25,156,in_seg,1,4,2,,,,,miss,miss,2,2,correct,correct
2,MTR_201,clean,0.25,157,in_seg,1,4,2,,,,,miss,miss,2,2,correct,correct
2,MTR_201,clean,0.25,158,effusion,2,-1,7,,,,,,,none,none,,
2,MTR_201,noise_q1,0.05,147,in_seg,0,1,6,,,,,miss,miss,6,6,correct,correct
2,MTR_201,noise_q1,0.05,148,in_seg,0,1,6,,,,,miss,miss,6,5,correct,correct
2,MTR_201,noise_q1,0.05,149,in_seg,0,1,6,,,,,miss,miss,6,6,correct,correct
2,MTR_201,noise_q1,0.05,150,in_seg,0,1,5,,,,,miss,miss,5,5,correct,correct
2,MTR_201,noise_q1,0.05,151,in_seg,0,1,5,,,,,miss,miss,5,5,correct,correct
2,MTR_201,noise_q1,0.05,152,ligament,3,2,0,,,,,,,unknown,unknown,,
2,MTR_201,noise_q1,0.05,153,in_seg,1,5,1,,,,,miss,miss,1,1,correct,correct
2,MTR_201,noise_q1,0.05,154,in_seg,1,6,3,,,,,miss,miss,3,3,correct,correct
2,MTR_201,noise_q1,0.05,155,in_seg,1,4,2,,,,,miss,miss,2,2,correct,correct
2,MTR_201,noise_q1,0.05,156,in_seg,1,4,2,,,,,miss,miss,2,2,correct,correct
2,MTR_201,noise_q1,0.05,157,in_seg,1,4,2,,,,,miss,miss,2,2,correct,correct
2,MTR_201,noise_q1,0.05,158,effusion,2,-1,7,,,,,,,none,none,,
2,MTR_201,noise_q1,0.1,147,in_seg,0,1,6,,,,,miss,miss,6,6,correct,correct
2,MTR_201,noise_q1,0.1,148,in_seg,0,1,6,,,,,miss,miss,6,5,correct,correct
2,MTR_201,noise_q1,0.1,149,in_seg,0,1,6,,,,,miss,miss,6,6,correct,correct
2,MTR_201,noise_q1,0.1,150,in_seg,0,1,5,,,,,miss,miss,5,5,correct,correct
2,MTR_201,noise_q1,0.1,151,in_seg,0,1,5,,,,,miss,miss,5,5,correct,correct
2,MTR_201,noise_q1,0.1,152,ligament,3,2,0,,,,,,,unknown,unknown,,
2,MTR_201,noise_q1,0.1,153,in_seg,1,5,1,,,,,miss,miss,1,1,correct,correct
2,MTR_201,noise_q1,0.1,154,in_seg,1,6,3,,,,,miss,miss,3,3,correct,correct
2,MTR_201,noise_q1,0.1,155,in_seg,1,4,2,,,,,miss,miss,2,2,correct,correct
2,MTR_201,noise_q1,0.1,156,in_seg,1,4,2,,,,,miss,miss,2,2,correct,correct
2,MTR_201,noise_q1,0.1,157,in_seg,1,4,2,,,,,miss,miss,2,2,correct,correct
2,MTR_201,noise_q1,0.1,158,effusion,2,-1,7,,,,,,,none,none,,
2,MTR_201,noise_q1,0.25,147,in_seg,0,1,6,,,,,miss,miss,6,6,correct,correct
2,MTR_201,noise_q1,0.25,148,in_seg,0,1,6,,,,,miss,miss,6,5,correct,correct
2,MTR_201,noise_q1,0.25,149,in_seg,0,1,6,,,,,miss,miss,6,6,correct,correct
2,MTR_201,noise_q1,0.25,150,in_seg,0,1,5,,,,,miss,miss,5,5,correct,correct
2,MTR_201,noise_q1,0.25,151,in_seg,0,1,5,,,,,miss,miss,5,5,correct,correct
2,MTR_201,noise_q1,0.25,152,ligament,3,2,0,,,,,,,unknown,unknown,,
2,MTR_201,noise_q1,0.25,153,in_seg,1,5,1,,,,,miss,miss,1,1,correct,correct
2,MTR_201,noise_q1,0.25,154,in_seg,1,6,3,,,,,miss,miss,3,3,correct,correct
2,MTR_201,noise_q1,0.25,155,in_seg,1,4,2,,,,,miss,miss,2,2,correct,correct
2,MTR_201,noise_q1,0.25,156,in_seg,1,4,2,,,,,miss,miss,2,2,correct,correct
2,MTR_201,noise_q1,0.25,157,in_seg,1,4,2,,,,,miss,miss,2,2,correct,correct
2,MTR_201,noise_q1,0.25,158,effusion,2,-1,7,,,,,,,none,none,,
2,MTR_201,noise_q2,0.05,147,in_seg,0,1,6,,,,,miss,miss,6,6,correct,correct
2,MTR_201,noise_q2,0.05,148,in_seg,0,1,6,,,,,miss,miss,6,5,correct,correct
2,MTR_201,noise_q2,0.05,149,in_seg,0,1,6,,,,,miss,miss,6,5,correct,correct
2,MTR_201,noise_q2,0.05,150,in_seg,0,1,5,,,,,miss,miss,5,5,correct,correct
2,MTR_201,noise_q2,0.05,151,in_seg,0,1,5,,,,,miss,miss,5,5,correct,correct
2,MTR_201,noise_q2,0.05,152,ligament,3,2,0,,,,,,,unknown,unknown,,
2,MTR_201,noise_q2,0.05,153,in_seg,1,5,1,,,,,miss,miss,1,1,correct,correct
2,MTR_201,noise_q2,0.05,154,in_seg,1,6,3,,,,,miss,miss,3,3,correct,correct
2,MTR_201,noise_q2,0.05,155,in_seg,1,4,2,,,,,miss,miss,2,2,correct,correct
2,MTR_201,noise_q2,0.05,156,in_seg,1,4,2,,,,,miss,miss,2,2,correct,correct
2,MTR_201,noise_q2,0.05,157,in_seg,1,4,2,,,,,miss,miss,2,2,correct,correct
2,MTR_201,noise_q2,0.05,158,effusion,2,-1,7,,,,,,,none,none,,
2,MTR_201,noise_q2,0.1,147,in_seg,0,1,6,,,,,miss,miss,6,6,correct,correct
2,MTR_201,noise_q2,0.1,148,in_seg,0,1,6,,,,,miss,miss,6,5,correct,correct
2,MTR_201,noise_q2,0.1,149,in_seg,0,1,6,,,,,miss,miss,6,5,correct,correct
2,MTR_201,noise_q2,0.1,150,in_seg,0,1,5,,,,,miss,miss,5,5,correct,correct
2,MTR_201,noise_q2,0.1,151,in_seg,0,1,5,,,,,miss,miss,5,5,correct,correct
2,MTR_201,noise_q2,0.1,152,ligament,3,2,0,,,,,,,unknown,unknown,,
2,MTR_201,noise_q2,0.1,153,in_seg,1,5,1,,,,,miss,miss,1,1,correct,correct
2,MTR_201,noise_q2,0.1,154,in_seg,1,6,3,,,,,miss,miss,3,3,correct,correct
2,MTR_201,noise_q2,0.1,155,in_seg,1,4,2,,,,,miss,miss,2,2,correct,correct
2,MTR_201,noise_q2,0.1,156,in_seg,1,4,2,,,,,miss,miss,2,2,correct,correct
2,MTR_201,noise_q2,0.1,157,in_seg,1,4,2,,,,,miss,miss,2,2,correct,correct
2,MTR_201,noise_q2,0.1,158,effusion,2,-1,7,,,,,,,none,none,,
2,MTR_201,noise_q2,0.25,147,in_seg,0,1,6,,,,,miss,miss,6,6,correct,correct
2,MTR_201,noise_q2,0.25,148,in_seg,0,1,6,,,,,miss,miss,6,5,correct,correct
2,MTR_201,noise_q2,0.25,149,in_seg,0,1,6,,,,,miss,miss,6,5,correct,correct
2,MTR_201,noise_q2,0.25,150,in_seg,0,1,5,,,,,miss,miss,5,5,correct,correct
2,MTR_201,noise_q2,0.25,151,in_seg,0,1,5,,,,,miss,miss,5,5,correct,correct
2,MTR_201,noise_q2,0.25,152,ligament,3,2,0,,,,,,,unknown,unknown,,
2,MTR_201,noise_q2,0.25,153,in_seg,1,5,1,,,,,miss,miss,1,1,correct,correct
2,MTR_201,noise_q2,0.25,154,in_seg,1,6,3,,,,,miss,miss,3,3,correct,correct
2,MTR_201,noise_q2,0.25,155,in_seg,1,4,2,,,,,miss,miss,2,2,correct,correct
2,MTR_201,noise_q2,0.25,156,in_seg,1,4,2,,,,,miss,miss,2,2,correct,correct
2,MTR_201,noise_q2,0.25,157,in_seg,1,4,2,,,,,miss,miss,2,2,correct,correct
2,MTR_201,noise_q2,0.25,158,effusion,2,-1,7,,,,,,,none,none,,
2,MTR_201,noise_q3,0.05,147,in_seg,0,1,6,,,,,miss,miss,6,6,correct,correct
2,MTR_201,noise_q3,0.05,148,in_seg,0,1,6,,,,,miss,miss,6,5,correct,correct
2,MTR_201,noise_q3,0.05,149,in_seg,0,1,6,,,,,miss,miss,6,5,correct,correct
2,MTR_201,noise_q3,0.05,150,in_seg,0,1,5,,,,,miss,miss,5,5,correct,correct
2,MTR_201,noise_q3,0.05,151,in_seg,0,1,5,,,,,miss,miss,5,5,correct,correct
2,MTR_201,noise_q3,0.05,152,ligament,3,2,0,,,,,,,unknown,unknown,,
2,MTR_201,noise_q3,0.05,153,in_seg,1,5,1,,,,,miss,miss,1,1,correct,correct
2,MTR_201,noise_q3,0.05,154,in_seg,1,6,3,,,,,miss,miss,3,3,correct,correct
2,MTR_201,noise_q3,0.05,155,in_seg,1,4,2,,,,,miss,miss,2,2,correct,correct
2,MTR_201,noise_q3,0.05,156,in_seg,1,4,2,,,,,miss,miss,2,2,correct,correct
2,MTR_201,noise_q3,0.05,157,in_seg,1,4,2,,,,,miss,miss,2,2,correct,correct
2,MTR_201,noise_q3,0.05,158,effusion,2,-1,7,,,,,,,none,none,,
2,MTR_201,noise_q3,0.1,147,in_seg,0,1,6,,,,,miss,miss,6,6,correct,correct
2,MTR_201,noise_q3,0.1,148,in_seg,0,1,6,,,,,miss,miss,6,5,correct,correct
2,MTR_201,noise_q3,0.1,149,in_seg,0,1,6,,,,,miss,miss,6,5,correct,correct
2,MTR_201,noise_q3,0.1,150,in_seg,0,1,5,,,,,miss,miss,5,5,correct,correct
2,MTR_201,noise_q3,0.1,151,in_seg,0,1,5,,,,,miss,miss,5,5,correct,correct
2,MTR_201,noise_q3,0.1,152,ligament,3,2,0,,,,,,,unknown,unknown,,
2,MTR_201,noise_q3,0.1,153,in_seg,1,5,1,,,,,miss,miss,1,1,correct,correct
2,MTR_201,noise_q3,0.1,154,in_seg,1,6,3,,,,,miss,miss,3,3,correct,correct
2,MTR_201,noise_q3,0.1,155,in_seg,1,4,2,,,,,miss,miss,2,2,correct,correct
2,MTR_201,noise_q3,0.1,156,in_seg,1,4,2,,,,,miss,miss,2,2,correct,correct
2,MTR_201,noise_q3,0.1,157,in_seg,1,4,2,,,,,miss,miss,2,2,correct,correct
2,MTR_201,noise_q3,0.1,158,effusion,2,-1,7,,,,,,,none,none,,
2,MTR_201,noise_q3,0.25,147,in_seg,0,1,6,,,,,miss,miss,6,6,correct,correct
2,MTR_201,noise_q3,0.25,148,in_seg,0,1,6,,,,,miss,miss,6,5,correct,correct
2,MTR_201,noise_q3,0.25,149,in_seg,0,1,6,,,,,miss,miss,6,5,correct,correct
2,MTR_201,noise_q3,0.25,150,in_seg,0,1,5,,,,,miss,miss,5,5,correct,correct
2,MTR_201,noise_q3,0.25,151,in_seg,0,1,5,,,,,miss,miss,5,5,correct,correct
2,MTR_201,noise_q3,0.25,152,ligament,3,2,0,,,,,,,unknown,unknown,,
2,MTR_201,noise_q3,0.25,153,in_seg,1,5,1,,,,,miss,miss,1,1,correct,correct
2,MTR_201,noise_q3,0.25,154,in_seg,1,6,3,,,,,miss,miss,3,3,correct,correct
2,MTR_201,noise_q3,0.25,155,in_seg,1,4,2,,,,,miss,miss,2,2,correct,correct
2,MTR_201,noise_q3,0.25,156,in_seg,1,4,2,,,,,miss,miss,2,2,correct,correct
2,MTR_201,noise_q3,0.25,157,in_seg,1,4,2,,,,,miss,miss,2,2,correct,correct
2,MTR_201,noise_q3,0.25,158,effusion,2,-1,7,,,,,,,none,none,,
2,MTR_201,us4,0.05,147,in_seg,0,1,6,,,,,miss,miss,6,6,correct,correct
2,MTR_201,us4,0.05,148,in_seg,0,1,6,,,,,miss,miss,6,6,correct,correct
2,MTR_201,us4,0.05,149,in_seg,0,1,6,,,,,miss,miss,6,6,correct,correct
2,MTR_201,us4,0.05,150,in_seg,0,1,5,,,,,miss,miss,5,5,correct,correct
2,MTR_201,us4,0.05,151,in_seg,0,1,5,,,,,miss,miss,5,5,correct,correct
2,MTR_201,us4,0.05,152,ligament,3,2,0,,,,,,,unknown,unknown,,
2,MTR_201,us4,0.05,153,in_seg,1,5,1,,,,,miss,miss,1,1,correct,correct
2,MTR_201,us4,0.05,154,in_seg,1,6,3,,,,,miss,miss,3,3,correct,correct
2,MTR_201,us4,0.05,155,in_seg,1,4,2,,,,,miss,miss,2,2,correct,correct
2,MTR_201,us4,0.05,156,in_seg,1,4,2,,,,,miss,miss,2,2,correct,correct
2,MTR_201,us4,0.05,157,in_seg,1,4,2,,,,,miss,miss,2,2,correct,correct
2,MTR_201,us4,0.05,158,effusion,2,-1,7,,,,,,,none,none,,
2,MTR_201,us4,0.1,147,in_seg,0,1,6,,,,,miss,miss,6,6,correct,correct
2,MTR_201,us4,0.1,148,in_seg,0,1,6,,,,,miss,miss,6,6,correct,correct
2,MTR_201,us4,0.1,149,in_seg,0,1,6,,,,,miss,miss,6,6,correct,correct
2,MTR_201,us4,0.1,150,in_seg,0,1,5,,,,,miss,miss,5,5,correct,correct
2,MTR_201,us4,0.1,151,in_seg,0,1,5,,,,,miss,miss,5,5,correct,correct
2,MTR_201,us4,0.1,152,ligament,3,2,0,,,,,,,unknown,unknown,,
2,MTR_201,us4,0.1,153,in_seg,1,5,1,,,,,miss,miss,1,1,correct,correct
2,MTR_201,us4,0.1,154,in_seg,1,6,3,,,,,miss,miss,3,3,correct,correct
2,MTR_201,us4,0.1,155,in_seg,1,4,2,,,,,miss,miss,2,2,correct,correct
2,MTR_201,us4,0.1,156,in_seg,1,4,2,,,,,miss,miss,2,2,correct,correct
2,MTR_201,us4,0.1,157,in_seg,1,4,2,,,,,miss,miss,2,2,correct,correct
2,MTR_201,us4,0.1,158,effusion,2,-1,7,,,,,,,none,none,,
2,MTR_201,us4,0.25,147,in_seg,0,1,6,,,,,miss,miss,6,6,correct,correct
2,MTR_201,us4,0.25,148,in_seg,0,1,6,,,,,miss,miss,6,6,correct,correct
2,MTR_201,us4,0.25,149,in_seg,0,1,6,,,,,miss,miss,6,6,correct,correct
2,MTR_201,us4,0.25,150,in_seg,0,1,5,,,,,miss,miss,5,5,correct,correct
2,MTR_201,us4,0.25,151,in_seg,0,1,5,,,,,miss,miss,5,5,correct,correct
2,MTR_201,us4,0.25,152,ligament,3,2,0,,,,,,,unknown,unknown,,
2,MTR_201,us4,0.25,153,in_seg,1,5,1,,,,,miss,miss,1,1,correct,correct
2,MTR_201,us4,0.25,154,in_seg,1,6,3,,,,,miss,miss,3,3,correct,correct
2,MTR_201,us4,0.25,155,in_seg,1,4,2,,,,,miss,miss,2,2,correct,correct
2,MTR_201,us4,0.25,156,in_seg,1,4,2,,,,,miss,miss,2,2,correct,correct
2,MTR_201,us4,0.25,157,in_seg,1,4,2,,,,,miss,miss,2,2,correct,correct
2,MTR_201,us4,0.25,158,effusion,2,-1,7,,,,,,,none,none,,
2,MTR_201,us8,0.05,147,in_seg,0,1,6,,,,,miss,miss,6,5,correct,correct
2,MTR_201,us8,0.05,148,in_seg,0,1,6,,,,,miss,miss,6,5,correct,correct
2,MTR_201,us8,0.05,149,in_seg,0,1,6,,,,,miss,miss,6,5,correct,correct
2,MTR_201,us8,0.05,150,in_seg,0,1,5,,,,,miss,miss,5,5,correct,correct
2,MTR_201,us8,0.05,151,in_seg,0,1,5,,,,,miss,miss,5,5,correct,correct
2,MTR_201,us8,0.05,152,ligament,3,2,0,,,,,,,unknown,unknown,,
2,MTR_201,us8,0.05,153,in_seg,1,5,1,,,,,miss,miss,1,1,correct,correct
2,MTR_201,us8,0.05,154,in_seg,1,6,3,,,,,miss,miss,3,3,correct,correct
2,MTR_201,us8,0.05,155,in_seg,1,4,2,,,,,miss,miss,2,2,correct,correct
2,MTR_201,us8,0.05,156,in_seg,1,4,2,,,,,miss,miss,2,2,correct,correct
2,MTR_201,us8,0.05,157,in_seg,1,4,2,,,,,miss,miss,2,2,correct,correct
2,MTR_201,us8,0.05,158,effusion,2,-1,7,,,,,,,none,none,,
2,MTR_201,us8,0.1,147,in_seg,0,1,6,,,,,miss,miss,6,5,correct,correct
2,MTR_201,us8,0.1,148,in_seg,0,1,6,,,,,miss,miss,6,5,correct,correct
2,MTR_201,us8,0.1,149,in_seg,0,1,6,,,,,miss,miss,6,5,correct,correct
2,MTR_201,us8,0.1,150,in_seg,0,1,5,,,,,miss,miss,5,5,correct,correct
2,MTR_201,us8,0.1,151,in_seg,0,1,5,,,,,miss,miss,5,5,correct,correct
2,MTR_201,us8,0.1,152,ligament,3,2,0,,,,,,,unknown,unknown,,
2,MTR_201,us8,0.1,153,in_seg,1,5,1,,,,,miss,miss,1,1,correct,correct
2,MTR_201,us8,0.1,154,in_seg,1,6,3,,,,,miss,miss,3,3,correct,correct
2,MTR_201,us8,0.1,155,in_seg,1,4,2,,,,,miss,miss,2,2,correct,correct
2,MTR_201,us8,0.1,156,in_seg,1,4,2,,,,,miss,miss,2,2,correct,correct
2,MTR_201,us8,0.1,157,in_seg,1,4,2,,,,,miss,miss,2,2,correct,correct
2,MTR_201,us8,0.1,158,effusion,2,-1,7,,,,,,,none,none,,
2,MTR_201,us8,0.25,147,in_seg,0,1,6,,,,,miss,miss,6,5,correct,correct
2,MTR_201,us8,0.25,148,in_seg,0,1,6,,,,,miss,miss,6,5,correct,correct
2,MTR_201,us8,0.25,149,in_seg,0,1,6,,,,,miss,miss,6,5,correct,correct
2,MTR_201,us8,0.25,150,in_seg,0,1,5,,,,,miss,miss,5,5,correct,correct
2,MTR_201,us8,0.25,151,in_seg,0,1,5,,,,,miss,miss,5,5,correct,correct
2,MTR_201,us8,0.25,152,ligament,3,2,0,,,,,,,unknown,unknown,,
2,MTR_201,us8,0.25,153,in_seg,1,5,1,,,,,miss,miss,1,1,correct,correct
2,MTR_201,us8,0.25,154,in_seg,1,6,3,,,,,miss,miss,3,3,correct,correct
2,MTR_201,us8,0.25,155,in_seg,1,4,2,,,,,miss,miss,2,2,correct,correct
2,MTR_201,us8,0.25,156,in_seg,1,4,2,,,,,miss,miss,2,2,correct,correct
2,MTR_201,us8,0.25,157,in_seg,1,4,2,,,,,miss,miss,2,2,correct,correct
2,MTR_201,us8,0.25,158,effusion,2,-1,7,,,,,,,none,none,,
2,MTR_201,us16,0.05,147,in_seg,0,1,6,,,,,miss,miss,6,5,correct,correct
2,MTR_201,us16,0.05,148,in_seg,0,1,6,,,,,miss,miss,6,6,correct,correct
2,MTR_201,us16,0.05,149,in_seg,0,1,6,,,,,miss,miss,6,6,correct,correct
2,MTR_201,us16,0.05,150,in_seg,0,1,5,,,,,miss,miss,5,5,correct,correct
2,MTR_201,us16,0.05,151,in_seg,0,1,5,,,,,miss,miss,5,5,correct,correct
2,MTR_201,us16,0.05,152,ligament,3,2,0,,,,,,,unknown,unknown,,
2,MTR_201,us16,0.05,153,in_seg,1,5,1,,,,,miss,miss,1,1,correct,correct
2,MTR_201,us16,0.05,154,in_seg,1,6,3,,,,,miss,miss,3,3,correct,correct
2,MTR_201,us16,0.05,155,in_seg,1,4,2,,,,,miss,miss,2,2,correct,correct
2,MTR_201,us16,0.05,156,in_seg,1,4,2,,,,,miss,miss,2,2,correct,correct
2,MTR_201,us16,0.05,157,in_seg,1,4,2,,,,,miss,miss,2,2,correct,correct
2,MTR_201,us16,0.05,158,effusion,2,-1,7,,,,,,,none,none,,
2,MTR_201,us16,0.1,147,in_seg,0,1,6,,,,,miss,miss,6,5,correct,correct
2,MTR_201,us16,0.1,148,in_seg,0,1,6,,,,,miss,miss,6,6,correct,correct
2,MTR_201,us16,0.1,149,in_seg,0,1,6,,,,,miss,miss,6,6,correct,correct
2,MTR_201,us16,0.1,150,in_seg,0,1,5,,,,,miss,miss,5,5,correct,correct
2,MTR_201,us16,0.1,151,in_seg,0,1,5,,,,,miss,miss,5,5,correct,correct
2,MTR_201,us16,0.1,152,ligament,3,2,0,,,,,,,unknown,unknown,,
2,MTR_201,us16,0.1,153,in_seg,1,5,1,,,,,miss,miss,1,1,correct,correct
2,MTR_201,us16,0.1,154,in_seg,1,6,3,,,,,miss,miss,3,3,correct,correct
2,MTR_201,us16,0.1,155,in_seg,1,4,2,,,,,miss,miss,2,2,correct,correct
2,MTR_201,us16,0.1,156,in_seg,1,4,2,,,,,miss,miss,2,2,correct,correct
2,MTR_201,us16,0.1,157,in_seg,1,4,2,,,,,miss,miss,2,2,correct,correct
2,MTR_201,us16,0.1,158,effusion,2,-1,7,,,,,,,none,none,,
2,MTR_201,us16,0.25,147,in_seg,0,1,6,,,,,miss,miss,6,5,correct,correct
2,MTR_201,us16,0.25,148,in_seg,0,1,6,,,,,miss,miss,6,6,correct,correct
2,MTR_201,us16,0.25,149,in_seg,0,1,6,,,,,miss,miss,6,6,correct,correct
2,MTR_201,us16,0.25,150,in_seg,0,1,5,,,,,miss,miss,5,5,correct,correct
2,MTR_201,us16,0.25,151,in_seg,0,1,5,,,,,miss,miss,5,5,correct,correct
2,MTR_201,us16,0.25,152,ligament,3,2,0,,,,,,,unknown,unknown,,
2,MTR_201,us16,0.25,153,in_seg,1,5,1,,,,,miss,miss,1,1,correct,correct
2,MTR_201,us16,0.25,154,in_seg,1,6,3,,,,,miss,miss,3,3,correct,correct
2,MTR_201,us16,0.25,155,in_seg,1,4,2,,,,,miss,miss,2,2,correct,correct
2,MTR_201,us16,0.25,156,in_seg,1,4,2,,,,,miss,miss,2,2,correct,correct
2,MTR_201,us16,0.25,157,in_seg,1,4,2,,,,,miss,miss,2,2,correct,correct
2,MTR_201,us16,0.25,158,effusion,2,-1,7,,,,,,,none,none,,
4,MTR_203,clean,0.05,26,in_seg,1,4,2,,,,,miss,miss,2,2,correct,correct
4,MTR_203,clean,0.05,27,in_seg,1,4,2,,,,,miss,miss,2,2,correct,correct
4,MTR_203,clean,0.1,26,in_seg,1,4,2,,,,,miss,miss,2,2,correct,correct
4,MTR_203,clean,0.1,27,in_seg,1,4,2,,,,,miss,miss,2,2,correct,correct
4,MTR_203,clean,0.25,26,in_seg,1,4,2,,,,,miss,miss,2,2,correct,correct
4,MTR_203,clean,0.25,27,in_seg,1,4,2,,,,,miss,miss,2,2,correct,correct
4,MTR_203,noise_q1,0.05,26,in_seg,1,4,2,,,,,miss,miss,2,2,correct,correct
4,MTR_203,noise_q1,0.05,27,in_seg,1,4,2,,,,,miss,miss,2,2,correct,correct
4,MTR_203,noise_q1,0.1,26,in_seg,1,4,2,,,,,miss,miss,2,2,correct,correct
4,MTR_203,noise_q1,0.1,27,in_seg,1,4,2,,,,,miss,miss,2,2,correct,correct
4,MTR_203,noise_q1,0.25,26,in_seg,1,4,2,,,,,miss,miss,2,2,correct,correct
4,MTR_203,noise_q1,0.25,27,in_seg,1,4,2,,,,,miss,miss,2,2,correct,correct
4,MTR_203,noise_q2,0.05,26,in_seg,1,4,2,,,,,miss,miss,2,2,correct,correct
4,MTR_203,noise_q2,0.05,27,in_seg,1,4,2,,,,,miss,miss,2,2,correct,correct
4,MTR_203,noise_q2,0.1,26,in_seg,1,4,2,,,,,miss,miss,2,2,correct,correct
4,MTR_203,noise_q2,0.1,27,in_seg,1,4,2,,,,,miss,miss,2,2,correct,correct
4,MTR_203,noise_q2,0.25,26,in_seg,1,4,2,,,,,miss,miss,2,2,correct,correct
4,MTR_203,noise_q2,0.25,27,in_seg,1,4,2,,,,,miss,miss,2,2,correct,correct
4,MTR_203,noise_q3,0.05,26,in_seg,1,4,2,,,,,miss,miss,2,2,correct,correct
4,MTR_203,noise_q3,0.05,27,in_seg,1,4,2,,,,,miss,miss,2,2,correct,correct
4,MTR_203,noise_q3,0.1,26,in_seg,1,4,2,,,,,miss,miss,2,2,correct,correct
4,MTR_203,noise_q3,0.1,27,in_seg,1,4,2,,,,,miss,miss,2,2,correct,correct
4,MTR_203,noise_q3,0.25,26,in_seg,1,4,2,,,,,miss,miss,2,2,correct,correct
4,MTR_203,noise_q3,0.25,27,in_seg,1,4,2,,,,,miss,miss,2,2,correct,correct
4,MTR_203,us4,0.05,26,in_seg,1,4,2,,,,,miss,miss,2,2,correct,correct
4,MTR_203,us4,0.05,27,in_seg,1,4,2,,,,,miss,miss,2,2,correct,correct
4,MTR_203,us4,0.1,26,in_seg,1,4,2,,,,,miss,miss,2,2,correct,correct
4,MTR_203,us4,0.1,27,in_seg,1,4,2,,,,,miss,miss,2,2,correct,correct
4,MTR_203,us4,0.25,26,in_seg,1,4,2,,,,,miss,miss,2,2,correct,correct
4,MTR_203,us4,0.25,27,in_seg,1,4,2,,,,,miss,miss,2,2,correct,correct
4,MTR_203,us8,0.05,26,in_seg,1,4,2,,,,,miss,miss,2,2,correct,correct
4,MTR_203,us8,0.05,27,in_seg,1,4,2,,,,,miss,miss,2,2,correct,correct
4,MTR_203,us8,0.1,26,in_seg,1,4,2,,,,,miss,miss,2,2,correct,correct
4,MTR_203,us8,0.1,27,in_seg,1,4,2,,,,,miss,miss,2,2,correct,correct
4,MTR_203,us8,0.25,26,in_seg,1,4,2,,,,,miss,miss,2,2,correct,correct
4,MTR_203,us8,0.25,27,in_seg,1,4,2,,,,,miss,miss,2,2,correct,correct
4,MTR_203,us16,0.05,26,in_seg,1,4,2,,,,,miss,miss,2,2,correct,correct
4,MTR_203,us16,0.05,27,in_seg,1,4,2,,,,,miss,miss,2,2,correct,correct
4,MTR_203,us16,0.1,26,in_seg,1,4,2,,,,,miss,miss,2,2,correct,correct
4,MTR_203,us16,0.1,27,in_seg,1,4,2,,,,,miss,miss,2,2,correct,correct
4,MTR_203,us16,0.25,26,in_seg,1,4,2,,,,,miss,miss,2,2,correct,correct
4,MTR_203,us16,0.25,27,in_seg,1,4,2,,,,,miss,miss,2,2,correct,correct
1,MTR_204,clean,0.05,159,in_seg,1,4,2,,,,,miss,miss,2,2,correct,correct
1,MTR_204,clean,0.1,159,in_seg,1,4,2,,,,,miss,miss,2,2,correct,correct
1,MTR_204,clean,0.25,159,in_seg,1,4,2,,,,,miss,miss,2,2,correct,correct
1,MTR_204,noise_q1,0.05,159,in_seg,1,4,2,,,,,miss,miss,2,2,correct,correct
1,MTR_204,noise_q1,0.1,159,in_seg,1,4,2,,,,,miss,miss,2,2,correct,correct
1,MTR_204,noise_q1,0.25,159,in_seg,1,4,2,,,,,miss,miss,2,2,correct,correct
1,MTR_204,noise_q2,0.05,159,in_seg,1,4,2,,,,,miss,miss,2,2,correct,correct
1,MTR_204,noise_q2,0.1,159,in_seg,1,4,2,,,,,miss,miss,2,2,correct,correct
1,MTR_204,noise_q2,0.25,159,in_seg,1,4,2,,,,,miss,miss,2,2,correct,correct
1,MTR_204,noise_q3,0.05,159,in_seg,1,4,2,,,,,miss,miss,2,2,correct,correct
1,MTR_204,noise_q3,0.1,159,in_seg,1,4,2,,,,,miss,miss,2,2,correct,correct
1,MTR_204,noise_q3,0.25,159,in_seg,1,4,2,,,,,miss,miss,2,2,correct,correct
1,MTR_204,us4,0.05,159,in_seg,1,4,2,,,,,miss,miss,2,2,correct,correct
1,MTR_204,us4,0.1,159,in_seg,1,4,2,,,,,miss,miss,2,2,correct,correct
1,MTR_204,us4,0.25,159,in_seg,1,4,2,,,,,miss,miss,2,2,correct,correct
1,MTR_204,us8,0.05,159,in_seg,1,4,2,,,,,miss,miss,2,2,correct,correct
1,MTR_204,us8,0.1,159,in_seg,1,4,2,,,,,miss,miss,2,2,correct,correct
1,MTR_204,us8,0.25,159,in_seg,1,4,2,,,,,miss,miss,2,2,correct,correct
1,MTR_204,us16,0.05,159,in_seg,1,4,2,,,,,miss,miss,2,2,correct,correct
1,MTR_204,us16,0.1,159,in_seg,1,4,2,,,,,miss,miss,2,2,correct,correct
1,MTR_204,us16,0.25,159,in_seg,1,4,2,,,,,miss,miss,2,2,correct,correct
4,MTR_207,clean,0.05,58,in_seg,0,1,6,,,,,miss,miss,6,5,correct,correct
4,MTR_207,clean,0.05,59,in_seg,0,1,6,,,,,miss,miss,6,6,correct,correct
4,MTR_207,clean,0.05,60,ligament,3,2,0,,,,,,,unknown,unknown,,
4,MTR_207,clean,0.05,61,ligament,3,3,0,,,,,,,unknown,unknown,,
4,MTR_207,clean,0.05,62,in_seg,1,4,2,,,,,miss,miss,2,2,correct,correct
4,MTR_207,clean,0.05,63,in_seg,1,6,3,,,,,miss,miss,2,2,wrong_host,wrong_host
4,MTR_207,clean,0.05,64,in_seg,1,5,1,,,,,miss,miss,1,1,correct,correct
4,MTR_207,clean,0.05,65,in_seg,1,6,4,,,,,miss,miss,4,4,correct,correct
4,MTR_207,clean,0.05,67,effusion,2,-1,7,,,,,,,none,none,,
4,MTR_207,clean,0.1,58,in_seg,0,1,6,,,,,miss,miss,6,5,correct,correct
4,MTR_207,clean,0.1,59,in_seg,0,1,6,,,,,miss,miss,6,6,correct,correct
4,MTR_207,clean,0.1,60,ligament,3,2,0,,,,,,,unknown,unknown,,
4,MTR_207,clean,0.1,61,ligament,3,3,0,,,,,,,unknown,unknown,,
4,MTR_207,clean,0.1,62,in_seg,1,4,2,,,,,miss,miss,2,2,correct,correct
4,MTR_207,clean,0.1,63,in_seg,1,6,3,,,,,miss,miss,2,2,wrong_host,wrong_host
4,MTR_207,clean,0.1,64,in_seg,1,5,1,,,,,miss,miss,1,1,correct,correct
4,MTR_207,clean,0.1,65,in_seg,1,6,4,,,,,miss,miss,4,4,correct,correct
4,MTR_207,clean,0.1,67,effusion,2,-1,7,,,,,,,none,none,,
4,MTR_207,clean,0.25,58,in_seg,0,1,6,,,,,miss,miss,6,5,correct,correct
4,MTR_207,clean,0.25,59,in_seg,0,1,6,,,,,miss,miss,6,6,correct,correct
4,MTR_207,clean,0.25,60,ligament,3,2,0,,,,,,,unknown,unknown,,
4,MTR_207,clean,0.25,61,ligament,3,3,0,,,,,,,unknown,unknown,,
4,MTR_207,clean,0.25,62,in_seg,1,4,2,,,,,miss,miss,2,2,correct,correct
4,MTR_207,clean,0.25,63,in_seg,1,6,3,,,,,miss,miss,2,2,wrong_host,wrong_host
4,MTR_207,clean,0.25,64,in_seg,1,5,1,,,,,miss,miss,1,1,correct,correct
4,MTR_207,clean,0.25,65,in_seg,1,6,4,,,,,miss,miss,4,4,correct,correct
4,MTR_207,clean,0.25,67,effusion,2,-1,7,,,,,,,none,none,,
4,MTR_207,noise_q1,0.05,58,in_seg,0,1,6,,,,,miss,miss,6,5,correct,correct
4,MTR_207,noise_q1,0.05,59,in_seg,0,1,6,,,,,miss,miss,6,6,correct,correct
4,MTR_207,noise_q1,0.05,60,ligament,3,2,0,,,,,,,unknown,unknown,,
4,MTR_207,noise_q1,0.05,61,ligament,3,3,0,,,,,,,unknown,unknown,,
4,MTR_207,noise_q1,0.05,62,in_seg,1,4,2,,,,,miss,miss,2,2,correct,correct
4,MTR_207,noise_q1,0.05,63,in_seg,1,6,3,,,,,miss,miss,2,2,wrong_host,wrong_host
4,MTR_207,noise_q1,0.05,64,in_seg,1,5,1,,,,,miss,miss,1,1,correct,correct
4,MTR_207,noise_q1,0.05,65,in_seg,1,6,4,,,,,miss,miss,4,4,correct,correct
4,MTR_207,noise_q1,0.05,67,effusion,2,-1,7,,,,,,,none,none,,
4,MTR_207,noise_q1,0.1,58,in_seg,0,1,6,,,,,miss,miss,6,5,correct,correct
4,MTR_207,noise_q1,0.1,59,in_seg,0,1,6,,,,,miss,miss,6,6,correct,correct
4,MTR_207,noise_q1,0.1,60,ligament,3,2,0,,,,,,,unknown,unknown,,
4,MTR_207,noise_q1,0.1,61,ligament,3,3,0,,,,,,,unknown,unknown,,
4,MTR_207,noise_q1,0.1,62,in_seg,1,4,2,,,,,miss,miss,2,2,correct,correct
4,MTR_207,noise_q1,0.1,63,in_seg,1,6,3,,,,,miss,miss,2,2,wrong_host,wrong_host
4,MTR_207,noise_q1,0.1,64,in_seg,1,5,1,,,,,miss,miss,1,1,correct,correct
4,MTR_207,noise_q1,0.1,65,in_seg,1,6,4,,,,,miss,miss,4,4,correct,correct
4,MTR_207,noise_q1,0.1,67,effusion,2,-1,7,,,,,,,none,none,,
4,MTR_207,noise_q1,0.25,58,in_seg,0,1,6,,,,,miss,miss,6,5,correct,correct
4,MTR_207,noise_q1,0.25,59,in_seg,0,1,6,,,,,miss,miss,6,6,correct,correct
4,MTR_207,noise_q1,0.25,60,ligament,3,2,0,,,,,,,unknown,unknown,,
4,MTR_207,noise_q1,0.25,61,ligament,3,3,0,,,,,,,unknown,unknown,,
4,MTR_207,noise_q1,0.25,62,in_seg,1,4,2,,,,,miss,miss,2,2,correct,correct
4,MTR_207,noise_q1,0.25,63,in_seg,1,6,3,,,,,miss,miss,2,2,wrong_host,wrong_host
4,MTR_207,noise_q1,0.25,64,in_seg,1,5,1,,,,,miss,miss,1,1,correct,correct
4,MTR_207,noise_q1,0.25,65,in_seg,1,6,4,,,,,miss,miss,4,4,correct,correct
4,MTR_207,noise_q1,0.25,67,effusion,2,-1,7,,,,,,,none,none,,
4,MTR_207,noise_q2,0.05,58,in_seg,0,1,6,,,,,miss,miss,6,5,correct,correct
4,MTR_207,noise_q2,0.05,59,in_seg,0,1,6,,,,,miss,miss,6,6,correct,correct
4,MTR_207,noise_q2,0.05,60,ligament,3,2,0,,,,,,,unknown,unknown,,
4,MTR_207,noise_q2,0.05,61,ligament,3,3,0,,,,,,,unknown,unknown,,
4,MTR_207,noise_q2,0.05,62,in_seg,1,4,2,,,,,miss,miss,2,2,correct,correct
4,MTR_207,noise_q2,0.05,63,in_seg,1,6,3,,,,,miss,miss,2,2,wrong_host,wrong_host
4,MTR_207,noise_q2,0.05,64,in_seg,1,5,1,,,,,miss,miss,1,1,correct,correct
4,MTR_207,noise_q2,0.05,65,in_seg,1,6,4,,,,,miss,miss,4,4,correct,correct
4,MTR_207,noise_q2,0.05,67,effusion,2,-1,7,,,,,,,none,none,,
4,MTR_207,noise_q2,0.1,58,in_seg,0,1,6,,,,,miss,miss,6,5,correct,correct
4,MTR_207,noise_q2,0.1,59,in_seg,0,1,6,,,,,miss,miss,6,6,correct,correct
4,MTR_207,noise_q2,0.1,60,ligament,3,2,0,,,,,,,unknown,unknown,,
4,MTR_207,noise_q2,0.1,61,ligament,3,3,0,,,,,,,unknown,unknown,,
4,MTR_207,noise_q2,0.1,62,in_seg,1,4,2,,,,,miss,miss,2,2,correct,correct
4,MTR_207,noise_q2,0.1,63,in_seg,1,6,3,,,,,miss,miss,2,2,wrong_host,wrong_host
4,MTR_207,noise_q2,0.1,64,in_seg,1,5,1,,,,,miss,miss,1,1,correct,correct
4,MTR_207,noise_q2,0.1,65,in_seg,1,6,4,,,,,miss,miss,4,4,correct,correct
4,MTR_207,noise_q2,0.1,67,effusion,2,-1,7,,,,,,,none,none,,
4,MTR_207,noise_q2,0.25,58,in_seg,0,1,6,,,,,miss,miss,6,5,correct,correct
4,MTR_207,noise_q2,0.25,59,in_seg,0,1,6,,,,,miss,miss,6,6,correct,correct
4,MTR_207,noise_q2,0.25,60,ligament,3,2,0,,,,,,,unknown,unknown,,
4,MTR_207,noise_q2,0.25,61,ligament,3,3,0,,,,,,,unknown,unknown,,
4,MTR_207,noise_q2,0.25,62,in_seg,1,4,2,,,,,miss,miss,2,2,correct,correct
4,MTR_207,noise_q2,0.25,63,in_seg,1,6,3,,,,,miss,miss,2,2,wrong_host,wrong_host
4,MTR_207,noise_q2,0.25,64,in_seg,1,5,1,,,,,miss,miss,1,1,correct,correct
4,MTR_207,noise_q2,0.25,65,in_seg,1,6,4,,,,,miss,miss,4,4,correct,correct
4,MTR_207,noise_q2,0.25,67,effusion,2,-1,7,,,,,,,none,none,,
4,MTR_207,noise_q3,0.05,58,in_seg,0,1,6,,,,,miss,miss,6,5,correct,correct
4,MTR_207,noise_q3,0.05,59,in_seg,0,1,6,,,,,miss,miss,6,6,correct,correct
4,MTR_207,noise_q3,0.05,60,ligament,3,2,0,,,,,,,unknown,unknown,,
4,MTR_207,noise_q3,0.05,61,ligament,3,3,0,,,,,,,unknown,unknown,,
4,MTR_207,noise_q3,0.05,62,in_seg,1,4,2,,,,,miss,miss,2,2,correct,correct
4,MTR_207,noise_q3,0.05,63,in_seg,1,6,3,,,,,miss,miss,2,2,wrong_host,wrong_host
4,MTR_207,noise_q3,0.05,64,in_seg,1,5,1,,,,,miss,miss,1,1,correct,correct
4,MTR_207,noise_q3,0.05,65,in_seg,1,6,4,,,,,miss,miss,4,4,correct,correct
4,MTR_207,noise_q3,0.05,67,effusion,2,-1,7,,,,,,,none,none,,
4,MTR_207,noise_q3,0.1,58,in_seg,0,1,6,,,,,miss,miss,6,5,correct,correct
4,MTR_207,noise_q3,0.1,59,in_seg,0,1,6,,,,,miss,miss,6,6,correct,correct
4,MTR_207,noise_q3,0.1,60,ligament,3,2,0,,,,,,,unknown,unknown,,
4,MTR_207,noise_q3,0.1,61,ligament,3,3,0,,,,,,,unknown,unknown,,
4,MTR_207,noise_q3,0.1,62,in_seg,1,4,2,,,,,miss,miss,2,2,correct,correct
4,MTR_207,noise_q3,0.1,63,in_seg,1,6,3,,,,,miss,miss,2,2,wrong_host,wrong_host
4,MTR_207,noise_q3,0.1,64,in_seg,1,5,1,,,,,miss,miss,1,1,correct,correct
4,MTR_207,noise_q3,0.1,65,in_seg,1,6,4,,,,,miss,miss,4,4,correct,correct
4,MTR_207,noise_q3,0.1,67,effusion,2,-1,7,,,,,,,none,none,,
4,MTR_207,noise_q3,0.25,58,in_seg,0,1,6,,,,,miss,miss,6,5,correct,correct
4,MTR_207,noise_q3,0.25,59,in_seg,0,1,6,,,,,miss,miss,6,6,correct,correct
4,MTR_207,noise_q3,0.25,60,ligament,3,2,0,,,,,,,unknown,unknown,,
4,MTR_207,noise_q3,0.25,61,ligament,3,3,0,,,,,,,unknown,unknown,,
4,MTR_207,noise_q3,0.25,62,in_seg,1,4,2,,,,,miss,miss,2,2,correct,correct
4,MTR_207,noise_q3,0.25,63,in_seg,1,6,3,,,,,miss,miss,2,2,wrong_host,wrong_host
4,MTR_207,noise_q3,0.25,64,in_seg,1,5,1,,,,,miss,miss,1,1,correct,correct
4,MTR_207,noise_q3,0.25,65,in_seg,1,6,4,,,,,miss,miss,4,4,correct,correct
4,MTR_207,noise_q3,0.25,67,effusion,2,-1,7,,,,,,,none,none,,
4,MTR_207,us4,0.05,58,in_seg,0,1,6,,,,,miss,miss,6,6,correct,correct
4,MTR_207,us4,0.05,59,in_seg,0,1,6,,,,,miss,miss,6,6,correct,correct
4,MTR_207,us4,0.05,60,ligament,3,2,0,,,,,,,unknown,unknown,,
4,MTR_207,us4,0.05,61,ligament,3,3,0,,,,,,,unknown,unknown,,
4,MTR_207,us4,0.05,62,in_seg,1,4,2,,,,,miss,miss,2,2,correct,correct
4,MTR_207,us4,0.05,63,in_seg,1,6,3,,,,,miss,miss,2,2,wrong_host,wrong_host
4,MTR_207,us4,0.05,64,in_seg,1,5,1,,,,,miss,miss,1,1,correct,correct
4,MTR_207,us4,0.05,65,in_seg,1,6,4,,,,,miss,miss,4,4,correct,correct
4,MTR_207,us4,0.05,67,effusion,2,-1,7,,,,,,,none,none,,
4,MTR_207,us4,0.1,58,in_seg,0,1,6,,,,,miss,miss,6,6,correct,correct
4,MTR_207,us4,0.1,59,in_seg,0,1,6,,,,,miss,miss,6,6,correct,correct
4,MTR_207,us4,0.1,60,ligament,3,2,0,,,,,,,unknown,unknown,,
4,MTR_207,us4,0.1,61,ligament,3,3,0,,,,,,,unknown,unknown,,
4,MTR_207,us4,0.1,62,in_seg,1,4,2,,,,,miss,miss,2,2,correct,correct
4,MTR_207,us4,0.1,63,in_seg,1,6,3,,,,,miss,miss,2,2,wrong_host,wrong_host
4,MTR_207,us4,0.1,64,in_seg,1,5,1,,,,,miss,miss,1,1,correct,correct
4,MTR_207,us4,0.1,65,in_seg,1,6,4,,,,,miss,miss,4,4,correct,correct
4,MTR_207,us4,0.1,67,effusion,2,-1,7,,,,,,,none,none,,
4,MTR_207,us4,0.25,58,in_seg,0,1,6,,,,,miss,miss,6,6,correct,correct
4,MTR_207,us4,0.25,59,in_seg,0,1,6,,,,,miss,miss,6,6,correct,correct
4,MTR_207,us4,0.25,60,ligament,3,2,0,,,,,,,unknown,unknown,,
4,MTR_207,us4,0.25,61,ligament,3,3,0,,,,,,,unknown,unknown,,
4,MTR_207,us4,0.25,62,in_seg,1,4,2,,,,,miss,miss,2,2,correct,correct
4,MTR_207,us4,0.25,63,in_seg,1,6,3,,,,,miss,miss,2,2,wrong_host,wrong_host
4,MTR_207,us4,0.25,64,in_seg,1,5,1,,,,,miss,miss,1,1,correct,correct
4,MTR_207,us4,0.25,65,in_seg,1,6,4,,,,,miss,miss,4,4,correct,correct
4,MTR_207,us4,0.25,67,effusion,2,-1,7,,,,,,,none,none,,
4,MTR_207,us8,0.05,58,in_seg,0,1,6,,,,,miss,miss,6,6,correct,correct
4,MTR_207,us8,0.05,59,in_seg,0,1,6,,,,,miss,miss,6,6,correct,correct
4,MTR_207,us8,0.05,60,ligament,3,2,0,,,,,,,unknown,unknown,,
4,MTR_207,us8,0.05,61,ligament,3,3,0,,,,,,,unknown,unknown,,
4,MTR_207,us8,0.05,62,in_seg,1,4,2,,,,,miss,miss,2,2,correct,correct
4,MTR_207,us8,0.05,63,in_seg,1,6,3,,,,,miss,miss,2,2,wrong_host,wrong_host
4,MTR_207,us8,0.05,64,in_seg,1,5,1,,,,,miss,miss,1,1,correct,correct
4,MTR_207,us8,0.05,65,in_seg,1,6,4,,,,,miss,miss,4,4,correct,correct
4,MTR_207,us8,0.05,67,effusion,2,-1,7,,,,,,,none,none,,
4,MTR_207,us8,0.1,58,in_seg,0,1,6,,,,,miss,miss,6,6,correct,correct
4,MTR_207,us8,0.1,59,in_seg,0,1,6,,,,,miss,miss,6,6,correct,correct
4,MTR_207,us8,0.1,60,ligament,3,2,0,,,,,,,unknown,unknown,,
4,MTR_207,us8,0.1,61,ligament,3,3,0,,,,,,,unknown,unknown,,
4,MTR_207,us8,0.1,62,in_seg,1,4,2,,,,,miss,miss,2,2,correct,correct
4,MTR_207,us8,0.1,63,in_seg,1,6,3,,,,,miss,miss,2,2,wrong_host,wrong_host
4,MTR_207,us8,0.1,64,in_seg,1,5,1,,,,,miss,miss,1,1,correct,correct
4,MTR_207,us8,0.1,65,in_seg,1,6,4,,,,,miss,miss,4,4,correct,correct
4,MTR_207,us8,0.1,67,effusion,2,-1,7,,,,,,,none,none,,
4,MTR_207,us8,0.25,58,in_seg,0,1,6,,,,,miss,miss,6,6,correct,correct
4,MTR_207,us8,0.25,59,in_seg,0,1,6,,,,,miss,miss,6,6,correct,correct
4,MTR_207,us8,0.25,60,ligament,3,2,0,,,,,,,unknown,unknown,,
4,MTR_207,us8,0.25,61,ligament,3,3,0,,,,,,,unknown,unknown,,
4,MTR_207,us8,0.25,62,in_seg,1,4,2,,,,,miss,miss,2,2,correct,correct
4,MTR_207,us8,0.25,63,in_seg,1,6,3,,,,,miss,miss,2,2,wrong_host,wrong_host
4,MTR_207,us8,0.25,64,in_seg,1,5,1,,,,,miss,miss,1,1,correct,correct
4,MTR_207,us8,0.25,65,in_seg,1,6,4,,,,,miss,miss,4,4,correct,correct
4,MTR_207,us8,0.25,67,effusion,2,-1,7,,,,,,,none,none,,
4,MTR_207,us16,0.05,58,in_seg,0,1,6,,,,,miss,miss,6,6,correct,correct
4,MTR_207,us16,0.05,59,in_seg,0,1,6,,,,,miss,miss,6,6,correct,correct
4,MTR_207,us16,0.05,60,ligament,3,2,0,,,,,,,unknown,unknown,,
4,MTR_207,us16,0.05,61,ligament,3,3,0,,,,,,,unknown,unknown,,
4,MTR_207,us16,0.05,62,in_seg,1,4,2,,,,,miss,miss,2,2,correct,correct
4,MTR_207,us16,0.05,63,in_seg,1,6,3,,,,,miss,miss,2,2,wrong_host,wrong_host
4,MTR_207,us16,0.05,64,in_seg,1,5,1,,,,,miss,miss,1,1,correct,correct
4,MTR_207,us16,0.05,65,in_seg,1,6,4,,,,,miss,miss,4,4,correct,correct
4,MTR_207,us16,0.05,67,effusion,2,-1,7,,,,,,,none,none,,
4,MTR_207,us16,0.1,58,in_seg,0,1,6,,,,,miss,miss,6,6,correct,correct
4,MTR_207,us16,0.1,59,in_seg,0,1,6,,,,,miss,miss,6,6,correct,correct
4,MTR_207,us16,0.1,60,ligament,3,2,0,,,,,,,unknown,unknown,,
4,MTR_207,us16,0.1,61,ligament,3,3,0,,,,,,,unknown,unknown,,
4,MTR_207,us16,0.1,62,in_seg,1,4,2,,,,,miss,miss,2,2,correct,correct
4,MTR_207,us16,0.1,63,in_seg,1,6,3,,,,,miss,miss,2,2,wrong_host,wrong_host
4,MTR_207,us16,0.1,64,in_seg,1,5,1,,,,,miss,miss,1,1,correct,correct
4,MTR_207,us16,0.1,65,in_seg,1,6,4,,,,,miss,miss,4,4,correct,correct
4,MTR_207,us16,0.1,67,effusion,2,-1,7,,,,,,,none,none,,
4,MTR_207,us16,0.25,58,in_seg,0,1,6,,,,,miss,miss,6,6,correct,correct
4,MTR_207,us16,0.25,59,in_seg,0,1,6,,,,,miss,miss,6,6,correct,correct
4,MTR_207,us16,0.25,60,ligament,3,2,0,,,,,,,unknown,unknown,,
4,MTR_207,us16,0.25,61,ligament,3,3,0,,,,,,,unknown,unknown,,
4,MTR_207,us16,0.25,62,in_seg,1,4,2,,,,,miss,miss,2,2,correct,correct
4,MTR_207,us16,0.25,63,in_seg,1,6,3,,,,,miss,miss,2,2,wrong_host,wrong_host
4,MTR_207,us16,0.25,64,in_seg,1,5,1,,,,,miss,miss,1,1,correct,correct
4,MTR_207,us16,0.25,65,in_seg,1,6,4,,,,,miss,miss,4,4,correct,correct
4,MTR_207,us16,0.25,67,effusion,2,-1,7,,,,,,,none,none,,
3,MTR_208,clean,0.05,23,in_seg,0,1,5,,,,,miss,miss,5,5,correct,correct
3,MTR_208,clean,0.05,24,in_seg,1,4,2,,,,,miss,miss,2,2,correct,correct
3,MTR_208,clean,0.05,25,in_seg,1,4,2,,,,,miss,miss,2,2,correct,correct
3,MTR_208,clean,0.1,23,in_seg,0,1,5,,,,,miss,miss,5,5,correct,correct
3,MTR_208,clean,0.1,24,in_seg,1,4,2,,,,,miss,miss,2,2,correct,correct
3,MTR_208,clean,0.1,25,in_seg,1,4,2,,,,,miss,miss,2,2,correct,correct
3,MTR_208,clean,0.25,23,in_seg,0,1,5,,,,,miss,miss,5,5,correct,correct
3,MTR_208,clean,0.25,24,in_seg,1,4,2,,,,,miss,miss,2,2,correct,correct
3,MTR_208,clean,0.25,25,in_seg,1,4,2,,,,,miss,miss,2,2,correct,correct
3,MTR_208,noise_q1,0.05,23,in_seg,0,1,5,,,,,miss,miss,5,5,correct,correct
3,MTR_208,noise_q1,0.05,24,in_seg,1,4,2,,,,,miss,miss,2,2,correct,correct
3,MTR_208,noise_q1,0.05,25,in_seg,1,4,2,,,,,miss,miss,2,2,correct,correct
3,MTR_208,noise_q1,0.1,23,in_seg,0,1,5,,,,,miss,miss,5,5,correct,correct
3,MTR_208,noise_q1,0.1,24,in_seg,1,4,2,,,,,miss,miss,2,2,correct,correct
3,MTR_208,noise_q1,0.1,25,in_seg,1,4,2,,,,,miss,miss,2,2,correct,correct
3,MTR_208,noise_q1,0.25,23,in_seg,0,1,5,,,,,miss,miss,5,5,correct,correct
3,MTR_208,noise_q1,0.25,24,in_seg,1,4,2,,,,,miss,miss,2,2,correct,correct
3,MTR_208,noise_q1,0.25,25,in_seg,1,4,2,,,,,miss,miss,2,2,correct,correct
3,MTR_208,noise_q2,0.05,23,in_seg,0,1,5,,,,,miss,miss,5,5,correct,correct
3,MTR_208,noise_q2,0.05,24,in_seg,1,4,2,,,,,miss,miss,2,2,correct,correct
3,MTR_208,noise_q2,0.05,25,in_seg,1,4,2,,,,,miss,miss,2,2,correct,correct
3,MTR_208,noise_q2,0.1,23,in_seg,0,1,5,,,,,miss,miss,5,5,correct,correct
3,MTR_208,noise_q2,0.1,24,in_seg,1,4,2,,,,,miss,miss,2,2,correct,correct
3,MTR_208,noise_q2,0.1,25,in_seg,1,4,2,,,,,miss,miss,2,2,correct,correct
3,MTR_208,noise_q2,0.25,23,in_seg,0,1,5,,,,,miss,miss,5,5,correct,correct
3,MTR_208,noise_q2,0.25,24,in_seg,1,4,2,,,,,miss,miss,2,2,correct,correct
3,MTR_208,noise_q2,0.25,25,in_seg,1,4,2,,,,,miss,miss,2,2,correct,correct
3,MTR_208,noise_q3,0.05,23,in_seg,0,1,5,,,,,miss,miss,5,5,correct,correct
3,MTR_208,noise_q3,0.05,24,in_seg,1,4,2,,,,,miss,miss,2,2,correct,correct
3,MTR_208,noise_q3,0.05,25,in_seg,1,4,2,,,,,miss,miss,2,2,correct,correct
3,MTR_208,noise_q3,0.1,23,in_seg,0,1,5,,,,,miss,miss,5,5,correct,correct
3,MTR_208,noise_q3,0.1,24,in_seg,1,4,2,,,,,miss,miss,2,2,correct,correct
3,MTR_208,noise_q3,0.1,25,in_seg,1,4,2,,,,,miss,miss,2,2,correct,correct
3,MTR_208,noise_q3,0.25,23,in_seg,0,1,5,,,,,miss,miss,5,5,correct,correct
3,MTR_208,noise_q3,0.25,24,in_seg,1,4,2,,,,,miss,miss,2,2,correct,correct
3,MTR_208,noise_q3,0.25,25,in_seg,1,4,2,,,,,miss,miss,2,2,correct,correct
3,MTR_208,us4,0.05,23,in_seg,0,1,5,,,,,miss,miss,5,5,correct,correct
3,MTR_208,us4,0.05,24,in_seg,1,4,2,,,,,miss,miss,2,2,correct,correct
3,MTR_208,us4,0.05,25,in_seg,1,4,2,,,,,miss,miss,2,2,correct,correct
3,MTR_208,us4,0.1,23,in_seg,0,1,5,,,,,miss,miss,5,5,correct,correct
3,MTR_208,us4,0.1,24,in_seg,1,4,2,,,,,miss,miss,2,2,correct,correct
3,MTR_208,us4,0.1,25,in_seg,1,4,2,,,,,miss,miss,2,2,correct,correct
3,MTR_208,us4,0.25,23,in_seg,0,1,5,,,,,miss,miss,5,5,correct,correct
3,MTR_208,us4,0.25,24,in_seg,1,4,2,,,,,miss,miss,2,2,correct,correct
3,MTR_208,us4,0.25,25,in_seg,1,4,2,,,,,miss,miss,2,2,correct,correct
3,MTR_208,us8,0.05,23,in_seg,0,1,5,,,,,miss,miss,5,5,correct,correct
3,MTR_208,us8,0.05,24,in_seg,1,4,2,,,,,miss,miss,2,2,correct,correct
3,MTR_208,us8,0.05,25,in_seg,1,4,2,,,,,miss,miss,2,2,correct,correct
3,MTR_208,us8,0.1,23,in_seg,0,1,5,,,,,miss,miss,5,5,correct,correct
3,MTR_208,us8,0.1,24,in_seg,1,4,2,,,,,miss,miss,2,2,correct,correct
3,MTR_208,us8,0.1,25,in_seg,1,4,2,,,,,miss,miss,2,2,correct,correct
3,MTR_208,us8,0.25,23,in_seg,0,1,5,,,,,miss,miss,5,5,correct,correct
3,MTR_208,us8,0.25,24,in_seg,1,4,2,,,,,miss,miss,2,2,correct,correct
3,MTR_208,us8,0.25,25,in_seg,1,4,2,,,,,miss,miss,2,2,correct,correct
3,MTR_208,us16,0.05,23,in_seg,0,1,5,,,,,miss,miss,5,5,correct,correct
3,MTR_208,us16,0.05,24,in_seg,1,4,2,,,,,miss,miss,2,2,correct,correct
3,MTR_208,us16,0.05,25,in_seg,1,4,2,,,,,miss,miss,2,2,correct,correct
3,MTR_208,us16,0.1,23,in_seg,0,1,5,,,,,miss,miss,5,5,correct,correct
3,MTR_208,us16,0.1,24,in_seg,1,4,2,,,,,miss,miss,2,2,correct,correct
3,MTR_208,us16,0.1,25,in_seg,1,4,2,,,,,miss,miss,2,2,correct,correct
3,MTR_208,us16,0.25,23,in_seg,0,1,5,,,,,miss,miss,5,5,correct,correct
3,MTR_208,us16,0.25,24,in_seg,1,4,2,,,,,miss,miss,2,2,correct,correct
3,MTR_208,us16,0.25,25,in_seg,1,4,2,,,,,miss,miss,2,2,correct,correct
3,MTR_209,clean,0.05,160,effusion,2,-1,7,,,,,,,none,none,,
3,MTR_209,clean,0.1,160,effusion,2,-1,7,,,,,,,none,none,,
3,MTR_209,clean,0.25,160,effusion,2,-1,7,,,,,,,none,none,,
3,MTR_209,noise_q1,0.05,160,effusion,2,-1,7,,,,,,,none,none,,
3,MTR_209,noise_q1,0.1,160,effusion,2,-1,7,,,,,,,none,none,,
3,MTR_209,noise_q1,0.25,160,effusion,2,-1,7,,,,,,,none,none,,
3,MTR_209,noise_q2,0.05,160,effusion,2,-1,7,,,,,,,none,none,,
3,MTR_209,noise_q2,0.1,160,effusion,2,-1,7,,,,,,,none,none,,
3,MTR_209,noise_q2,0.25,160,effusion,2,-1,7,,,,,,,none,none,,
3,MTR_209,noise_q3,0.05,160,effusion,2,-1,7,,,,,,,none,none,,
3,MTR_209,noise_q3,0.1,160,effusion,2,-1,7,,,,,,,none,none,,
3,MTR_209,noise_q3,0.25,160,effusion,2,-1,7,,,,,,,none,none,,
3,MTR_209,us4,0.05,160,effusion,2,-1,7,,,,,,,none,none,,
3,MTR_209,us4,0.1,160,effusion,2,-1,7,,,,,,,none,none,,
3,MTR_209,us4,0.25,160,effusion,2,-1,7,,,,,,,none,none,,
3,MTR_209,us8,0.05,160,effusion,2,-1,7,,,,,,,none,none,,
3,MTR_209,us8,0.1,160,effusion,2,-1,7,,,,,,,none,none,,
3,MTR_209,us8,0.25,160,effusion,2,-1,7,,,,,,,none,none,,
3,MTR_209,us16,0.05,160,effusion,2,-1,7,,,,,,,none,none,,
3,MTR_209,us16,0.1,160,effusion,2,-1,7,,,,,,,none,none,,
3,MTR_209,us16,0.25,160,effusion,2,-1,7,,,,,,,none,none,,
1,MTR_210,clean,0.05,98,effusion,2,-1,7,,,,,,,none,none,,
1,MTR_210,clean,0.05,99,effusion,2,-1,7,,,,,,,none,none,,
1,MTR_210,clean,0.1,98,effusion,2,-1,7,,,,,,,none,none,,
1,MTR_210,clean,0.1,99,effusion,2,-1,7,,,,,,,none,none,,
1,MTR_210,clean,0.25,98,effusion,2,-1,7,,,,,,,none,none,,
1,MTR_210,clean,0.25,99,effusion,2,-1,7,,,,,,,none,none,,
1,MTR_210,noise_q1,0.05,98,effusion,2,-1,7,,,,,,,none,none,,
1,MTR_210,noise_q1,0.05,99,effusion,2,-1,7,,,,,,,none,none,,
1,MTR_210,noise_q1,0.1,98,effusion,2,-1,7,,,,,,,none,none,,
1,MTR_210,noise_q1,0.1,99,effusion,2,-1,7,,,,,,,none,none,,
1,MTR_210,noise_q1,0.25,98,effusion,2,-1,7,,,,,,,none,none,,
1,MTR_210,noise_q1,0.25,99,effusion,2,-1,7,,,,,,,none,none,,
1,MTR_210,noise_q2,0.05,98,effusion,2,-1,7,,,,,,,none,none,,
1,MTR_210,noise_q2,0.05,99,effusion,2,-1,7,,,,,,,none,none,,
1,MTR_210,noise_q2,0.1,98,effusion,2,-1,7,,,,,,,none,none,,
1,MTR_210,noise_q2,0.1,99,effusion,2,-1,7,,,,,,,none,none,,
1,MTR_210,noise_q2,0.25,98,effusion,2,-1,7,,,,,,,none,none,,
1,MTR_210,noise_q2,0.25,99,effusion,2,-1,7,,,,,,,none,none,,
1,MTR_210,noise_q3,0.05,98,effusion,2,-1,7,,,,,,,none,none,,
1,MTR_210,noise_q3,0.05,99,effusion,2,-1,7,,,,,,,none,none,,
1,MTR_210,noise_q3,0.1,98,effusion,2,-1,7,,,,,,,none,none,,
1,MTR_210,noise_q3,0.1,99,effusion,2,-1,7,,,,,,,none,none,,
1,MTR_210,noise_q3,0.25,98,effusion,2,-1,7,,,,,,,none,none,,
1,MTR_210,noise_q3,0.25,99,effusion,2,-1,7,,,,,,,none,none,,
1,MTR_210,us4,0.05,98,effusion,2,-1,7,,,,,,,none,none,,
1,MTR_210,us4,0.05,99,effusion,2,-1,7,,,,,,,none,none,,
1,MTR_210,us4,0.1,98,effusion,2,-1,7,,,,,,,none,none,,
1,MTR_210,us4,0.1,99,effusion,2,-1,7,,,,,,,none,none,,
1,MTR_210,us4,0.25,98,effusion,2,-1,7,,,,,,,none,none,,
1,MTR_210,us4,0.25,99,effusion,2,-1,7,,,,,,,none,none,,
1,MTR_210,us8,0.05,98,effusion,2,-1,7,,,,,,,none,none,,
1,MTR_210,us8,0.05,99,effusion,2,-1,7,,,,,,,none,none,,
1,MTR_210,us8,0.1,98,effusion,2,-1,7,,,,,,,none,none,,
1,MTR_210,us8,0.1,99,effusion,2,-1,7,,,,,,,none,none,,
1,MTR_210,us8,0.25,98,effusion,2,-1,7,,,,,,,none,none,,
1,MTR_210,us8,0.25,99,effusion,2,-1,7,,,,,,,none,none,,
1,MTR_210,us16,0.05,98,effusion,2,-1,7,,,,,,,none,none,,
1,MTR_210,us16,0.05,99,effusion,2,-1,7,,,,,,,none,none,,
1,MTR_210,us16,0.1,98,effusion,2,-1,7,,,,,,,none,none,,
1,MTR_210,us16,0.1,99,effusion,2,-1,7,,,,,,,none,none,,
1,MTR_210,us16,0.25,98,effusion,2,-1,7,,,,,,,none,none,,
1,MTR_210,us16,0.25,99,effusion,2,-1,7,,,,,,,none,none,,
0,MTR_211,clean,0.05,26,effusion,2,-1,7,,,,,,,none,none,,
0,MTR_211,clean,0.05,27,effusion,2,-1,7,,,,,,,none,none,,
0,MTR_211,clean,0.05,28,in_seg,0,1,5,,,,,miss,miss,5,5,correct,correct
0,MTR_211,clean,0.1,26,effusion,2,-1,7,,,,,,,none,none,,
0,MTR_211,clean,0.1,27,effusion,2,-1,7,,,,,,,none,none,,
0,MTR_211,clean,0.1,28,in_seg,0,1,5,,,,,miss,miss,5,5,correct,correct
0,MTR_211,clean,0.25,26,effusion,2,-1,7,,,,,,,none,none,,
0,MTR_211,clean,0.25,27,effusion,2,-1,7,,,,,,,none,none,,
0,MTR_211,clean,0.25,28,in_seg,0,1,5,,,,,miss,miss,5,5,correct,correct
0,MTR_211,noise_q1,0.05,26,effusion,2,-1,7,,,,,,,none,none,,
0,MTR_211,noise_q1,0.05,27,effusion,2,-1,7,,,,,,,none,none,,
0,MTR_211,noise_q1,0.05,28,in_seg,0,1,5,,,,,miss,miss,5,5,correct,correct
0,MTR_211,noise_q1,0.1,26,effusion,2,-1,7,,,,,,,none,none,,
0,MTR_211,noise_q1,0.1,27,effusion,2,-1,7,,,,,,,none,none,,
0,MTR_211,noise_q1,0.1,28,in_seg,0,1,5,,,,,miss,miss,5,5,correct,correct
0,MTR_211,noise_q1,0.25,26,effusion,2,-1,7,,,,,,,none,none,,
0,MTR_211,noise_q1,0.25,27,effusion,2,-1,7,,,,,,,none,none,,
0,MTR_211,noise_q1,0.25,28,in_seg,0,1,5,,,,,miss,miss,5,5,correct,correct
0,MTR_211,noise_q2,0.05,26,effusion,2,-1,7,,,,,,,none,none,,
0,MTR_211,noise_q2,0.05,27,effusion,2,-1,7,,,,,,,none,none,,
0,MTR_211,noise_q2,0.05,28,in_seg,0,1,5,,,,,miss,miss,5,6,correct,correct
0,MTR_211,noise_q2,0.1,26,effusion,2,-1,7,,,,,,,none,none,,
0,MTR_211,noise_q2,0.1,27,effusion,2,-1,7,,,,,,,none,none,,
0,MTR_211,noise_q2,0.1,28,in_seg,0,1,5,,,,,miss,miss,5,6,correct,correct
0,MTR_211,noise_q2,0.25,26,effusion,2,-1,7,,,,,,,none,none,,
0,MTR_211,noise_q2,0.25,27,effusion,2,-1,7,,,,,,,none,none,,
0,MTR_211,noise_q2,0.25,28,in_seg,0,1,5,,,,,miss,miss,5,6,correct,correct
0,MTR_211,noise_q3,0.05,26,effusion,2,-1,7,,,,,,,none,none,,
0,MTR_211,noise_q3,0.05,27,effusion,2,-1,7,,,,,,,none,none,,
0,MTR_211,noise_q3,0.05,28,in_seg,0,1,5,,,,,miss,miss,5,6,correct,correct
0,MTR_211,noise_q3,0.1,26,effusion,2,-1,7,,,,,,,none,none,,
0,MTR_211,noise_q3,0.1,27,effusion,2,-1,7,,,,,,,none,none,,
0,MTR_211,noise_q3,0.1,28,in_seg,0,1,5,,,,,miss,miss,5,6,correct,correct
0,MTR_211,noise_q3,0.25,26,effusion,2,-1,7,,,,,,,none,none,,
0,MTR_211,noise_q3,0.25,27,effusion,2,-1,7,,,,,,,none,none,,
0,MTR_211,noise_q3,0.25,28,in_seg,0,1,5,,,,,miss,miss,5,6,correct,correct
0,MTR_211,us4,0.05,26,effusion,2,-1,7,,,,,,,none,none,,
0,MTR_211,us4,0.05,27,effusion,2,-1,7,,,,,,,none,none,,
0,MTR_211,us4,0.05,28,in_seg,0,1,5,,,,,miss,miss,5,5,correct,correct
0,MTR_211,us4,0.1,26,effusion,2,-1,7,,,,,,,none,none,,
0,MTR_211,us4,0.1,27,effusion,2,-1,7,,,,,,,none,none,,
0,MTR_211,us4,0.1,28,in_seg,0,1,5,,,,,miss,miss,5,5,correct,correct
0,MTR_211,us4,0.25,26,effusion,2,-1,7,,,,,,,none,none,,
0,MTR_211,us4,0.25,27,effusion,2,-1,7,,,,,,,none,none,,
0,MTR_211,us4,0.25,28,in_seg,0,1,5,,,,,miss,miss,5,5,correct,correct
0,MTR_211,us8,0.05,26,effusion,2,-1,7,,,,,,,none,none,,
0,MTR_211,us8,0.05,27,effusion,2,-1,7,,,,,,,none,none,,
0,MTR_211,us8,0.05,28,in_seg,0,1,5,,,,,miss,miss,5,5,correct,correct
0,MTR_211,us8,0.1,26,effusion,2,-1,7,,,,,,,none,none,,
0,MTR_211,us8,0.1,27,effusion,2,-1,7,,,,,,,none,none,,
0,MTR_211,us8,0.1,28,in_seg,0,1,5,,,,,miss,miss,5,5,correct,correct
0,MTR_211,us8,0.25,26,effusion,2,-1,7,,,,,,,none,none,,
0,MTR_211,us8,0.25,27,effusion,2,-1,7,,,,,,,none,none,,
0,MTR_211,us8,0.25,28,in_seg,0,1,5,,,,,miss,miss,5,5,correct,correct
0,MTR_211,us16,0.05,26,effusion,2,-1,7,,,,,,,none,none,,
0,MTR_211,us16,0.05,27,effusion,2,-1,7,,,,,,,none,none,,
0,MTR_211,us16,0.05,28,in_seg,0,1,5,,,,,miss,miss,5,5,correct,correct
0,MTR_211,us16,0.1,26,effusion,2,-1,7,,,,,,,none,none,,
0,MTR_211,us16,0.1,27,effusion,2,-1,7,,,,,,,none,none,,
0,MTR_211,us16,0.1,28,in_seg,0,1,5,,,,,miss,miss,5,5,correct,correct
0,MTR_211,us16,0.25,26,effusion,2,-1,7,,,,,,,none,none,,
0,MTR_211,us16,0.25,27,effusion,2,-1,7,,,,,,,none,none,,
0,MTR_211,us16,0.25,28,in_seg,0,1,5,,,,,miss,miss,5,5,correct,correct
3,MTR_212,clean,0.05,29,effusion,2,-1,7,,,,,,,none,none,,
3,MTR_212,clean,0.05,30,in_seg,1,4,2,,,,,miss,miss,2,2,correct,correct
3,MTR_212,clean,0.05,31,in_seg,1,4,2,,,,,miss,miss,2,2,correct,correct
3,MTR_212,clean,0.1,29,effusion,2,-1,7,,,,,,,none,none,,
3,MTR_212,clean,0.1,30,in_seg,1,4,2,,,,,miss,miss,2,2,correct,correct
3,MTR_212,clean,0.1,31,in_seg,1,4,2,,,,,miss,miss,2,2,correct,correct
3,MTR_212,clean,0.25,29,effusion,2,-1,7,,,,,,,none,none,,
3,MTR_212,clean,0.25,30,in_seg,1,4,2,,,,,miss,miss,2,2,correct,correct
3,MTR_212,clean,0.25,31,in_seg,1,4,2,,,,,miss,miss,2,2,correct,correct
3,MTR_212,noise_q1,0.05,29,effusion,2,-1,7,,,,,,,none,none,,
3,MTR_212,noise_q1,0.05,30,in_seg,1,4,2,,,,,miss,miss,2,2,correct,correct
3,MTR_212,noise_q1,0.05,31,in_seg,1,4,2,,,,,miss,miss,2,2,correct,correct
3,MTR_212,noise_q1,0.1,29,effusion,2,-1,7,,,,,,,none,none,,
3,MTR_212,noise_q1,0.1,30,in_seg,1,4,2,,,,,miss,miss,2,2,correct,correct
3,MTR_212,noise_q1,0.1,31,in_seg,1,4,2,,,,,miss,miss,2,2,correct,correct
3,MTR_212,noise_q1,0.25,29,effusion,2,-1,7,,,,,,,none,none,,
3,MTR_212,noise_q1,0.25,30,in_seg,1,4,2,,,,,miss,miss,2,2,correct,correct
3,MTR_212,noise_q1,0.25,31,in_seg,1,4,2,,,,,miss,miss,2,2,correct,correct
3,MTR_212,noise_q2,0.05,29,effusion,2,-1,7,,,,,,,none,none,,
3,MTR_212,noise_q2,0.05,30,in_seg,1,4,2,,,,,miss,miss,2,2,correct,correct
3,MTR_212,noise_q2,0.05,31,in_seg,1,4,2,,,,,miss,miss,2,2,correct,correct
3,MTR_212,noise_q2,0.1,29,effusion,2,-1,7,,,,,,,none,none,,
3,MTR_212,noise_q2,0.1,30,in_seg,1,4,2,,,,,miss,miss,2,2,correct,correct
3,MTR_212,noise_q2,0.1,31,in_seg,1,4,2,,,,,miss,miss,2,2,correct,correct
3,MTR_212,noise_q2,0.25,29,effusion,2,-1,7,,,,,,,none,none,,
3,MTR_212,noise_q2,0.25,30,in_seg,1,4,2,,,,,miss,miss,2,2,correct,correct
3,MTR_212,noise_q2,0.25,31,in_seg,1,4,2,,,,,miss,miss,2,2,correct,correct
3,MTR_212,noise_q3,0.05,29,effusion,2,-1,7,,,,,,,none,none,,
3,MTR_212,noise_q3,0.05,30,in_seg,1,4,2,,,,,miss,miss,2,2,correct,correct
3,MTR_212,noise_q3,0.05,31,in_seg,1,4,2,,,,,miss,miss,2,2,correct,correct
3,MTR_212,noise_q3,0.1,29,effusion,2,-1,7,,,,,,,none,none,,
3,MTR_212,noise_q3,0.1,30,in_seg,1,4,2,,,,,miss,miss,2,2,correct,correct
3,MTR_212,noise_q3,0.1,31,in_seg,1,4,2,,,,,miss,miss,2,2,correct,correct
3,MTR_212,noise_q3,0.25,29,effusion,2,-1,7,,,,,,,none,none,,
3,MTR_212,noise_q3,0.25,30,in_seg,1,4,2,,,,,miss,miss,2,2,correct,correct
3,MTR_212,noise_q3,0.25,31,in_seg,1,4,2,,,,,miss,miss,2,2,correct,correct
3,MTR_212,us4,0.05,29,effusion,2,-1,7,,,,,,,none,none,,
3,MTR_212,us4,0.05,30,in_seg,1,4,2,,,,,miss,miss,2,2,correct,correct
3,MTR_212,us4,0.05,31,in_seg,1,4,2,,,,,miss,miss,2,2,correct,correct
3,MTR_212,us4,0.1,29,effusion,2,-1,7,,,,,,,none,none,,
3,MTR_212,us4,0.1,30,in_seg,1,4,2,,,,,miss,miss,2,2,correct,correct
3,MTR_212,us4,0.1,31,in_seg,1,4,2,,,,,miss,miss,2,2,correct,correct
3,MTR_212,us4,0.25,29,effusion,2,-1,7,,,,,,,none,none,,
3,MTR_212,us4,0.25,30,in_seg,1,4,2,,,,,miss,miss,2,2,correct,correct
3,MTR_212,us4,0.25,31,in_seg,1,4,2,,,,,miss,miss,2,2,correct,correct
3,MTR_212,us8,0.05,29,effusion,2,-1,7,,,,,,,none,none,,
3,MTR_212,us8,0.05,30,in_seg,1,4,2,,,,,miss,miss,2,2,correct,correct
3,MTR_212,us8,0.05,31,in_seg,1,4,2,,,,,miss,miss,2,2,correct,correct
3,MTR_212,us8,0.1,29,effusion,2,-1,7,,,,,,,none,none,,
3,MTR_212,us8,0.1,30,in_seg,1,4,2,,,,,miss,miss,2,2,correct,correct
3,MTR_212,us8,0.1,31,in_seg,1,4,2,,,,,miss,miss,2,2,correct,correct
3,MTR_212,us8,0.25,29,effusion,2,-1,7,,,,,,,none,none,,
3,MTR_212,us8,0.25,30,in_seg,1,4,2,,,,,miss,miss,2,2,correct,correct
3,MTR_212,us8,0.25,31,in_seg,1,4,2,,,,,miss,miss,2,2,correct,correct
3,MTR_212,us16,0.05,29,effusion,2,-1,7,,,,,,,none,none,,
3,MTR_212,us16,0.05,30,in_seg,1,4,2,,,,,miss,miss,2,2,correct,correct
3,MTR_212,us16,0.05,31,in_seg,1,4,2,,,,,miss,miss,2,2,correct,correct
3,MTR_212,us16,0.1,29,effusion,2,-1,7,,,,,,,none,none,,
3,MTR_212,us16,0.1,30,in_seg,1,4,2,,,,,miss,miss,2,2,correct,correct
3,MTR_212,us16,0.1,31,in_seg,1,4,2,,,,,miss,miss,2,2,correct,correct
3,MTR_212,us16,0.25,29,effusion,2,-1,7,,,,,,,none,none,,
3,MTR_212,us16,0.25,30,in_seg,1,4,2,,,,,miss,miss,2,2,correct,correct
3,MTR_212,us16,0.25,31,in_seg,1,4,2,,,,,miss,miss,2,2,correct,correct
1,MTR_218,clean,0.05,25,effusion,2,-1,7,,,,,,,none,none,,
1,MTR_218,clean,0.05,26,in_seg,0,1,6,,,,,miss,miss,6,5,correct,correct
1,MTR_218,clean,0.05,27,in_seg,1,6,4,,,,,miss,miss,4,2,correct,wrong_host
1,MTR_218,clean,0.1,25,effusion,2,-1,7,,,,,,,none,none,,
1,MTR_218,clean,0.1,26,in_seg,0,1,6,,,,,miss,miss,6,5,correct,correct
1,MTR_218,clean,0.1,27,in_seg,1,6,4,,,,,miss,miss,4,2,correct,wrong_host
1,MTR_218,clean,0.25,25,effusion,2,-1,7,,,,,,,none,none,,
1,MTR_218,clean,0.25,26,in_seg,0,1,6,,,,,miss,miss,6,5,correct,correct
1,MTR_218,clean,0.25,27,in_seg,1,6,4,,,,,miss,miss,4,2,correct,wrong_host
1,MTR_218,noise_q1,0.05,25,effusion,2,-1,7,,,,,,,none,none,,
1,MTR_218,noise_q1,0.05,26,in_seg,0,1,6,,,,,miss,miss,6,5,correct,correct
1,MTR_218,noise_q1,0.05,27,in_seg,1,6,4,,,,,miss,miss,4,2,correct,wrong_host
1,MTR_218,noise_q1,0.1,25,effusion,2,-1,7,,,,,,,none,none,,
1,MTR_218,noise_q1,0.1,26,in_seg,0,1,6,,,,,miss,miss,6,5,correct,correct
1,MTR_218,noise_q1,0.1,27,in_seg,1,6,4,,,,,miss,miss,4,2,correct,wrong_host
1,MTR_218,noise_q1,0.25,25,effusion,2,-1,7,,,,,,,none,none,,
1,MTR_218,noise_q1,0.25,26,in_seg,0,1,6,,,,,miss,miss,6,5,correct,correct
1,MTR_218,noise_q1,0.25,27,in_seg,1,6,4,,,,,miss,miss,4,2,correct,wrong_host
1,MTR_218,noise_q2,0.05,25,effusion,2,-1,7,,,,,,,none,none,,
1,MTR_218,noise_q2,0.05,26,in_seg,0,1,6,,,,,miss,miss,6,5,correct,correct
1,MTR_218,noise_q2,0.05,27,in_seg,1,6,4,,,,,miss,miss,4,2,correct,wrong_host
1,MTR_218,noise_q2,0.1,25,effusion,2,-1,7,,,,,,,none,none,,
1,MTR_218,noise_q2,0.1,26,in_seg,0,1,6,,,,,miss,miss,6,5,correct,correct
1,MTR_218,noise_q2,0.1,27,in_seg,1,6,4,,,,,miss,miss,4,2,correct,wrong_host
1,MTR_218,noise_q2,0.25,25,effusion,2,-1,7,,,,,,,none,none,,
1,MTR_218,noise_q2,0.25,26,in_seg,0,1,6,,,,,miss,miss,6,5,correct,correct
1,MTR_218,noise_q2,0.25,27,in_seg,1,6,4,,,,,miss,miss,4,2,correct,wrong_host
1,MTR_218,noise_q3,0.05,25,effusion,2,-1,7,,,,,,,none,none,,
1,MTR_218,noise_q3,0.05,26,in_seg,0,1,6,,,,,miss,miss,6,5,correct,correct
1,MTR_218,noise_q3,0.05,27,in_seg,1,6,4,,,,,miss,miss,4,2,correct,wrong_host
1,MTR_218,noise_q3,0.1,25,effusion,2,-1,7,,,,,,,none,none,,
1,MTR_218,noise_q3,0.1,26,in_seg,0,1,6,,,,,miss,miss,6,5,correct,correct
1,MTR_218,noise_q3,0.1,27,in_seg,1,6,4,,,,,miss,miss,4,2,correct,wrong_host
1,MTR_218,noise_q3,0.25,25,effusion,2,-1,7,,,,,,,none,none,,
1,MTR_218,noise_q3,0.25,26,in_seg,0,1,6,,,,,miss,miss,6,5,correct,correct
1,MTR_218,noise_q3,0.25,27,in_seg,1,6,4,,,,,miss,miss,4,2,correct,wrong_host
1,MTR_218,us4,0.05,25,effusion,2,-1,7,,,,,,,none,none,,
1,MTR_218,us4,0.05,26,in_seg,0,1,6,,,,,miss,miss,6,5,correct,correct
1,MTR_218,us4,0.05,27,in_seg,1,6,4,,,,,miss,miss,4,2,correct,wrong_host
1,MTR_218,us4,0.1,25,effusion,2,-1,7,,,,,,,none,none,,
1,MTR_218,us4,0.1,26,in_seg,0,1,6,,,,,miss,miss,6,5,correct,correct
1,MTR_218,us4,0.1,27,in_seg,1,6,4,,,,,miss,miss,4,2,correct,wrong_host
1,MTR_218,us4,0.25,25,effusion,2,-1,7,,,,,,,none,none,,
1,MTR_218,us4,0.25,26,in_seg,0,1,6,,,,,miss,miss,6,5,correct,correct
1,MTR_218,us4,0.25,27,in_seg,1,6,4,,,,,miss,miss,4,2,correct,wrong_host
1,MTR_218,us8,0.05,25,effusion,2,-1,7,,,,,,,none,none,,
1,MTR_218,us8,0.05,26,in_seg,0,1,6,,,,,miss,miss,6,5,correct,correct
1,MTR_218,us8,0.05,27,in_seg,1,6,4,,,,,miss,miss,4,2,correct,wrong_host
1,MTR_218,us8,0.1,25,effusion,2,-1,7,,,,,,,none,none,,
1,MTR_218,us8,0.1,26,in_seg,0,1,6,,,,,miss,miss,6,5,correct,correct
1,MTR_218,us8,0.1,27,in_seg,1,6,4,,,,,miss,miss,4,2,correct,wrong_host
1,MTR_218,us8,0.25,25,effusion,2,-1,7,,,,,,,none,none,,
1,MTR_218,us8,0.25,26,in_seg,0,1,6,,,,,miss,miss,6,5,correct,correct
1,MTR_218,us8,0.25,27,in_seg,1,6,4,,,,,miss,miss,4,2,correct,wrong_host
1,MTR_218,us16,0.05,25,effusion,2,-1,7,,,,,,,none,none,,
1,MTR_218,us16,0.05,26,in_seg,0,1,6,,,,,miss,miss,6,5,correct,correct
1,MTR_218,us16,0.05,27,in_seg,1,6,4,0,0.1215,6,5,wrong_class,wrong_class,4,2,correct,wrong_host
1,MTR_218,us16,0.1,25,effusion,2,-1,7,,,,,,,none,none,,
1,MTR_218,us16,0.1,26,in_seg,0,1,6,,,,,miss,miss,6,5,correct,correct
1,MTR_218,us16,0.1,27,in_seg,1,6,4,0,0.1215,6,5,wrong_class,wrong_class,4,2,correct,wrong_host
1,MTR_218,us16,0.25,25,effusion,2,-1,7,,,,,,,none,none,,
1,MTR_218,us16,0.25,26,in_seg,0,1,6,,,,,miss,miss,6,5,correct,correct
1,MTR_218,us16,0.25,27,in_seg,1,6,4,,,,,miss,miss,4,2,correct,wrong_host
1,MTR_219,clean,0.05,18,effusion,2,-1,7,,,,,,,none,none,,
1,MTR_219,clean,0.05,19,in_seg,0,1,5,,,,,miss,miss,5,5,correct,correct
1,MTR_219,clean,0.05,20,ligament,3,2,0,,,,,,,unknown,unknown,,
1,MTR_219,clean,0.1,18,effusion,2,-1,7,,,,,,,none,none,,
1,MTR_219,clean,0.1,19,in_seg,0,1,5,,,,,miss,miss,5,5,correct,correct
1,MTR_219,clean,0.1,20,ligament,3,2,0,,,,,,,unknown,unknown,,
1,MTR_219,clean,0.25,18,effusion,2,-1,7,,,,,,,none,none,,
1,MTR_219,clean,0.25,19,in_seg,0,1,5,,,,,miss,miss,5,5,correct,correct
1,MTR_219,clean,0.25,20,ligament,3,2,0,,,,,,,unknown,unknown,,
1,MTR_219,noise_q1,0.05,18,effusion,2,-1,7,,,,,,,none,none,,
1,MTR_219,noise_q1,0.05,19,in_seg,0,1,5,,,,,miss,miss,5,5,correct,correct
1,MTR_219,noise_q1,0.05,20,ligament,3,2,0,,,,,,,unknown,unknown,,
1,MTR_219,noise_q1,0.1,18,effusion,2,-1,7,,,,,,,none,none,,
1,MTR_219,noise_q1,0.1,19,in_seg,0,1,5,,,,,miss,miss,5,5,correct,correct
1,MTR_219,noise_q1,0.1,20,ligament,3,2,0,,,,,,,unknown,unknown,,
1,MTR_219,noise_q1,0.25,18,effusion,2,-1,7,,,,,,,none,none,,
1,MTR_219,noise_q1,0.25,19,in_seg,0,1,5,,,,,miss,miss,5,5,correct,correct
1,MTR_219,noise_q1,0.25,20,ligament,3,2,0,,,,,,,unknown,unknown,,
1,MTR_219,noise_q2,0.05,18,effusion,2,-1,7,,,,,,,none,none,,
1,MTR_219,noise_q2,0.05,19,in_seg,0,1,5,,,,,miss,miss,5,5,correct,correct
1,MTR_219,noise_q2,0.05,20,ligament,3,2,0,,,,,,,unknown,unknown,,
1,MTR_219,noise_q2,0.1,18,effusion,2,-1,7,,,,,,,none,none,,
1,MTR_219,noise_q2,0.1,19,in_seg,0,1,5,,,,,miss,miss,5,5,correct,correct
1,MTR_219,noise_q2,0.1,20,ligament,3,2,0,,,,,,,unknown,unknown,,
1,MTR_219,noise_q2,0.25,18,effusion,2,-1,7,,,,,,,none,none,,
1,MTR_219,noise_q2,0.25,19,in_seg,0,1,5,,,,,miss,miss,5,5,correct,correct
1,MTR_219,noise_q2,0.25,20,ligament,3,2,0,,,,,,,unknown,unknown,,
1,MTR_219,noise_q3,0.05,18,effusion,2,-1,7,,,,,,,none,none,,
1,MTR_219,noise_q3,0.05,19,in_seg,0,1,5,,,,,miss,miss,5,6,correct,correct
1,MTR_219,noise_q3,0.05,20,ligament,3,2,0,,,,,,,unknown,unknown,,
1,MTR_219,noise_q3,0.1,18,effusion,2,-1,7,,,,,,,none,none,,
1,MTR_219,noise_q3,0.1,19,in_seg,0,1,5,,,,,miss,miss,5,6,correct,correct
1,MTR_219,noise_q3,0.1,20,ligament,3,2,0,,,,,,,unknown,unknown,,
1,MTR_219,noise_q3,0.25,18,effusion,2,-1,7,,,,,,,none,none,,
1,MTR_219,noise_q3,0.25,19,in_seg,0,1,5,,,,,miss,miss,5,6,correct,correct
1,MTR_219,noise_q3,0.25,20,ligament,3,2,0,,,,,,,unknown,unknown,,
1,MTR_219,us4,0.05,18,effusion,2,-1,7,,,,,,,none,none,,
1,MTR_219,us4,0.05,19,in_seg,0,1,5,,,,,miss,miss,5,5,correct,correct
1,MTR_219,us4,0.05,20,ligament,3,2,0,,,,,,,unknown,unknown,,
1,MTR_219,us4,0.1,18,effusion,2,-1,7,,,,,,,none,none,,
1,MTR_219,us4,0.1,19,in_seg,0,1,5,,,,,miss,miss,5,5,correct,correct
1,MTR_219,us4,0.1,20,ligament,3,2,0,,,,,,,unknown,unknown,,
1,MTR_219,us4,0.25,18,effusion,2,-1,7,,,,,,,none,none,,
1,MTR_219,us4,0.25,19,in_seg,0,1,5,,,,,miss,miss,5,5,correct,correct
1,MTR_219,us4,0.25,20,ligament,3,2,0,,,,,,,unknown,unknown,,
1,MTR_219,us8,0.05,18,effusion,2,-1,7,,,,,,,none,none,,
1,MTR_219,us8,0.05,19,in_seg,0,1,5,,,,,miss,miss,5,5,correct,correct
1,MTR_219,us8,0.05,20,ligament,3,2,0,,,,,,,unknown,unknown,,
1,MTR_219,us8,0.1,18,effusion,2,-1,7,,,,,,,none,none,,
1,MTR_219,us8,0.1,19,in_seg,0,1,5,,,,,miss,miss,5,5,correct,correct
1,MTR_219,us8,0.1,20,ligament,3,2,0,,,,,,,unknown,unknown,,
1,MTR_219,us8,0.25,18,effusion,2,-1,7,,,,,,,none,none,,
1,MTR_219,us8,0.25,19,in_seg,0,1,5,,,,,miss,miss,5,5,correct,correct
1,MTR_219,us8,0.25,20,ligament,3,2,0,,,,,,,unknown,unknown,,
1,MTR_219,us16,0.05,18,effusion,2,-1,7,,,,,,,none,none,,
1,MTR_219,us16,0.05,19,in_seg,0,1,5,,,,,miss,miss,5,5,correct,correct
1,MTR_219,us16,0.05,20,ligament,3,2,0,,,,,,,unknown,unknown,,
1,MTR_219,us16,0.1,18,effusion,2,-1,7,,,,,,,none,none,,
1,MTR_219,us16,0.1,19,in_seg,0,1,5,,,,,miss,miss,5,5,correct,correct
1,MTR_219,us16,0.1,20,ligament,3,2,0,,,,,,,unknown,unknown,,
1,MTR_219,us16,0.25,18,effusion,2,-1,7,,,,,,,none,none,,
1,MTR_219,us16,0.25,19,in_seg,0,1,5,,,,,miss,miss,5,5,correct,correct
1,MTR_219,us16,0.25,20,ligament,3,2,0,,,,,,,unknown,unknown,,
2,MTR_220,clean,0.05,5,effusion,2,-1,7,,,,,,,none,none,,
2,MTR_220,clean,0.05,6,in_seg,0,1,5,,,,,miss,miss,5,5,correct,correct
2,MTR_220,clean,0.05,7,ligament,3,3,0,,,,,,,unknown,unknown,,
2,MTR_220,clean,0.05,8,in_seg,1,5,1,,,,,miss,miss,1,1,correct,correct
2,MTR_220,clean,0.05,9,in_seg,1,4,2,,,,,miss,miss,2,2,correct,correct
2,MTR_220,clean,0.1,5,effusion,2,-1,7,,,,,,,none,none,,
2,MTR_220,clean,0.1,6,in_seg,0,1,5,,,,,miss,miss,5,5,correct,correct
2,MTR_220,clean,0.1,7,ligament,3,3,0,,,,,,,unknown,unknown,,
2,MTR_220,clean,0.1,8,in_seg,1,5,1,,,,,miss,miss,1,1,correct,correct
2,MTR_220,clean,0.1,9,in_seg,1,4,2,,,,,miss,miss,2,2,correct,correct
2,MTR_220,clean,0.25,5,effusion,2,-1,7,,,,,,,none,none,,
2,MTR_220,clean,0.25,6,in_seg,0,1,5,,,,,miss,miss,5,5,correct,correct
2,MTR_220,clean,0.25,7,ligament,3,3,0,,,,,,,unknown,unknown,,
2,MTR_220,clean,0.25,8,in_seg,1,5,1,,,,,miss,miss,1,1,correct,correct
2,MTR_220,clean,0.25,9,in_seg,1,4,2,,,,,miss,miss,2,2,correct,correct
2,MTR_220,noise_q1,0.05,5,effusion,2,-1,7,,,,,,,none,none,,
2,MTR_220,noise_q1,0.05,6,in_seg,0,1,5,,,,,miss,miss,5,5,correct,correct
2,MTR_220,noise_q1,0.05,7,ligament,3,3,0,,,,,,,unknown,unknown,,
2,MTR_220,noise_q1,0.05,8,in_seg,1,5,1,,,,,miss,miss,1,1,correct,correct
2,MTR_220,noise_q1,0.05,9,in_seg,1,4,2,,,,,miss,miss,2,2,correct,correct
2,MTR_220,noise_q1,0.1,5,effusion,2,-1,7,,,,,,,none,none,,
2,MTR_220,noise_q1,0.1,6,in_seg,0,1,5,,,,,miss,miss,5,5,correct,correct
2,MTR_220,noise_q1,0.1,7,ligament,3,3,0,,,,,,,unknown,unknown,,
2,MTR_220,noise_q1,0.1,8,in_seg,1,5,1,,,,,miss,miss,1,1,correct,correct
2,MTR_220,noise_q1,0.1,9,in_seg,1,4,2,,,,,miss,miss,2,2,correct,correct
2,MTR_220,noise_q1,0.25,5,effusion,2,-1,7,,,,,,,none,none,,
2,MTR_220,noise_q1,0.25,6,in_seg,0,1,5,,,,,miss,miss,5,5,correct,correct
2,MTR_220,noise_q1,0.25,7,ligament,3,3,0,,,,,,,unknown,unknown,,
2,MTR_220,noise_q1,0.25,8,in_seg,1,5,1,,,,,miss,miss,1,1,correct,correct
2,MTR_220,noise_q1,0.25,9,in_seg,1,4,2,,,,,miss,miss,2,2,correct,correct
2,MTR_220,noise_q2,0.05,5,effusion,2,-1,7,,,,,,,none,none,,
2,MTR_220,noise_q2,0.05,6,in_seg,0,1,5,,,,,miss,miss,5,5,correct,correct
2,MTR_220,noise_q2,0.05,7,ligament,3,3,0,,,,,,,unknown,unknown,,
2,MTR_220,noise_q2,0.05,8,in_seg,1,5,1,,,,,miss,miss,1,1,correct,correct
2,MTR_220,noise_q2,0.05,9,in_seg,1,4,2,,,,,miss,miss,2,2,correct,correct
2,MTR_220,noise_q2,0.1,5,effusion,2,-1,7,,,,,,,none,none,,
2,MTR_220,noise_q2,0.1,6,in_seg,0,1,5,,,,,miss,miss,5,5,correct,correct
2,MTR_220,noise_q2,0.1,7,ligament,3,3,0,,,,,,,unknown,unknown,,
2,MTR_220,noise_q2,0.1,8,in_seg,1,5,1,,,,,miss,miss,1,1,correct,correct
2,MTR_220,noise_q2,0.1,9,in_seg,1,4,2,,,,,miss,miss,2,2,correct,correct
2,MTR_220,noise_q2,0.25,5,effusion,2,-1,7,,,,,,,none,none,,
2,MTR_220,noise_q2,0.25,6,in_seg,0,1,5,,,,,miss,miss,5,5,correct,correct
2,MTR_220,noise_q2,0.25,7,ligament,3,3,0,,,,,,,unknown,unknown,,
2,MTR_220,noise_q2,0.25,8,in_seg,1,5,1,,,,,miss,miss,1,1,correct,correct
2,MTR_220,noise_q2,0.25,9,in_seg,1,4,2,,,,,miss,miss,2,2,correct,correct
2,MTR_220,noise_q3,0.05,5,effusion,2,-1,7,,,,,,,none,none,,
2,MTR_220,noise_q3,0.05,6,in_seg,0,1,5,,,,,miss,miss,5,5,correct,correct
2,MTR_220,noise_q3,0.05,7,ligament,3,3,0,,,,,,,unknown,unknown,,
2,MTR_220,noise_q3,0.05,8,in_seg,1,5,1,,,,,miss,miss,1,1,correct,correct
2,MTR_220,noise_q3,0.05,9,in_seg,1,4,2,,,,,miss,miss,2,2,correct,correct
2,MTR_220,noise_q3,0.1,5,effusion,2,-1,7,,,,,,,none,none,,
2,MTR_220,noise_q3,0.1,6,in_seg,0,1,5,,,,,miss,miss,5,5,correct,correct
2,MTR_220,noise_q3,0.1,7,ligament,3,3,0,,,,,,,unknown,unknown,,
2,MTR_220,noise_q3,0.1,8,in_seg,1,5,1,,,,,miss,miss,1,1,correct,correct
2,MTR_220,noise_q3,0.1,9,in_seg,1,4,2,,,,,miss,miss,2,2,correct,correct
2,MTR_220,noise_q3,0.25,5,effusion,2,-1,7,,,,,,,none,none,,
2,MTR_220,noise_q3,0.25,6,in_seg,0,1,5,,,,,miss,miss,5,5,correct,correct
2,MTR_220,noise_q3,0.25,7,ligament,3,3,0,,,,,,,unknown,unknown,,
2,MTR_220,noise_q3,0.25,8,in_seg,1,5,1,,,,,miss,miss,1,1,correct,correct
2,MTR_220,noise_q3,0.25,9,in_seg,1,4,2,,,,,miss,miss,2,2,correct,correct
2,MTR_220,us4,0.05,5,effusion,2,-1,7,,,,,,,none,none,,
2,MTR_220,us4,0.05,6,in_seg,0,1,5,,,,,miss,miss,5,5,correct,correct
2,MTR_220,us4,0.05,7,ligament,3,3,0,,,,,,,unknown,unknown,,
2,MTR_220,us4,0.05,8,in_seg,1,5,1,,,,,miss,miss,1,1,correct,correct
2,MTR_220,us4,0.05,9,in_seg,1,4,2,,,,,miss,miss,2,2,correct,correct
2,MTR_220,us4,0.1,5,effusion,2,-1,7,,,,,,,none,none,,
2,MTR_220,us4,0.1,6,in_seg,0,1,5,,,,,miss,miss,5,5,correct,correct
2,MTR_220,us4,0.1,7,ligament,3,3,0,,,,,,,unknown,unknown,,
2,MTR_220,us4,0.1,8,in_seg,1,5,1,,,,,miss,miss,1,1,correct,correct
2,MTR_220,us4,0.1,9,in_seg,1,4,2,,,,,miss,miss,2,2,correct,correct
2,MTR_220,us4,0.25,5,effusion,2,-1,7,,,,,,,none,none,,
2,MTR_220,us4,0.25,6,in_seg,0,1,5,,,,,miss,miss,5,5,correct,correct
2,MTR_220,us4,0.25,7,ligament,3,3,0,,,,,,,unknown,unknown,,
2,MTR_220,us4,0.25,8,in_seg,1,5,1,,,,,miss,miss,1,1,correct,correct
2,MTR_220,us4,0.25,9,in_seg,1,4,2,,,,,miss,miss,2,2,correct,correct
2,MTR_220,us8,0.05,5,effusion,2,-1,7,,,,,,,none,none,,
2,MTR_220,us8,0.05,6,in_seg,0,1,5,,,,,miss,miss,5,5,correct,correct
2,MTR_220,us8,0.05,7,ligament,3,3,0,,,,,,,unknown,unknown,,
2,MTR_220,us8,0.05,8,in_seg,1,5,1,,,,,miss,miss,1,1,correct,correct
2,MTR_220,us8,0.05,9,in_seg,1,4,2,,,,,miss,miss,2,2,correct,correct
2,MTR_220,us8,0.1,5,effusion,2,-1,7,,,,,,,none,none,,
2,MTR_220,us8,0.1,6,in_seg,0,1,5,,,,,miss,miss,5,5,correct,correct
2,MTR_220,us8,0.1,7,ligament,3,3,0,,,,,,,unknown,unknown,,
2,MTR_220,us8,0.1,8,in_seg,1,5,1,,,,,miss,miss,1,1,correct,correct
2,MTR_220,us8,0.1,9,in_seg,1,4,2,,,,,miss,miss,2,2,correct,correct
2,MTR_220,us8,0.25,5,effusion,2,-1,7,,,,,,,none,none,,
2,MTR_220,us8,0.25,6,in_seg,0,1,5,,,,,miss,miss,5,5,correct,correct
2,MTR_220,us8,0.25,7,ligament,3,3,0,,,,,,,unknown,unknown,,
2,MTR_220,us8,0.25,8,in_seg,1,5,1,,,,,miss,miss,1,1,correct,correct
2,MTR_220,us8,0.25,9,in_seg,1,4,2,,,,,miss,miss,2,2,correct,correct
2,MTR_220,us16,0.05,5,effusion,2,-1,7,,,,,,,none,none,,
2,MTR_220,us16,0.05,6,in_seg,0,1,5,,,,,miss,miss,5,5,correct,correct
2,MTR_220,us16,0.05,7,ligament,3,3,0,,,,,,,unknown,unknown,,
2,MTR_220,us16,0.05,8,in_seg,1,5,1,,,,,miss,miss,1,1,correct,correct
2,MTR_220,us16,0.05,9,in_seg,1,4,2,,,,,miss,miss,2,2,correct,correct
2,MTR_220,us16,0.1,5,effusion,2,-1,7,,,,,,,none,none,,
2,MTR_220,us16,0.1,6,in_seg,0,1,5,,,,,miss,miss,5,5,correct,correct
2,MTR_220,us16,0.1,7,ligament,3,3,0,,,,,,,unknown,unknown,,
2,MTR_220,us16,0.1,8,in_seg,1,5,1,,,,,miss,miss,1,1,correct,correct
2,MTR_220,us16,0.1,9,in_seg,1,4,2,,,,,miss,miss,2,2,correct,correct
2,MTR_220,us16,0.25,5,effusion,2,-1,7,,,,,,,none,none,,
2,MTR_220,us16,0.25,6,in_seg,0,1,5,,,,,miss,miss,5,5,correct,correct
2,MTR_220,us16,0.25,7,ligament,3,3,0,,,,,,,unknown,unknown,,
2,MTR_220,us16,0.25,8,in_seg,1,5,1,,,,,miss,miss,1,1,correct,correct
2,MTR_220,us16,0.25,9,in_seg,1,4,2,,,,,miss,miss,2,2,correct,correct
4,MTR_221,clean,0.05,21,effusion,2,-1,7,,,,,,,none,none,,
4,MTR_221,clean,0.05,22,in_seg,0,1,5,,,,,miss,miss,5,5,correct,correct
4,MTR_221,clean,0.05,24,in_seg,1,4,2,,,,,miss,miss,2,2,correct,correct
4,MTR_221,clean,0.1,21,effusion,2,-1,7,,,,,,,none,none,,
4,MTR_221,clean,0.1,22,in_seg,0,1,5,,,,,miss,miss,5,5,correct,correct
4,MTR_221,clean,0.1,24,in_seg,1,4,2,,,,,miss,miss,2,2,correct,correct
4,MTR_221,clean,0.25,21,effusion,2,-1,7,,,,,,,none,none,,
4,MTR_221,clean,0.25,22,in_seg,0,1,5,,,,,miss,miss,5,5,correct,correct
4,MTR_221,clean,0.25,24,in_seg,1,4,2,,,,,miss,miss,2,2,correct,correct
4,MTR_221,noise_q1,0.05,21,effusion,2,-1,7,,,,,,,none,none,,
4,MTR_221,noise_q1,0.05,22,in_seg,0,1,5,,,,,miss,miss,5,5,correct,correct
4,MTR_221,noise_q1,0.05,24,in_seg,1,4,2,,,,,miss,miss,2,2,correct,correct
4,MTR_221,noise_q1,0.1,21,effusion,2,-1,7,,,,,,,none,none,,
4,MTR_221,noise_q1,0.1,22,in_seg,0,1,5,,,,,miss,miss,5,5,correct,correct
4,MTR_221,noise_q1,0.1,24,in_seg,1,4,2,,,,,miss,miss,2,2,correct,correct
4,MTR_221,noise_q1,0.25,21,effusion,2,-1,7,,,,,,,none,none,,
4,MTR_221,noise_q1,0.25,22,in_seg,0,1,5,,,,,miss,miss,5,5,correct,correct
4,MTR_221,noise_q1,0.25,24,in_seg,1,4,2,,,,,miss,miss,2,2,correct,correct
4,MTR_221,noise_q2,0.05,21,effusion,2,-1,7,,,,,,,none,none,,
4,MTR_221,noise_q2,0.05,22,in_seg,0,1,5,,,,,miss,miss,5,5,correct,correct
4,MTR_221,noise_q2,0.05,24,in_seg,1,4,2,,,,,miss,miss,2,2,correct,correct
4,MTR_221,noise_q2,0.1,21,effusion,2,-1,7,,,,,,,none,none,,
4,MTR_221,noise_q2,0.1,22,in_seg,0,1,5,,,,,miss,miss,5,5,correct,correct
4,MTR_221,noise_q2,0.1,24,in_seg,1,4,2,,,,,miss,miss,2,2,correct,correct
4,MTR_221,noise_q2,0.25,21,effusion,2,-1,7,,,,,,,none,none,,
4,MTR_221,noise_q2,0.25,22,in_seg,0,1,5,,,,,miss,miss,5,5,correct,correct
4,MTR_221,noise_q2,0.25,24,in_seg,1,4,2,,,,,miss,miss,2,2,correct,correct
4,MTR_221,noise_q3,0.05,21,effusion,2,-1,7,,,,,,,none,none,,
4,MTR_221,noise_q3,0.05,22,in_seg,0,1,5,,,,,miss,miss,5,5,correct,correct
4,MTR_221,noise_q3,0.05,24,in_seg,1,4,2,,,,,miss,miss,2,2,correct,correct
4,MTR_221,noise_q3,0.1,21,effusion,2,-1,7,,,,,,,none,none,,
4,MTR_221,noise_q3,0.1,22,in_seg,0,1,5,,,,,miss,miss,5,5,correct,correct
4,MTR_221,noise_q3,0.1,24,in_seg,1,4,2,,,,,miss,miss,2,2,correct,correct
4,MTR_221,noise_q3,0.25,21,effusion,2,-1,7,,,,,,,none,none,,
4,MTR_221,noise_q3,0.25,22,in_seg,0,1,5,,,,,miss,miss,5,5,correct,correct
4,MTR_221,noise_q3,0.25,24,in_seg,1,4,2,,,,,miss,miss,2,2,correct,correct
4,MTR_221,us4,0.05,21,effusion,2,-1,7,,,,,,,none,none,,
4,MTR_221,us4,0.05,22,in_seg,0,1,5,,,,,miss,miss,5,5,correct,correct
4,MTR_221,us4,0.05,24,in_seg,1,4,2,,,,,miss,miss,2,2,correct,correct
4,MTR_221,us4,0.1,21,effusion,2,-1,7,,,,,,,none,none,,
4,MTR_221,us4,0.1,22,in_seg,0,1,5,,,,,miss,miss,5,5,correct,correct
4,MTR_221,us4,0.1,24,in_seg,1,4,2,,,,,miss,miss,2,2,correct,correct
4,MTR_221,us4,0.25,21,effusion,2,-1,7,,,,,,,none,none,,
4,MTR_221,us4,0.25,22,in_seg,0,1,5,,,,,miss,miss,5,5,correct,correct
4,MTR_221,us4,0.25,24,in_seg,1,4,2,,,,,miss,miss,2,2,correct,correct
4,MTR_221,us8,0.05,21,effusion,2,-1,7,,,,,,,none,none,,
4,MTR_221,us8,0.05,22,in_seg,0,1,5,,,,,miss,miss,5,5,correct,correct
4,MTR_221,us8,0.05,24,in_seg,1,4,2,,,,,miss,miss,2,2,correct,correct
4,MTR_221,us8,0.1,21,effusion,2,-1,7,,,,,,,none,none,,
4,MTR_221,us8,0.1,22,in_seg,0,1,5,,,,,miss,miss,5,5,correct,correct
4,MTR_221,us8,0.1,24,in_seg,1,4,2,,,,,miss,miss,2,2,correct,correct
4,MTR_221,us8,0.25,21,effusion,2,-1,7,,,,,,,none,none,,
4,MTR_221,us8,0.25,22,in_seg,0,1,5,,,,,miss,miss,5,5,correct,correct
4,MTR_221,us8,0.25,24,in_seg,1,4,2,,,,,miss,miss,2,2,correct,correct
4,MTR_221,us16,0.05,21,effusion,2,-1,7,,,,,,,none,none,,
4,MTR_221,us16,0.05,22,in_seg,0,1,5,,,,,miss,miss,5,5,correct,correct
4,MTR_221,us16,0.05,24,in_seg,1,4,2,,,,,miss,miss,2,2,correct,correct
4,MTR_221,us16,0.1,21,effusion,2,-1,7,,,,,,,none,none,,
4,MTR_221,us16,0.1,22,in_seg,0,1,5,,,,,miss,miss,5,5,correct,correct
4,MTR_221,us16,0.1,24,in_seg,1,4,2,,,,,miss,miss,2,2,correct,correct
4,MTR_221,us16,0.25,21,effusion,2,-1,7,,,,,,,none,none,,
4,MTR_221,us16,0.25,22,in_seg,0,1,5,,,,,miss,miss,5,5,correct,correct
4,MTR_221,us16,0.25,24,in_seg,1,4,2,,,,,miss,miss,2,2,correct,correct
4,MTR_222,clean,0.05,68,ligament,3,3,0,,,,,,,unknown,unknown,,
4,MTR_222,clean,0.05,69,effusion,2,-1,7,,,,,,,none,none,,
4,MTR_222,clean,0.1,68,ligament,3,3,0,,,,,,,unknown,unknown,,
4,MTR_222,clean,0.1,69,effusion,2,-1,7,,,,,,,none,none,,
4,MTR_222,clean,0.25,68,ligament,3,3,0,,,,,,,unknown,unknown,,
4,MTR_222,clean,0.25,69,effusion,2,-1,7,,,,,,,none,none,,
4,MTR_222,noise_q1,0.05,68,ligament,3,3,0,,,,,,,unknown,unknown,,
4,MTR_222,noise_q1,0.05,69,effusion,2,-1,7,,,,,,,none,none,,
4,MTR_222,noise_q1,0.1,68,ligament,3,3,0,,,,,,,unknown,unknown,,
4,MTR_222,noise_q1,0.1,69,effusion,2,-1,7,,,,,,,none,none,,
4,MTR_222,noise_q1,0.25,68,ligament,3,3,0,,,,,,,unknown,unknown,,
4,MTR_222,noise_q1,0.25,69,effusion,2,-1,7,,,,,,,none,none,,
4,MTR_222,noise_q2,0.05,68,ligament,3,3,0,,,,,,,unknown,unknown,,
4,MTR_222,noise_q2,0.05,69,effusion,2,-1,7,,,,,,,none,none,,
4,MTR_222,noise_q2,0.1,68,ligament,3,3,0,,,,,,,unknown,unknown,,
4,MTR_222,noise_q2,0.1,69,effusion,2,-1,7,,,,,,,none,none,,
4,MTR_222,noise_q2,0.25,68,ligament,3,3,0,,,,,,,unknown,unknown,,
4,MTR_222,noise_q2,0.25,69,effusion,2,-1,7,,,,,,,none,none,,
4,MTR_222,noise_q3,0.05,68,ligament,3,3,0,,,,,,,unknown,unknown,,
4,MTR_222,noise_q3,0.05,69,effusion,2,-1,7,,,,,,,none,none,,
4,MTR_222,noise_q3,0.1,68,ligament,3,3,0,,,,,,,unknown,unknown,,
4,MTR_222,noise_q3,0.1,69,effusion,2,-1,7,,,,,,,none,none,,
4,MTR_222,noise_q3,0.25,68,ligament,3,3,0,,,,,,,unknown,unknown,,
4,MTR_222,noise_q3,0.25,69,effusion,2,-1,7,,,,,,,none,none,,
4,MTR_222,us4,0.05,68,ligament,3,3,0,,,,,,,unknown,unknown,,
4,MTR_222,us4,0.05,69,effusion,2,-1,7,,,,,,,none,none,,
4,MTR_222,us4,0.1,68,ligament,3,3,0,,,,,,,unknown,unknown,,
4,MTR_222,us4,0.1,69,effusion,2,-1,7,,,,,,,none,none,,
4,MTR_222,us4,0.25,68,ligament,3,3,0,,,,,,,unknown,unknown,,
4,MTR_222,us4,0.25,69,effusion,2,-1,7,,,,,,,none,none,,
4,MTR_222,us8,0.05,68,ligament,3,3,0,,,,,,,unknown,unknown,,
4,MTR_222,us8,0.05,69,effusion,2,-1,7,,,,,,,none,none,,
4,MTR_222,us8,0.1,68,ligament,3,3,0,,,,,,,unknown,unknown,,
4,MTR_222,us8,0.1,69,effusion,2,-1,7,,,,,,,none,none,,
4,MTR_222,us8,0.25,68,ligament,3,3,0,,,,,,,unknown,unknown,,
4,MTR_222,us8,0.25,69,effusion,2,-1,7,,,,,,,none,none,,
4,MTR_222,us16,0.05,68,ligament,3,3,0,,,,,,,unknown,unknown,,
4,MTR_222,us16,0.05,69,effusion,2,-1,7,,,,,,,none,none,,
4,MTR_222,us16,0.1,68,ligament,3,3,0,,,,,,,unknown,unknown,,
4,MTR_222,us16,0.1,69,effusion,2,-1,7,,,,,,,none,none,,
4,MTR_222,us16,0.25,68,ligament,3,3,0,,,,,,,unknown,unknown,,
4,MTR_222,us16,0.25,69,effusion,2,-1,7,,,,,,,none,none,,
1,MTR_224,clean,0.05,29,in_seg,0,1,6,,,,,miss,miss,6,5,correct,correct
1,MTR_224,clean,0.05,30,in_seg,0,1,5,,,,,miss,miss,5,5,correct,correct
1,MTR_224,clean,0.05,31,in_seg,1,5,1,,,,,miss,miss,1,1,correct,correct
1,MTR_224,clean,0.05,32,in_seg,1,6,4,,,,,miss,miss,4,4,correct,correct
1,MTR_224,clean,0.05,33,in_seg,1,6,3,,,,,miss,miss,3,3,correct,correct
1,MTR_224,clean,0.1,29,in_seg,0,1,6,,,,,miss,miss,6,5,correct,correct
1,MTR_224,clean,0.1,30,in_seg,0,1,5,,,,,miss,miss,5,5,correct,correct
1,MTR_224,clean,0.1,31,in_seg,1,5,1,,,,,miss,miss,1,1,correct,correct
1,MTR_224,clean,0.1,32,in_seg,1,6,4,,,,,miss,miss,4,4,correct,correct
1,MTR_224,clean,0.1,33,in_seg,1,6,3,,,,,miss,miss,3,3,correct,correct
1,MTR_224,clean,0.25,29,in_seg,0,1,6,,,,,miss,miss,6,5,correct,correct
1,MTR_224,clean,0.25,30,in_seg,0,1,5,,,,,miss,miss,5,5,correct,correct
1,MTR_224,clean,0.25,31,in_seg,1,5,1,,,,,miss,miss,1,1,correct,correct
1,MTR_224,clean,0.25,32,in_seg,1,6,4,,,,,miss,miss,4,4,correct,correct
1,MTR_224,clean,0.25,33,in_seg,1,6,3,,,,,miss,miss,3,3,correct,correct
1,MTR_224,noise_q1,0.05,29,in_seg,0,1,6,,,,,miss,miss,6,5,correct,correct
1,MTR_224,noise_q1,0.05,30,in_seg,0,1,5,,,,,miss,miss,5,5,correct,correct
1,MTR_224,noise_q1,0.05,31,in_seg,1,5,1,,,,,miss,miss,1,1,correct,correct
1,MTR_224,noise_q1,0.05,32,in_seg,1,6,4,,,,,miss,miss,4,4,correct,correct
1,MTR_224,noise_q1,0.05,33,in_seg,1,6,3,,,,,miss,miss,3,3,correct,correct
1,MTR_224,noise_q1,0.1,29,in_seg,0,1,6,,,,,miss,miss,6,5,correct,correct
1,MTR_224,noise_q1,0.1,30,in_seg,0,1,5,,,,,miss,miss,5,5,correct,correct
1,MTR_224,noise_q1,0.1,31,in_seg,1,5,1,,,,,miss,miss,1,1,correct,correct
1,MTR_224,noise_q1,0.1,32,in_seg,1,6,4,,,,,miss,miss,4,4,correct,correct
1,MTR_224,noise_q1,0.1,33,in_seg,1,6,3,,,,,miss,miss,3,3,correct,correct
1,MTR_224,noise_q1,0.25,29,in_seg,0,1,6,,,,,miss,miss,6,5,correct,correct
1,MTR_224,noise_q1,0.25,30,in_seg,0,1,5,,,,,miss,miss,5,5,correct,correct
1,MTR_224,noise_q1,0.25,31,in_seg,1,5,1,,,,,miss,miss,1,1,correct,correct
1,MTR_224,noise_q1,0.25,32,in_seg,1,6,4,,,,,miss,miss,4,4,correct,correct
1,MTR_224,noise_q1,0.25,33,in_seg,1,6,3,,,,,miss,miss,3,3,correct,correct
1,MTR_224,noise_q2,0.05,29,in_seg,0,1,6,,,,,miss,miss,6,5,correct,correct
1,MTR_224,noise_q2,0.05,30,in_seg,0,1,5,,,,,miss,miss,5,5,correct,correct
1,MTR_224,noise_q2,0.05,31,in_seg,1,5,1,,,,,miss,miss,1,1,correct,correct
1,MTR_224,noise_q2,0.05,32,in_seg,1,6,4,,,,,miss,miss,4,4,correct,correct
1,MTR_224,noise_q2,0.05,33,in_seg,1,6,3,,,,,miss,miss,3,3,correct,correct
1,MTR_224,noise_q2,0.1,29,in_seg,0,1,6,,,,,miss,miss,6,5,correct,correct
1,MTR_224,noise_q2,0.1,30,in_seg,0,1,5,,,,,miss,miss,5,5,correct,correct
1,MTR_224,noise_q2,0.1,31,in_seg,1,5,1,,,,,miss,miss,1,1,correct,correct
1,MTR_224,noise_q2,0.1,32,in_seg,1,6,4,,,,,miss,miss,4,4,correct,correct
1,MTR_224,noise_q2,0.1,33,in_seg,1,6,3,,,,,miss,miss,3,3,correct,correct
1,MTR_224,noise_q2,0.25,29,in_seg,0,1,6,,,,,miss,miss,6,5,correct,correct
1,MTR_224,noise_q2,0.25,30,in_seg,0,1,5,,,,,miss,miss,5,5,correct,correct
1,MTR_224,noise_q2,0.25,31,in_seg,1,5,1,,,,,miss,miss,1,1,correct,correct
1,MTR_224,noise_q2,0.25,32,in_seg,1,6,4,,,,,miss,miss,4,4,correct,correct
1,MTR_224,noise_q2,0.25,33,in_seg,1,6,3,,,,,miss,miss,3,3,correct,correct
1,MTR_224,noise_q3,0.05,29,in_seg,0,1,6,,,,,miss,miss,6,5,correct,correct
1,MTR_224,noise_q3,0.05,30,in_seg,0,1,5,,,,,miss,miss,5,5,correct,correct
1,MTR_224,noise_q3,0.05,31,in_seg,1,5,1,,,,,miss,miss,1,1,correct,correct
1,MTR_224,noise_q3,0.05,32,in_seg,1,6,4,,,,,miss,miss,4,4,correct,correct
1,MTR_224,noise_q3,0.05,33,in_seg,1,6,3,,,,,miss,miss,3,3,correct,correct
1,MTR_224,noise_q3,0.1,29,in_seg,0,1,6,,,,,miss,miss,6,5,correct,correct
1,MTR_224,noise_q3,0.1,30,in_seg,0,1,5,,,,,miss,miss,5,5,correct,correct
1,MTR_224,noise_q3,0.1,31,in_seg,1,5,1,,,,,miss,miss,1,1,correct,correct
1,MTR_224,noise_q3,0.1,32,in_seg,1,6,4,,,,,miss,miss,4,4,correct,correct
1,MTR_224,noise_q3,0.1,33,in_seg,1,6,3,,,,,miss,miss,3,3,correct,correct
1,MTR_224,noise_q3,0.25,29,in_seg,0,1,6,,,,,miss,miss,6,5,correct,correct
1,MTR_224,noise_q3,0.25,30,in_seg,0,1,5,,,,,miss,miss,5,5,correct,correct
1,MTR_224,noise_q3,0.25,31,in_seg,1,5,1,,,,,miss,miss,1,1,correct,correct
1,MTR_224,noise_q3,0.25,32,in_seg,1,6,4,,,,,miss,miss,4,4,correct,correct
1,MTR_224,noise_q3,0.25,33,in_seg,1,6,3,,,,,miss,miss,3,3,correct,correct
1,MTR_224,us4,0.05,29,in_seg,0,1,6,,,,,miss,miss,6,6,correct,correct
1,MTR_224,us4,0.05,30,in_seg,0,1,5,,,,,miss,miss,5,5,correct,correct
1,MTR_224,us4,0.05,31,in_seg,1,5,1,,,,,miss,miss,1,1,correct,correct
1,MTR_224,us4,0.05,32,in_seg,1,6,4,,,,,miss,miss,4,4,correct,correct
1,MTR_224,us4,0.05,33,in_seg,1,6,3,,,,,miss,miss,3,3,correct,correct
1,MTR_224,us4,0.1,29,in_seg,0,1,6,,,,,miss,miss,6,6,correct,correct
1,MTR_224,us4,0.1,30,in_seg,0,1,5,,,,,miss,miss,5,5,correct,correct
1,MTR_224,us4,0.1,31,in_seg,1,5,1,,,,,miss,miss,1,1,correct,correct
1,MTR_224,us4,0.1,32,in_seg,1,6,4,,,,,miss,miss,4,4,correct,correct
1,MTR_224,us4,0.1,33,in_seg,1,6,3,,,,,miss,miss,3,3,correct,correct
1,MTR_224,us4,0.25,29,in_seg,0,1,6,,,,,miss,miss,6,6,correct,correct
1,MTR_224,us4,0.25,30,in_seg,0,1,5,,,,,miss,miss,5,5,correct,correct
1,MTR_224,us4,0.25,31,in_seg,1,5,1,,,,,miss,miss,1,1,correct,correct
1,MTR_224,us4,0.25,32,in_seg,1,6,4,,,,,miss,miss,4,4,correct,correct
1,MTR_224,us4,0.25,33,in_seg,1,6,3,,,,,miss,miss,3,3,correct,correct
1,MTR_224,us8,0.05,29,in_seg,0,1,6,,,,,miss,miss,6,6,correct,correct
1,MTR_224,us8,0.05,30,in_seg,0,1,5,,,,,miss,miss,5,5,correct,correct
1,MTR_224,us8,0.05,31,in_seg,1,5,1,,,,,miss,miss,1,1,correct,correct
1,MTR_224,us8,0.05,32,in_seg,1,6,4,,,,,miss,miss,4,4,correct,correct
1,MTR_224,us8,0.05,33,in_seg,1,6,3,,,,,miss,miss,3,3,correct,correct
1,MTR_224,us8,0.1,29,in_seg,0,1,6,,,,,miss,miss,6,6,correct,correct
1,MTR_224,us8,0.1,30,in_seg,0,1,5,,,,,miss,miss,5,5,correct,correct
1,MTR_224,us8,0.1,31,in_seg,1,5,1,,,,,miss,miss,1,1,correct,correct
1,MTR_224,us8,0.1,32,in_seg,1,6,4,,,,,miss,miss,4,4,correct,correct
1,MTR_224,us8,0.1,33,in_seg,1,6,3,,,,,miss,miss,3,3,correct,correct
1,MTR_224,us8,0.25,29,in_seg,0,1,6,,,,,miss,miss,6,6,correct,correct
1,MTR_224,us8,0.25,30,in_seg,0,1,5,,,,,miss,miss,5,5,correct,correct
1,MTR_224,us8,0.25,31,in_seg,1,5,1,,,,,miss,miss,1,1,correct,correct
1,MTR_224,us8,0.25,32,in_seg,1,6,4,,,,,miss,miss,4,4,correct,correct
1,MTR_224,us8,0.25,33,in_seg,1,6,3,,,,,miss,miss,3,3,correct,correct
1,MTR_224,us16,0.05,29,in_seg,0,1,6,,,,,miss,miss,6,6,correct,correct
1,MTR_224,us16,0.05,30,in_seg,0,1,5,,,,,miss,miss,5,5,correct,correct
1,MTR_224,us16,0.05,31,in_seg,1,5,1,,,,,miss,miss,1,1,correct,correct
1,MTR_224,us16,0.05,32,in_seg,1,6,4,,,,,miss,miss,4,4,correct,correct
1,MTR_224,us16,0.05,33,in_seg,1,6,3,,,,,miss,miss,3,3,correct,correct
1,MTR_224,us16,0.1,29,in_seg,0,1,6,,,,,miss,miss,6,6,correct,correct
1,MTR_224,us16,0.1,30,in_seg,0,1,5,,,,,miss,miss,5,5,correct,correct
1,MTR_224,us16,0.1,31,in_seg,1,5,1,,,,,miss,miss,1,1,correct,correct
1,MTR_224,us16,0.1,32,in_seg,1,6,4,,,,,miss,miss,4,4,correct,correct
1,MTR_224,us16,0.1,33,in_seg,1,6,3,,,,,miss,miss,3,3,correct,correct
1,MTR_224,us16,0.25,29,in_seg,0,1,6,,,,,miss,miss,6,6,correct,correct
1,MTR_224,us16,0.25,30,in_seg,0,1,5,,,,,miss,miss,5,5,correct,correct
1,MTR_224,us16,0.25,31,in_seg,1,5,1,,,,,miss,miss,1,1,correct,correct
1,MTR_224,us16,0.25,32,in_seg,1,6,4,,,,,miss,miss,4,4,correct,correct
1,MTR_224,us16,0.25,33,in_seg,1,6,3,,,,,miss,miss,3,3,correct,correct
3,MTR_225,clean,0.05,32,ligament,3,2,0,,,,,,,unknown,unknown,,
3,MTR_225,clean,0.1,32,ligament,3,2,0,,,,,,,unknown,unknown,,
3,MTR_225,clean,0.25,32,ligament,3,2,0,,,,,,,unknown,unknown,,
3,MTR_225,noise_q1,0.05,32,ligament,3,2,0,,,,,,,unknown,unknown,,
3,MTR_225,noise_q1,0.1,32,ligament,3,2,0,,,,,,,unknown,unknown,,
3,MTR_225,noise_q1,0.25,32,ligament,3,2,0,,,,,,,unknown,unknown,,
3,MTR_225,noise_q2,0.05,32,ligament,3,2,0,,,,,,,unknown,unknown,,
3,MTR_225,noise_q2,0.1,32,ligament,3,2,0,,,,,,,unknown,unknown,,
3,MTR_225,noise_q2,0.25,32,ligament,3,2,0,,,,,,,unknown,unknown,,
3,MTR_225,noise_q3,0.05,32,ligament,3,2,0,,,,,,,unknown,unknown,,
3,MTR_225,noise_q3,0.1,32,ligament,3,2,0,,,,,,,unknown,unknown,,
3,MTR_225,noise_q3,0.25,32,ligament,3,2,0,,,,,,,unknown,unknown,,
3,MTR_225,us4,0.05,32,ligament,3,2,0,,,,,,,unknown,unknown,,
3,MTR_225,us4,0.1,32,ligament,3,2,0,,,,,,,unknown,unknown,,
3,MTR_225,us4,0.25,32,ligament,3,2,0,,,,,,,unknown,unknown,,
3,MTR_225,us8,0.05,32,ligament,3,2,0,,,,,,,unknown,unknown,,
3,MTR_225,us8,0.1,32,ligament,3,2,0,,,,,,,unknown,unknown,,
3,MTR_225,us8,0.25,32,ligament,3,2,0,,,,,,,unknown,unknown,,
3,MTR_225,us16,0.05,32,ligament,3,2,0,,,,,,,unknown,unknown,,
3,MTR_225,us16,0.1,32,ligament,3,2,0,,,,,,,unknown,unknown,,
3,MTR_225,us16,0.25,32,ligament,3,2,0,,,,,,,unknown,unknown,,
1,MTR_227,clean,0.05,34,effusion,2,-1,7,,,,,,,none,none,,
1,MTR_227,clean,0.05,35,in_seg,0,1,6,,,,,miss,miss,6,6,correct,correct
1,MTR_227,clean,0.05,36,in_seg,1,6,4,,,,,miss,miss,4,4,correct,correct
1,MTR_227,clean,0.1,34,effusion,2,-1,7,,,,,,,none,none,,
1,MTR_227,clean,0.1,35,in_seg,0,1,6,,,,,miss,miss,6,6,correct,correct
1,MTR_227,clean,0.1,36,in_seg,1,6,4,,,,,miss,miss,4,4,correct,correct
1,MTR_227,clean,0.25,34,effusion,2,-1,7,,,,,,,none,none,,
1,MTR_227,clean,0.25,35,in_seg,0,1,6,,,,,miss,miss,6,6,correct,correct
1,MTR_227,clean,0.25,36,in_seg,1,6,4,,,,,miss,miss,4,4,correct,correct
1,MTR_227,noise_q1,0.05,34,effusion,2,-1,7,,,,,,,none,none,,
1,MTR_227,noise_q1,0.05,35,in_seg,0,1,6,,,,,miss,miss,6,6,correct,correct
1,MTR_227,noise_q1,0.05,36,in_seg,1,6,4,,,,,miss,miss,4,4,correct,correct
1,MTR_227,noise_q1,0.1,34,effusion,2,-1,7,,,,,,,none,none,,
1,MTR_227,noise_q1,0.1,35,in_seg,0,1,6,,,,,miss,miss,6,6,correct,correct
1,MTR_227,noise_q1,0.1,36,in_seg,1,6,4,,,,,miss,miss,4,4,correct,correct
1,MTR_227,noise_q1,0.25,34,effusion,2,-1,7,,,,,,,none,none,,
1,MTR_227,noise_q1,0.25,35,in_seg,0,1,6,,,,,miss,miss,6,6,correct,correct
1,MTR_227,noise_q1,0.25,36,in_seg,1,6,4,,,,,miss,miss,4,4,correct,correct
1,MTR_227,noise_q2,0.05,34,effusion,2,-1,7,,,,,,,none,none,,
1,MTR_227,noise_q2,0.05,35,in_seg,0,1,6,,,,,miss,miss,6,6,correct,correct
1,MTR_227,noise_q2,0.05,36,in_seg,1,6,4,,,,,miss,miss,4,4,correct,correct
1,MTR_227,noise_q2,0.1,34,effusion,2,-1,7,,,,,,,none,none,,
1,MTR_227,noise_q2,0.1,35,in_seg,0,1,6,,,,,miss,miss,6,6,correct,correct
1,MTR_227,noise_q2,0.1,36,in_seg,1,6,4,,,,,miss,miss,4,4,correct,correct
1,MTR_227,noise_q2,0.25,34,effusion,2,-1,7,,,,,,,none,none,,
1,MTR_227,noise_q2,0.25,35,in_seg,0,1,6,,,,,miss,miss,6,6,correct,correct
1,MTR_227,noise_q2,0.25,36,in_seg,1,6,4,,,,,miss,miss,4,4,correct,correct
1,MTR_227,noise_q3,0.05,34,effusion,2,-1,7,,,,,,,none,none,,
1,MTR_227,noise_q3,0.05,35,in_seg,0,1,6,,,,,miss,miss,6,6,correct,correct
1,MTR_227,noise_q3,0.05,36,in_seg,1,6,4,,,,,miss,miss,4,4,correct,correct
1,MTR_227,noise_q3,0.1,34,effusion,2,-1,7,,,,,,,none,none,,
1,MTR_227,noise_q3,0.1,35,in_seg,0,1,6,,,,,miss,miss,6,6,correct,correct
1,MTR_227,noise_q3,0.1,36,in_seg,1,6,4,,,,,miss,miss,4,4,correct,correct
1,MTR_227,noise_q3,0.25,34,effusion,2,-1,7,,,,,,,none,none,,
1,MTR_227,noise_q3,0.25,35,in_seg,0,1,6,,,,,miss,miss,6,6,correct,correct
1,MTR_227,noise_q3,0.25,36,in_seg,1,6,4,,,,,miss,miss,4,4,correct,correct
1,MTR_227,us4,0.05,34,effusion,2,-1,7,,,,,,,none,none,,
1,MTR_227,us4,0.05,35,in_seg,0,1,6,,,,,miss,miss,6,6,correct,correct
1,MTR_227,us4,0.05,36,in_seg,1,6,4,,,,,miss,miss,4,4,correct,correct
1,MTR_227,us4,0.1,34,effusion,2,-1,7,,,,,,,none,none,,
1,MTR_227,us4,0.1,35,in_seg,0,1,6,,,,,miss,miss,6,6,correct,correct
1,MTR_227,us4,0.1,36,in_seg,1,6,4,,,,,miss,miss,4,4,correct,correct
1,MTR_227,us4,0.25,34,effusion,2,-1,7,,,,,,,none,none,,
1,MTR_227,us4,0.25,35,in_seg,0,1,6,,,,,miss,miss,6,6,correct,correct
1,MTR_227,us4,0.25,36,in_seg,1,6,4,,,,,miss,miss,4,4,correct,correct
1,MTR_227,us8,0.05,34,effusion,2,-1,7,,,,,,,none,none,,
1,MTR_227,us8,0.05,35,in_seg,0,1,6,,,,,miss,miss,6,6,correct,correct
1,MTR_227,us8,0.05,36,in_seg,1,6,4,,,,,miss,miss,4,4,correct,correct
1,MTR_227,us8,0.1,34,effusion,2,-1,7,,,,,,,none,none,,
1,MTR_227,us8,0.1,35,in_seg,0,1,6,,,,,miss,miss,6,6,correct,correct
1,MTR_227,us8,0.1,36,in_seg,1,6,4,,,,,miss,miss,4,4,correct,correct
1,MTR_227,us8,0.25,34,effusion,2,-1,7,,,,,,,none,none,,
1,MTR_227,us8,0.25,35,in_seg,0,1,6,,,,,miss,miss,6,6,correct,correct
1,MTR_227,us8,0.25,36,in_seg,1,6,4,,,,,miss,miss,4,4,correct,correct
1,MTR_227,us16,0.05,34,effusion,2,-1,7,,,,,,,none,none,,
1,MTR_227,us16,0.05,35,in_seg,0,1,6,,,,,miss,miss,6,6,correct,correct
1,MTR_227,us16,0.05,36,in_seg,1,6,4,,,,,miss,miss,4,4,correct,correct
1,MTR_227,us16,0.1,34,effusion,2,-1,7,,,,,,,none,none,,
1,MTR_227,us16,0.1,35,in_seg,0,1,6,,,,,miss,miss,6,6,correct,correct
1,MTR_227,us16,0.1,36,in_seg,1,6,4,,,,,miss,miss,4,4,correct,correct
1,MTR_227,us16,0.25,34,effusion,2,-1,7,,,,,,,none,none,,
1,MTR_227,us16,0.25,35,in_seg,0,1,6,,,,,miss,miss,6,6,correct,correct
1,MTR_227,us16,0.25,36,in_seg,1,6,4,,,,,miss,miss,4,4,correct,correct
0,MTR_229,clean,0.05,161,in_seg,1,6,4,,,,,miss,miss,4,3,correct,correct
0,MTR_229,clean,0.05,162,effusion,2,-1,7,,,,,,,none,none,,
0,MTR_229,clean,0.1,161,in_seg,1,6,4,,,,,miss,miss,4,3,correct,correct
0,MTR_229,clean,0.1,162,effusion,2,-1,7,,,,,,,none,none,,
0,MTR_229,clean,0.25,161,in_seg,1,6,4,,,,,miss,miss,4,3,correct,correct
0,MTR_229,clean,0.25,162,effusion,2,-1,7,,,,,,,none,none,,
0,MTR_229,noise_q1,0.05,161,in_seg,1,6,4,,,,,miss,miss,4,3,correct,correct
0,MTR_229,noise_q1,0.05,162,effusion,2,-1,7,,,,,,,none,none,,
0,MTR_229,noise_q1,0.1,161,in_seg,1,6,4,,,,,miss,miss,4,3,correct,correct
0,MTR_229,noise_q1,0.1,162,effusion,2,-1,7,,,,,,,none,none,,
0,MTR_229,noise_q1,0.25,161,in_seg,1,6,4,,,,,miss,miss,4,3,correct,correct
0,MTR_229,noise_q1,0.25,162,effusion,2,-1,7,,,,,,,none,none,,
0,MTR_229,noise_q2,0.05,161,in_seg,1,6,4,,,,,miss,miss,4,3,correct,correct
0,MTR_229,noise_q2,0.05,162,effusion,2,-1,7,,,,,,,none,none,,
0,MTR_229,noise_q2,0.1,161,in_seg,1,6,4,,,,,miss,miss,4,3,correct,correct
0,MTR_229,noise_q2,0.1,162,effusion,2,-1,7,,,,,,,none,none,,
0,MTR_229,noise_q2,0.25,161,in_seg,1,6,4,,,,,miss,miss,4,3,correct,correct
0,MTR_229,noise_q2,0.25,162,effusion,2,-1,7,,,,,,,none,none,,
0,MTR_229,noise_q3,0.05,161,in_seg,1,6,4,,,,,miss,miss,4,3,correct,correct
0,MTR_229,noise_q3,0.05,162,effusion,2,-1,7,,,,,,,none,none,,
0,MTR_229,noise_q3,0.1,161,in_seg,1,6,4,,,,,miss,miss,4,3,correct,correct
0,MTR_229,noise_q3,0.1,162,effusion,2,-1,7,,,,,,,none,none,,
0,MTR_229,noise_q3,0.25,161,in_seg,1,6,4,,,,,miss,miss,4,3,correct,correct
0,MTR_229,noise_q3,0.25,162,effusion,2,-1,7,,,,,,,none,none,,
0,MTR_229,us4,0.05,161,in_seg,1,6,4,,,,,miss,miss,4,4,correct,correct
0,MTR_229,us4,0.05,162,effusion,2,-1,7,,,,,,,none,none,,
0,MTR_229,us4,0.1,161,in_seg,1,6,4,,,,,miss,miss,4,4,correct,correct
0,MTR_229,us4,0.1,162,effusion,2,-1,7,,,,,,,none,none,,
0,MTR_229,us4,0.25,161,in_seg,1,6,4,,,,,miss,miss,4,4,correct,correct
0,MTR_229,us4,0.25,162,effusion,2,-1,7,,,,,,,none,none,,
0,MTR_229,us8,0.05,161,in_seg,1,6,4,,,,,miss,miss,4,3,correct,correct
0,MTR_229,us8,0.05,162,effusion,2,-1,7,,,,,,,none,none,,
0,MTR_229,us8,0.1,161,in_seg,1,6,4,,,,,miss,miss,4,3,correct,correct
0,MTR_229,us8,0.1,162,effusion,2,-1,7,,,,,,,none,none,,
0,MTR_229,us8,0.25,161,in_seg,1,6,4,,,,,miss,miss,4,3,correct,correct
0,MTR_229,us8,0.25,162,effusion,2,-1,7,,,,,,,none,none,,
0,MTR_229,us16,0.05,161,in_seg,1,6,4,,,,,miss,miss,4,3,correct,correct
0,MTR_229,us16,0.05,162,effusion,2,-1,7,,,,,,,none,none,,
0,MTR_229,us16,0.1,161,in_seg,1,6,4,,,,,miss,miss,4,3,correct,correct
0,MTR_229,us16,0.1,162,effusion,2,-1,7,,,,,,,none,none,,
0,MTR_229,us16,0.25,161,in_seg,1,6,4,,,,,miss,miss,4,3,correct,correct
0,MTR_229,us16,0.25,162,effusion,2,-1,7,,,,,,,none,none,,
0,MTR_230,clean,0.05,203,in_seg,0,1,5,,,,,miss,miss,5,5,correct,correct
0,MTR_230,clean,0.05,204,in_seg,0,1,6,,,,,miss,miss,6,6,correct,correct
0,MTR_230,clean,0.05,205,in_seg,0,1,5,,,,,miss,miss,5,6,correct,correct
0,MTR_230,clean,0.05,206,in_seg,0,1,6,,,,,miss,miss,6,6,correct,correct
0,MTR_230,clean,0.05,207,ligament,3,2,0,,,,,,,unknown,unknown,,
0,MTR_230,clean,0.05,208,in_seg,1,5,1,,,,,miss,miss,1,1,correct,correct
0,MTR_230,clean,0.05,209,in_seg,1,5,1,,,,,miss,miss,1,1,correct,correct
0,MTR_230,clean,0.05,210,in_seg,1,4,2,,,,,miss,miss,2,2,correct,correct
0,MTR_230,clean,0.05,211,in_seg,1,6,4,,,,,miss,miss,4,4,correct,correct
0,MTR_230,clean,0.05,212,effusion,2,-1,7,,,,,,,none,none,,
0,MTR_230,clean,0.05,213,effusion,2,-1,7,,,,,,,none,none,,
0,MTR_230,clean,0.1,203,in_seg,0,1,5,,,,,miss,miss,5,5,correct,correct
0,MTR_230,clean,0.1,204,in_seg,0,1,6,,,,,miss,miss,6,6,correct,correct
0,MTR_230,clean,0.1,205,in_seg,0,1,5,,,,,miss,miss,5,6,correct,correct
0,MTR_230,clean,0.1,206,in_seg,0,1,6,,,,,miss,miss,6,6,correct,correct
0,MTR_230,clean,0.1,207,ligament,3,2,0,,,,,,,unknown,unknown,,
0,MTR_230,clean,0.1,208,in_seg,1,5,1,,,,,miss,miss,1,1,correct,correct
0,MTR_230,clean,0.1,209,in_seg,1,5,1,,,,,miss,miss,1,1,correct,correct
0,MTR_230,clean,0.1,210,in_seg,1,4,2,,,,,miss,miss,2,2,correct,correct
0,MTR_230,clean,0.1,211,in_seg,1,6,4,,,,,miss,miss,4,4,correct,correct
0,MTR_230,clean,0.1,212,effusion,2,-1,7,,,,,,,none,none,,
0,MTR_230,clean,0.1,213,effusion,2,-1,7,,,,,,,none,none,,
0,MTR_230,clean,0.25,203,in_seg,0,1,5,,,,,miss,miss,5,5,correct,correct
0,MTR_230,clean,0.25,204,in_seg,0,1,6,,,,,miss,miss,6,6,correct,correct
0,MTR_230,clean,0.25,205,in_seg,0,1,5,,,,,miss,miss,5,6,correct,correct
0,MTR_230,clean,0.25,206,in_seg,0,1,6,,,,,miss,miss,6,6,correct,correct
0,MTR_230,clean,0.25,207,ligament,3,2,0,,,,,,,unknown,unknown,,
0,MTR_230,clean,0.25,208,in_seg,1,5,1,,,,,miss,miss,1,1,correct,correct
0,MTR_230,clean,0.25,209,in_seg,1,5,1,,,,,miss,miss,1,1,correct,correct
0,MTR_230,clean,0.25,210,in_seg,1,4,2,,,,,miss,miss,2,2,correct,correct
0,MTR_230,clean,0.25,211,in_seg,1,6,4,,,,,miss,miss,4,4,correct,correct
0,MTR_230,clean,0.25,212,effusion,2,-1,7,,,,,,,none,none,,
0,MTR_230,clean,0.25,213,effusion,2,-1,7,,,,,,,none,none,,
0,MTR_230,noise_q1,0.05,203,in_seg,0,1,5,,,,,miss,miss,5,5,correct,correct
0,MTR_230,noise_q1,0.05,204,in_seg,0,1,6,,,,,miss,miss,6,6,correct,correct
0,MTR_230,noise_q1,0.05,205,in_seg,0,1,5,,,,,miss,miss,5,6,correct,correct
0,MTR_230,noise_q1,0.05,206,in_seg,0,1,6,,,,,miss,miss,6,6,correct,correct
0,MTR_230,noise_q1,0.05,207,ligament,3,2,0,,,,,,,unknown,unknown,,
0,MTR_230,noise_q1,0.05,208,in_seg,1,5,1,,,,,miss,miss,1,1,correct,correct
0,MTR_230,noise_q1,0.05,209,in_seg,1,5,1,,,,,miss,miss,1,1,correct,correct
0,MTR_230,noise_q1,0.05,210,in_seg,1,4,2,,,,,miss,miss,2,2,correct,correct
0,MTR_230,noise_q1,0.05,211,in_seg,1,6,4,,,,,miss,miss,4,4,correct,correct
0,MTR_230,noise_q1,0.05,212,effusion,2,-1,7,,,,,,,none,none,,
0,MTR_230,noise_q1,0.05,213,effusion,2,-1,7,,,,,,,none,none,,
0,MTR_230,noise_q1,0.1,203,in_seg,0,1,5,,,,,miss,miss,5,5,correct,correct
0,MTR_230,noise_q1,0.1,204,in_seg,0,1,6,,,,,miss,miss,6,6,correct,correct
0,MTR_230,noise_q1,0.1,205,in_seg,0,1,5,,,,,miss,miss,5,6,correct,correct
0,MTR_230,noise_q1,0.1,206,in_seg,0,1,6,,,,,miss,miss,6,6,correct,correct
0,MTR_230,noise_q1,0.1,207,ligament,3,2,0,,,,,,,unknown,unknown,,
0,MTR_230,noise_q1,0.1,208,in_seg,1,5,1,,,,,miss,miss,1,1,correct,correct
0,MTR_230,noise_q1,0.1,209,in_seg,1,5,1,,,,,miss,miss,1,1,correct,correct
0,MTR_230,noise_q1,0.1,210,in_seg,1,4,2,,,,,miss,miss,2,2,correct,correct
0,MTR_230,noise_q1,0.1,211,in_seg,1,6,4,,,,,miss,miss,4,4,correct,correct
0,MTR_230,noise_q1,0.1,212,effusion,2,-1,7,,,,,,,none,none,,
0,MTR_230,noise_q1,0.1,213,effusion,2,-1,7,,,,,,,none,none,,
0,MTR_230,noise_q1,0.25,203,in_seg,0,1,5,,,,,miss,miss,5,5,correct,correct
0,MTR_230,noise_q1,0.25,204,in_seg,0,1,6,,,,,miss,miss,6,6,correct,correct
0,MTR_230,noise_q1,0.25,205,in_seg,0,1,5,,,,,miss,miss,5,6,correct,correct
0,MTR_230,noise_q1,0.25,206,in_seg,0,1,6,,,,,miss,miss,6,6,correct,correct
0,MTR_230,noise_q1,0.25,207,ligament,3,2,0,,,,,,,unknown,unknown,,
0,MTR_230,noise_q1,0.25,208,in_seg,1,5,1,,,,,miss,miss,1,1,correct,correct
0,MTR_230,noise_q1,0.25,209,in_seg,1,5,1,,,,,miss,miss,1,1,correct,correct
0,MTR_230,noise_q1,0.25,210,in_seg,1,4,2,,,,,miss,miss,2,2,correct,correct
0,MTR_230,noise_q1,0.25,211,in_seg,1,6,4,,,,,miss,miss,4,4,correct,correct
0,MTR_230,noise_q1,0.25,212,effusion,2,-1,7,,,,,,,none,none,,
0,MTR_230,noise_q1,0.25,213,effusion,2,-1,7,,,,,,,none,none,,
0,MTR_230,noise_q2,0.05,203,in_seg,0,1,5,,,,,miss,miss,5,5,correct,correct
0,MTR_230,noise_q2,0.05,204,in_seg,0,1,6,,,,,miss,miss,6,6,correct,correct
0,MTR_230,noise_q2,0.05,205,in_seg,0,1,5,,,,,miss,miss,5,6,correct,correct
0,MTR_230,noise_q2,0.05,206,in_seg,0,1,6,,,,,miss,miss,6,6,correct,correct
0,MTR_230,noise_q2,0.05,207,ligament,3,2,0,,,,,,,unknown,unknown,,
0,MTR_230,noise_q2,0.05,208,in_seg,1,5,1,,,,,miss,miss,1,1,correct,correct
0,MTR_230,noise_q2,0.05,209,in_seg,1,5,1,,,,,miss,miss,1,1,correct,correct
0,MTR_230,noise_q2,0.05,210,in_seg,1,4,2,,,,,miss,miss,2,2,correct,correct
0,MTR_230,noise_q2,0.05,211,in_seg,1,6,4,,,,,miss,miss,4,4,correct,correct
0,MTR_230,noise_q2,0.05,212,effusion,2,-1,7,,,,,,,none,none,,
0,MTR_230,noise_q2,0.05,213,effusion,2,-1,7,,,,,,,none,none,,
0,MTR_230,noise_q2,0.1,203,in_seg,0,1,5,,,,,miss,miss,5,5,correct,correct
0,MTR_230,noise_q2,0.1,204,in_seg,0,1,6,,,,,miss,miss,6,6,correct,correct
0,MTR_230,noise_q2,0.1,205,in_seg,0,1,5,,,,,miss,miss,5,6,correct,correct
0,MTR_230,noise_q2,0.1,206,in_seg,0,1,6,,,,,miss,miss,6,6,correct,correct
0,MTR_230,noise_q2,0.1,207,ligament,3,2,0,,,,,,,unknown,unknown,,
0,MTR_230,noise_q2,0.1,208,in_seg,1,5,1,,,,,miss,miss,1,1,correct,correct
0,MTR_230,noise_q2,0.1,209,in_seg,1,5,1,,,,,miss,miss,1,1,correct,correct
0,MTR_230,noise_q2,0.1,210,in_seg,1,4,2,,,,,miss,miss,2,2,correct,correct
0,MTR_230,noise_q2,0.1,211,in_seg,1,6,4,,,,,miss,miss,4,4,correct,correct
0,MTR_230,noise_q2,0.1,212,effusion,2,-1,7,,,,,,,none,none,,
0,MTR_230,noise_q2,0.1,213,effusion,2,-1,7,,,,,,,none,none,,
0,MTR_230,noise_q2,0.25,203,in_seg,0,1,5,,,,,miss,miss,5,5,correct,correct
0,MTR_230,noise_q2,0.25,204,in_seg,0,1,6,,,,,miss,miss,6,6,correct,correct
0,MTR_230,noise_q2,0.25,205,in_seg,0,1,5,,,,,miss,miss,5,6,correct,correct
0,MTR_230,noise_q2,0.25,206,in_seg,0,1,6,,,,,miss,miss,6,6,correct,correct
0,MTR_230,noise_q2,0.25,207,ligament,3,2,0,,,,,,,unknown,unknown,,
0,MTR_230,noise_q2,0.25,208,in_seg,1,5,1,,,,,miss,miss,1,1,correct,correct
0,MTR_230,noise_q2,0.25,209,in_seg,1,5,1,,,,,miss,miss,1,1,correct,correct
0,MTR_230,noise_q2,0.25,210,in_seg,1,4,2,,,,,miss,miss,2,2,correct,correct
0,MTR_230,noise_q2,0.25,211,in_seg,1,6,4,,,,,miss,miss,4,4,correct,correct
0,MTR_230,noise_q2,0.25,212,effusion,2,-1,7,,,,,,,none,none,,
0,MTR_230,noise_q2,0.25,213,effusion,2,-1,7,,,,,,,none,none,,
0,MTR_230,noise_q3,0.05,203,in_seg,0,1,5,,,,,miss,miss,5,5,correct,correct
0,MTR_230,noise_q3,0.05,204,in_seg,0,1,6,,,,,miss,miss,6,6,correct,correct
0,MTR_230,noise_q3,0.05,205,in_seg,0,1,5,,,,,miss,miss,5,6,correct,correct
0,MTR_230,noise_q3,0.05,206,in_seg,0,1,6,,,,,miss,miss,6,6,correct,correct
0,MTR_230,noise_q3,0.05,207,ligament,3,2,0,,,,,,,unknown,unknown,,
0,MTR_230,noise_q3,0.05,208,in_seg,1,5,1,,,,,miss,miss,1,1,correct,correct
0,MTR_230,noise_q3,0.05,209,in_seg,1,5,1,,,,,miss,miss,1,1,correct,correct
0,MTR_230,noise_q3,0.05,210,in_seg,1,4,2,,,,,miss,miss,2,2,correct,correct
0,MTR_230,noise_q3,0.05,211,in_seg,1,6,4,,,,,miss,miss,4,4,correct,correct
0,MTR_230,noise_q3,0.05,212,effusion,2,-1,7,,,,,,,none,none,,
0,MTR_230,noise_q3,0.05,213,effusion,2,-1,7,,,,,,,none,none,,
0,MTR_230,noise_q3,0.1,203,in_seg,0,1,5,,,,,miss,miss,5,5,correct,correct
0,MTR_230,noise_q3,0.1,204,in_seg,0,1,6,,,,,miss,miss,6,6,correct,correct
0,MTR_230,noise_q3,0.1,205,in_seg,0,1,5,,,,,miss,miss,5,6,correct,correct
0,MTR_230,noise_q3,0.1,206,in_seg,0,1,6,,,,,miss,miss,6,6,correct,correct
0,MTR_230,noise_q3,0.1,207,ligament,3,2,0,,,,,,,unknown,unknown,,
0,MTR_230,noise_q3,0.1,208,in_seg,1,5,1,,,,,miss,miss,1,1,correct,correct
0,MTR_230,noise_q3,0.1,209,in_seg,1,5,1,,,,,miss,miss,1,1,correct,correct
0,MTR_230,noise_q3,0.1,210,in_seg,1,4,2,,,,,miss,miss,2,2,correct,correct
0,MTR_230,noise_q3,0.1,211,in_seg,1,6,4,,,,,miss,miss,4,4,correct,correct
0,MTR_230,noise_q3,0.1,212,effusion,2,-1,7,,,,,,,none,none,,
0,MTR_230,noise_q3,0.1,213,effusion,2,-1,7,,,,,,,none,none,,
0,MTR_230,noise_q3,0.25,203,in_seg,0,1,5,,,,,miss,miss,5,5,correct,correct
0,MTR_230,noise_q3,0.25,204,in_seg,0,1,6,,,,,miss,miss,6,6,correct,correct
0,MTR_230,noise_q3,0.25,205,in_seg,0,1,5,,,,,miss,miss,5,6,correct,correct
0,MTR_230,noise_q3,0.25,206,in_seg,0,1,6,,,,,miss,miss,6,6,correct,correct
0,MTR_230,noise_q3,0.25,207,ligament,3,2,0,,,,,,,unknown,unknown,,
0,MTR_230,noise_q3,0.25,208,in_seg,1,5,1,,,,,miss,miss,1,1,correct,correct
0,MTR_230,noise_q3,0.25,209,in_seg,1,5,1,,,,,miss,miss,1,1,correct,correct
0,MTR_230,noise_q3,0.25,210,in_seg,1,4,2,,,,,miss,miss,2,2,correct,correct
0,MTR_230,noise_q3,0.25,211,in_seg,1,6,4,,,,,miss,miss,4,4,correct,correct
0,MTR_230,noise_q3,0.25,212,effusion,2,-1,7,,,,,,,none,none,,
0,MTR_230,noise_q3,0.25,213,effusion,2,-1,7,,,,,,,none,none,,
0,MTR_230,us4,0.05,203,in_seg,0,1,5,,,,,miss,miss,5,5,correct,correct
0,MTR_230,us4,0.05,204,in_seg,0,1,6,,,,,miss,miss,6,6,correct,correct
0,MTR_230,us4,0.05,205,in_seg,0,1,5,,,,,miss,miss,5,6,correct,correct
0,MTR_230,us4,0.05,206,in_seg,0,1,6,,,,,miss,miss,6,6,correct,correct
0,MTR_230,us4,0.05,207,ligament,3,2,0,,,,,,,unknown,unknown,,
0,MTR_230,us4,0.05,208,in_seg,1,5,1,,,,,miss,miss,1,1,correct,correct
0,MTR_230,us4,0.05,209,in_seg,1,5,1,,,,,miss,miss,1,1,correct,correct
0,MTR_230,us4,0.05,210,in_seg,1,4,2,,,,,miss,miss,2,2,correct,correct
0,MTR_230,us4,0.05,211,in_seg,1,6,4,,,,,miss,miss,4,4,correct,correct
0,MTR_230,us4,0.05,212,effusion,2,-1,7,,,,,,,none,none,,
0,MTR_230,us4,0.05,213,effusion,2,-1,7,,,,,,,none,none,,
0,MTR_230,us4,0.1,203,in_seg,0,1,5,,,,,miss,miss,5,5,correct,correct
0,MTR_230,us4,0.1,204,in_seg,0,1,6,,,,,miss,miss,6,6,correct,correct
0,MTR_230,us4,0.1,205,in_seg,0,1,5,,,,,miss,miss,5,6,correct,correct
0,MTR_230,us4,0.1,206,in_seg,0,1,6,,,,,miss,miss,6,6,correct,correct
0,MTR_230,us4,0.1,207,ligament,3,2,0,,,,,,,unknown,unknown,,
0,MTR_230,us4,0.1,208,in_seg,1,5,1,,,,,miss,miss,1,1,correct,correct
0,MTR_230,us4,0.1,209,in_seg,1,5,1,,,,,miss,miss,1,1,correct,correct
0,MTR_230,us4,0.1,210,in_seg,1,4,2,,,,,miss,miss,2,2,correct,correct
0,MTR_230,us4,0.1,211,in_seg,1,6,4,,,,,miss,miss,4,4,correct,correct
0,MTR_230,us4,0.1,212,effusion,2,-1,7,,,,,,,none,none,,
0,MTR_230,us4,0.1,213,effusion,2,-1,7,,,,,,,none,none,,
0,MTR_230,us4,0.25,203,in_seg,0,1,5,,,,,miss,miss,5,5,correct,correct
0,MTR_230,us4,0.25,204,in_seg,0,1,6,,,,,miss,miss,6,6,correct,correct
0,MTR_230,us4,0.25,205,in_seg,0,1,5,,,,,miss,miss,5,6,correct,correct
0,MTR_230,us4,0.25,206,in_seg,0,1,6,,,,,miss,miss,6,6,correct,correct
0,MTR_230,us4,0.25,207,ligament,3,2,0,,,,,,,unknown,unknown,,
0,MTR_230,us4,0.25,208,in_seg,1,5,1,,,,,miss,miss,1,1,correct,correct
0,MTR_230,us4,0.25,209,in_seg,1,5,1,,,,,miss,miss,1,1,correct,correct
0,MTR_230,us4,0.25,210,in_seg,1,4,2,,,,,miss,miss,2,2,correct,correct
0,MTR_230,us4,0.25,211,in_seg,1,6,4,,,,,miss,miss,4,4,correct,correct
0,MTR_230,us4,0.25,212,effusion,2,-1,7,,,,,,,none,none,,
0,MTR_230,us4,0.25,213,effusion,2,-1,7,,,,,,,none,none,,
0,MTR_230,us8,0.05,203,in_seg,0,1,5,,,,,miss,miss,5,5,correct,correct
0,MTR_230,us8,0.05,204,in_seg,0,1,6,,,,,miss,miss,6,6,correct,correct
0,MTR_230,us8,0.05,205,in_seg,0,1,5,,,,,miss,miss,5,6,correct,correct
0,MTR_230,us8,0.05,206,in_seg,0,1,6,,,,,miss,miss,6,6,correct,correct
0,MTR_230,us8,0.05,207,ligament,3,2,0,,,,,,,unknown,unknown,,
0,MTR_230,us8,0.05,208,in_seg,1,5,1,,,,,miss,miss,1,2,correct,wrong_host
0,MTR_230,us8,0.05,209,in_seg,1,5,1,,,,,miss,miss,1,1,correct,correct
0,MTR_230,us8,0.05,210,in_seg,1,4,2,,,,,miss,miss,2,2,correct,correct
0,MTR_230,us8,0.05,211,in_seg,1,6,4,,,,,miss,miss,4,4,correct,correct
0,MTR_230,us8,0.05,212,effusion,2,-1,7,,,,,,,none,none,,
0,MTR_230,us8,0.05,213,effusion,2,-1,7,,,,,,,none,none,,
0,MTR_230,us8,0.1,203,in_seg,0,1,5,,,,,miss,miss,5,5,correct,correct
0,MTR_230,us8,0.1,204,in_seg,0,1,6,,,,,miss,miss,6,6,correct,correct
0,MTR_230,us8,0.1,205,in_seg,0,1,5,,,,,miss,miss,5,6,correct,correct
0,MTR_230,us8,0.1,206,in_seg,0,1,6,,,,,miss,miss,6,6,correct,correct
0,MTR_230,us8,0.1,207,ligament,3,2,0,,,,,,,unknown,unknown,,
0,MTR_230,us8,0.1,208,in_seg,1,5,1,,,,,miss,miss,1,2,correct,wrong_host
0,MTR_230,us8,0.1,209,in_seg,1,5,1,,,,,miss,miss,1,1,correct,correct
0,MTR_230,us8,0.1,210,in_seg,1,4,2,,,,,miss,miss,2,2,correct,correct
0,MTR_230,us8,0.1,211,in_seg,1,6,4,,,,,miss,miss,4,4,correct,correct
0,MTR_230,us8,0.1,212,effusion,2,-1,7,,,,,,,none,none,,
0,MTR_230,us8,0.1,213,effusion,2,-1,7,,,,,,,none,none,,
0,MTR_230,us8,0.25,203,in_seg,0,1,5,,,,,miss,miss,5,5,correct,correct
0,MTR_230,us8,0.25,204,in_seg,0,1,6,,,,,miss,miss,6,6,correct,correct
0,MTR_230,us8,0.25,205,in_seg,0,1,5,,,,,miss,miss,5,6,correct,correct
0,MTR_230,us8,0.25,206,in_seg,0,1,6,,,,,miss,miss,6,6,correct,correct
0,MTR_230,us8,0.25,207,ligament,3,2,0,,,,,,,unknown,unknown,,
0,MTR_230,us8,0.25,208,in_seg,1,5,1,,,,,miss,miss,1,2,correct,wrong_host
0,MTR_230,us8,0.25,209,in_seg,1,5,1,,,,,miss,miss,1,1,correct,correct
0,MTR_230,us8,0.25,210,in_seg,1,4,2,,,,,miss,miss,2,2,correct,correct
0,MTR_230,us8,0.25,211,in_seg,1,6,4,,,,,miss,miss,4,4,correct,correct
0,MTR_230,us8,0.25,212,effusion,2,-1,7,,,,,,,none,none,,
0,MTR_230,us8,0.25,213,effusion,2,-1,7,,,,,,,none,none,,
0,MTR_230,us16,0.05,203,in_seg,0,1,5,,,,,miss,miss,5,5,correct,correct
0,MTR_230,us16,0.05,204,in_seg,0,1,6,,,,,miss,miss,6,5,correct,correct
0,MTR_230,us16,0.05,205,in_seg,0,1,5,,,,,miss,miss,5,6,correct,correct
0,MTR_230,us16,0.05,206,in_seg,0,1,6,,,,,miss,miss,6,5,correct,correct
0,MTR_230,us16,0.05,207,ligament,3,2,0,,,,,,,unknown,unknown,,
0,MTR_230,us16,0.05,208,in_seg,1,5,1,,,,,miss,miss,1,1,correct,correct
0,MTR_230,us16,0.05,209,in_seg,1,5,1,,,,,miss,miss,1,1,correct,correct
0,MTR_230,us16,0.05,210,in_seg,1,4,2,,,,,miss,miss,2,2,correct,correct
0,MTR_230,us16,0.05,211,in_seg,1,6,4,,,,,miss,miss,4,3,correct,correct
0,MTR_230,us16,0.05,212,effusion,2,-1,7,,,,,,,none,none,,
0,MTR_230,us16,0.05,213,effusion,2,-1,7,,,,,,,none,none,,
0,MTR_230,us16,0.1,203,in_seg,0,1,5,,,,,miss,miss,5,5,correct,correct
0,MTR_230,us16,0.1,204,in_seg,0,1,6,,,,,miss,miss,6,5,correct,correct
0,MTR_230,us16,0.1,205,in_seg,0,1,5,,,,,miss,miss,5,6,correct,correct
0,MTR_230,us16,0.1,206,in_seg,0,1,6,,,,,miss,miss,6,5,correct,correct
0,MTR_230,us16,0.1,207,ligament,3,2,0,,,,,,,unknown,unknown,,
0,MTR_230,us16,0.1,208,in_seg,1,5,1,,,,,miss,miss,1,1,correct,correct
0,MTR_230,us16,0.1,209,in_seg,1,5,1,,,,,miss,miss,1,1,correct,correct
0,MTR_230,us16,0.1,210,in_seg,1,4,2,,,,,miss,miss,2,2,correct,correct
0,MTR_230,us16,0.1,211,in_seg,1,6,4,,,,,miss,miss,4,3,correct,correct
0,MTR_230,us16,0.1,212,effusion,2,-1,7,,,,,,,none,none,,
0,MTR_230,us16,0.1,213,effusion,2,-1,7,,,,,,,none,none,,
0,MTR_230,us16,0.25,203,in_seg,0,1,5,,,,,miss,miss,5,5,correct,correct
0,MTR_230,us16,0.25,204,in_seg,0,1,6,,,,,miss,miss,6,5,correct,correct
0,MTR_230,us16,0.25,205,in_seg,0,1,5,,,,,miss,miss,5,6,correct,correct
0,MTR_230,us16,0.25,206,in_seg,0,1,6,,,,,miss,miss,6,5,correct,correct
0,MTR_230,us16,0.25,207,ligament,3,2,0,,,,,,,unknown,unknown,,
0,MTR_230,us16,0.25,208,in_seg,1,5,1,,,,,miss,miss,1,1,correct,correct
0,MTR_230,us16,0.25,209,in_seg,1,5,1,,,,,miss,miss,1,1,correct,correct
0,MTR_230,us16,0.25,210,in_seg,1,4,2,,,,,miss,miss,2,2,correct,correct
0,MTR_230,us16,0.25,211,in_seg,1,6,4,,,,,miss,miss,4,3,correct,correct
0,MTR_230,us16,0.25,212,effusion,2,-1,7,,,,,,,none,none,,
0,MTR_230,us16,0.25,213,effusion,2,-1,7,,,,,,,none,none,,
4,MTR_232,clean,0.05,163,in_seg,1,4,2,,,,,miss,miss,2,2,correct,correct
4,MTR_232,clean,0.05,164,in_seg,1,5,1,,,,,miss,miss,1,1,correct,correct
4,MTR_232,clean,0.05,165,in_seg,1,4,2,,,,,miss,miss,2,2,correct,correct
4,MTR_232,clean,0.1,163,in_seg,1,4,2,,,,,miss,miss,2,2,correct,correct
4,MTR_232,clean,0.1,164,in_seg,1,5,1,,,,,miss,miss,1,1,correct,correct
4,MTR_232,clean,0.1,165,in_seg,1,4,2,,,,,miss,miss,2,2,correct,correct
4,MTR_232,clean,0.25,163,in_seg,1,4,2,,,,,miss,miss,2,2,correct,correct
4,MTR_232,clean,0.25,164,in_seg,1,5,1,,,,,miss,miss,1,1,correct,correct
4,MTR_232,clean,0.25,165,in_seg,1,4,2,,,,,miss,miss,2,2,correct,correct
4,MTR_232,noise_q1,0.05,163,in_seg,1,4,2,,,,,miss,miss,2,2,correct,correct
4,MTR_232,noise_q1,0.05,164,in_seg,1,5,1,,,,,miss,miss,1,1,correct,correct
4,MTR_232,noise_q1,0.05,165,in_seg,1,4,2,,,,,miss,miss,2,2,correct,correct
4,MTR_232,noise_q1,0.1,163,in_seg,1,4,2,,,,,miss,miss,2,2,correct,correct
4,MTR_232,noise_q1,0.1,164,in_seg,1,5,1,,,,,miss,miss,1,1,correct,correct
4,MTR_232,noise_q1,0.1,165,in_seg,1,4,2,,,,,miss,miss,2,2,correct,correct
4,MTR_232,noise_q1,0.25,163,in_seg,1,4,2,,,,,miss,miss,2,2,correct,correct
4,MTR_232,noise_q1,0.25,164,in_seg,1,5,1,,,,,miss,miss,1,1,correct,correct
4,MTR_232,noise_q1,0.25,165,in_seg,1,4,2,,,,,miss,miss,2,2,correct,correct
4,MTR_232,noise_q2,0.05,163,in_seg,1,4,2,,,,,miss,miss,2,2,correct,correct
4,MTR_232,noise_q2,0.05,164,in_seg,1,5,1,,,,,miss,miss,1,1,correct,correct
4,MTR_232,noise_q2,0.05,165,in_seg,1,4,2,,,,,miss,miss,2,2,correct,correct
4,MTR_232,noise_q2,0.1,163,in_seg,1,4,2,,,,,miss,miss,2,2,correct,correct
4,MTR_232,noise_q2,0.1,164,in_seg,1,5,1,,,,,miss,miss,1,1,correct,correct
4,MTR_232,noise_q2,0.1,165,in_seg,1,4,2,,,,,miss,miss,2,2,correct,correct
4,MTR_232,noise_q2,0.25,163,in_seg,1,4,2,,,,,miss,miss,2,2,correct,correct
4,MTR_232,noise_q2,0.25,164,in_seg,1,5,1,,,,,miss,miss,1,1,correct,correct
4,MTR_232,noise_q2,0.25,165,in_seg,1,4,2,,,,,miss,miss,2,2,correct,correct
4,MTR_232,noise_q3,0.05,163,in_seg,1,4,2,,,,,miss,miss,2,2,correct,correct
4,MTR_232,noise_q3,0.05,164,in_seg,1,5,1,,,,,miss,miss,1,1,correct,correct
4,MTR_232,noise_q3,0.05,165,in_seg,1,4,2,,,,,miss,miss,2,2,correct,correct
4,MTR_232,noise_q3,0.1,163,in_seg,1,4,2,,,,,miss,miss,2,2,correct,correct
4,MTR_232,noise_q3,0.1,164,in_seg,1,5,1,,,,,miss,miss,1,1,correct,correct
4,MTR_232,noise_q3,0.1,165,in_seg,1,4,2,,,,,miss,miss,2,2,correct,correct
4,MTR_232,noise_q3,0.25,163,in_seg,1,4,2,,,,,miss,miss,2,2,correct,correct
4,MTR_232,noise_q3,0.25,164,in_seg,1,5,1,,,,,miss,miss,1,1,correct,correct
4,MTR_232,noise_q3,0.25,165,in_seg,1,4,2,,,,,miss,miss,2,2,correct,correct
4,MTR_232,us4,0.05,163,in_seg,1,4,2,,,,,miss,miss,2,2,correct,correct
4,MTR_232,us4,0.05,164,in_seg,1,5,1,,,,,miss,miss,1,1,correct,correct
4,MTR_232,us4,0.05,165,in_seg,1,4,2,,,,,miss,miss,2,2,correct,correct
4,MTR_232,us4,0.1,163,in_seg,1,4,2,,,,,miss,miss,2,2,correct,correct
4,MTR_232,us4,0.1,164,in_seg,1,5,1,,,,,miss,miss,1,1,correct,correct
4,MTR_232,us4,0.1,165,in_seg,1,4,2,,,,,miss,miss,2,2,correct,correct
4,MTR_232,us4,0.25,163,in_seg,1,4,2,,,,,miss,miss,2,2,correct,correct
4,MTR_232,us4,0.25,164,in_seg,1,5,1,,,,,miss,miss,1,1,correct,correct
4,MTR_232,us4,0.25,165,in_seg,1,4,2,,,,,miss,miss,2,2,correct,correct
4,MTR_232,us8,0.05,163,in_seg,1,4,2,,,,,miss,miss,2,2,correct,correct
4,MTR_232,us8,0.05,164,in_seg,1,5,1,,,,,miss,miss,1,1,correct,correct
4,MTR_232,us8,0.05,165,in_seg,1,4,2,,,,,miss,miss,2,2,correct,correct
4,MTR_232,us8,0.1,163,in_seg,1,4,2,,,,,miss,miss,2,2,correct,correct
4,MTR_232,us8,0.1,164,in_seg,1,5,1,,,,,miss,miss,1,1,correct,correct
4,MTR_232,us8,0.1,165,in_seg,1,4,2,,,,,miss,miss,2,2,correct,correct
4,MTR_232,us8,0.25,163,in_seg,1,4,2,,,,,miss,miss,2,2,correct,correct
4,MTR_232,us8,0.25,164,in_seg,1,5,1,,,,,miss,miss,1,1,correct,correct
4,MTR_232,us8,0.25,165,in_seg,1,4,2,,,,,miss,miss,2,2,correct,correct
4,MTR_232,us16,0.05,163,in_seg,1,4,2,,,,,miss,miss,2,2,correct,correct
4,MTR_232,us16,0.05,164,in_seg,1,5,1,,,,,miss,miss,1,1,correct,correct
4,MTR_232,us16,0.05,165,in_seg,1,4,2,,,,,miss,miss,2,2,correct,correct
4,MTR_232,us16,0.1,163,in_seg,1,4,2,,,,,miss,miss,2,2,correct,correct
4,MTR_232,us16,0.1,164,in_seg,1,5,1,,,,,miss,miss,1,1,correct,correct
4,MTR_232,us16,0.1,165,in_seg,1,4,2,,,,,miss,miss,2,2,correct,correct
4,MTR_232,us16,0.25,163,in_seg,1,4,2,,,,,miss,miss,2,2,correct,correct
4,MTR_232,us16,0.25,164,in_seg,1,5,1,,,,,miss,miss,1,1,correct,correct
4,MTR_232,us16,0.25,165,in_seg,1,4,2,,,,,miss,miss,2,2,correct,correct
1,MTR_233,clean,0.05,214,in_seg,1,5,1,,,,,miss,miss,1,1,correct,correct
1,MTR_233,clean,0.1,214,in_seg,1,5,1,,,,,miss,miss,1,1,correct,correct
1,MTR_233,clean,0.25,214,in_seg,1,5,1,,,,,miss,miss,1,1,correct,correct
1,MTR_233,noise_q1,0.05,214,in_seg,1,5,1,,,,,miss,miss,1,1,correct,correct
1,MTR_233,noise_q1,0.1,214,in_seg,1,5,1,,,,,miss,miss,1,1,correct,correct
1,MTR_233,noise_q1,0.25,214,in_seg,1,5,1,,,,,miss,miss,1,1,correct,correct
1,MTR_233,noise_q2,0.05,214,in_seg,1,5,1,,,,,miss,miss,1,1,correct,correct
1,MTR_233,noise_q2,0.1,214,in_seg,1,5,1,,,,,miss,miss,1,1,correct,correct
1,MTR_233,noise_q2,0.25,214,in_seg,1,5,1,,,,,miss,miss,1,1,correct,correct
1,MTR_233,noise_q3,0.05,214,in_seg,1,5,1,,,,,miss,miss,1,1,correct,correct
1,MTR_233,noise_q3,0.1,214,in_seg,1,5,1,,,,,miss,miss,1,1,correct,correct
1,MTR_233,noise_q3,0.25,214,in_seg,1,5,1,,,,,miss,miss,1,1,correct,correct
1,MTR_233,us4,0.05,214,in_seg,1,5,1,,,,,miss,miss,1,1,correct,correct
1,MTR_233,us4,0.1,214,in_seg,1,5,1,,,,,miss,miss,1,1,correct,correct
1,MTR_233,us4,0.25,214,in_seg,1,5,1,,,,,miss,miss,1,1,correct,correct
1,MTR_233,us8,0.05,214,in_seg,1,5,1,,,,,miss,miss,1,1,correct,correct
1,MTR_233,us8,0.1,214,in_seg,1,5,1,,,,,miss,miss,1,1,correct,correct
1,MTR_233,us8,0.25,214,in_seg,1,5,1,,,,,miss,miss,1,1,correct,correct
1,MTR_233,us16,0.05,214,in_seg,1,5,1,,,,,miss,miss,1,1,correct,correct
1,MTR_233,us16,0.1,214,in_seg,1,5,1,,,,,miss,miss,1,1,correct,correct
1,MTR_233,us16,0.25,214,in_seg,1,5,1,,,,,miss,miss,1,1,correct,correct
4,MTR_235,clean,0.05,37,effusion,2,-1,7,,,,,,,none,none,,
4,MTR_235,clean,0.05,38,in_seg,1,4,2,,,,,miss,miss,2,2,correct,correct
4,MTR_235,clean,0.1,37,effusion,2,-1,7,,,,,,,none,none,,
4,MTR_235,clean,0.1,38,in_seg,1,4,2,,,,,miss,miss,2,2,correct,correct
4,MTR_235,clean,0.25,37,effusion,2,-1,7,,,,,,,none,none,,
4,MTR_235,clean,0.25,38,in_seg,1,4,2,,,,,miss,miss,2,2,correct,correct
4,MTR_235,noise_q1,0.05,37,effusion,2,-1,7,,,,,,,none,none,,
4,MTR_235,noise_q1,0.05,38,in_seg,1,4,2,,,,,miss,miss,2,2,correct,correct
4,MTR_235,noise_q1,0.1,37,effusion,2,-1,7,,,,,,,none,none,,
4,MTR_235,noise_q1,0.1,38,in_seg,1,4,2,,,,,miss,miss,2,2,correct,correct
4,MTR_235,noise_q1,0.25,37,effusion,2,-1,7,,,,,,,none,none,,
4,MTR_235,noise_q1,0.25,38,in_seg,1,4,2,,,,,miss,miss,2,2,correct,correct
4,MTR_235,noise_q2,0.05,37,effusion,2,-1,7,,,,,,,none,none,,
4,MTR_235,noise_q2,0.05,38,in_seg,1,4,2,,,,,miss,miss,2,2,correct,correct
4,MTR_235,noise_q2,0.1,37,effusion,2,-1,7,,,,,,,none,none,,
4,MTR_235,noise_q2,0.1,38,in_seg,1,4,2,,,,,miss,miss,2,2,correct,correct
4,MTR_235,noise_q2,0.25,37,effusion,2,-1,7,,,,,,,none,none,,
4,MTR_235,noise_q2,0.25,38,in_seg,1,4,2,,,,,miss,miss,2,2,correct,correct
4,MTR_235,noise_q3,0.05,37,effusion,2,-1,7,,,,,,,none,none,,
4,MTR_235,noise_q3,0.05,38,in_seg,1,4,2,,,,,miss,miss,2,2,correct,correct
4,MTR_235,noise_q3,0.1,37,effusion,2,-1,7,,,,,,,none,none,,
4,MTR_235,noise_q3,0.1,38,in_seg,1,4,2,,,,,miss,miss,2,2,correct,correct
4,MTR_235,noise_q3,0.25,37,effusion,2,-1,7,,,,,,,none,none,,
4,MTR_235,noise_q3,0.25,38,in_seg,1,4,2,,,,,miss,miss,2,2,correct,correct
4,MTR_235,us4,0.05,37,effusion,2,-1,7,,,,,,,none,none,,
4,MTR_235,us4,0.05,38,in_seg,1,4,2,,,,,miss,miss,2,2,correct,correct
4,MTR_235,us4,0.1,37,effusion,2,-1,7,,,,,,,none,none,,
4,MTR_235,us4,0.1,38,in_seg,1,4,2,,,,,miss,miss,2,2,correct,correct
4,MTR_235,us4,0.25,37,effusion,2,-1,7,,,,,,,none,none,,
4,MTR_235,us4,0.25,38,in_seg,1,4,2,,,,,miss,miss,2,2,correct,correct
4,MTR_235,us8,0.05,37,effusion,2,-1,7,,,,,,,none,none,,
4,MTR_235,us8,0.05,38,in_seg,1,4,2,,,,,miss,miss,2,2,correct,correct
4,MTR_235,us8,0.1,37,effusion,2,-1,7,,,,,,,none,none,,
4,MTR_235,us8,0.1,38,in_seg,1,4,2,,,,,miss,miss,2,2,correct,correct
4,MTR_235,us8,0.25,37,effusion,2,-1,7,,,,,,,none,none,,
4,MTR_235,us8,0.25,38,in_seg,1,4,2,,,,,miss,miss,2,2,correct,correct
4,MTR_235,us16,0.05,37,effusion,2,-1,7,,,,,,,none,none,,
4,MTR_235,us16,0.05,38,in_seg,1,4,2,,,,,miss,miss,2,2,correct,correct
4,MTR_235,us16,0.1,37,effusion,2,-1,7,,,,,,,none,none,,
4,MTR_235,us16,0.1,38,in_seg,1,4,2,,,,,miss,miss,2,2,correct,correct
4,MTR_235,us16,0.25,37,effusion,2,-1,7,,,,,,,none,none,,
4,MTR_235,us16,0.25,38,in_seg,1,4,2,,,,,miss,miss,2,2,correct,correct
0,MTR_236,clean,0.05,215,in_seg,0,1,6,,,,,miss,miss,6,6,correct,correct
0,MTR_236,clean,0.05,216,in_seg,1,5,1,,,,,miss,miss,1,1,correct,correct
0,MTR_236,clean,0.05,217,effusion,2,-1,7,,,,,,,none,none,,
0,MTR_236,clean,0.1,215,in_seg,0,1,6,,,,,miss,miss,6,6,correct,correct
0,MTR_236,clean,0.1,216,in_seg,1,5,1,,,,,miss,miss,1,1,correct,correct
0,MTR_236,clean,0.1,217,effusion,2,-1,7,,,,,,,none,none,,
0,MTR_236,clean,0.25,215,in_seg,0,1,6,,,,,miss,miss,6,6,correct,correct
0,MTR_236,clean,0.25,216,in_seg,1,5,1,,,,,miss,miss,1,1,correct,correct
0,MTR_236,clean,0.25,217,effusion,2,-1,7,,,,,,,none,none,,
0,MTR_236,noise_q1,0.05,215,in_seg,0,1,6,,,,,miss,miss,6,6,correct,correct
0,MTR_236,noise_q1,0.05,216,in_seg,1,5,1,,,,,miss,miss,1,1,correct,correct
0,MTR_236,noise_q1,0.05,217,effusion,2,-1,7,,,,,,,none,none,,
0,MTR_236,noise_q1,0.1,215,in_seg,0,1,6,,,,,miss,miss,6,6,correct,correct
0,MTR_236,noise_q1,0.1,216,in_seg,1,5,1,,,,,miss,miss,1,1,correct,correct
0,MTR_236,noise_q1,0.1,217,effusion,2,-1,7,,,,,,,none,none,,
0,MTR_236,noise_q1,0.25,215,in_seg,0,1,6,,,,,miss,miss,6,6,correct,correct
0,MTR_236,noise_q1,0.25,216,in_seg,1,5,1,,,,,miss,miss,1,1,correct,correct
0,MTR_236,noise_q1,0.25,217,effusion,2,-1,7,,,,,,,none,none,,
0,MTR_236,noise_q2,0.05,215,in_seg,0,1,6,,,,,miss,miss,6,6,correct,correct
0,MTR_236,noise_q2,0.05,216,in_seg,1,5,1,,,,,miss,miss,1,1,correct,correct
0,MTR_236,noise_q2,0.05,217,effusion,2,-1,7,,,,,,,none,none,,
0,MTR_236,noise_q2,0.1,215,in_seg,0,1,6,,,,,miss,miss,6,6,correct,correct
0,MTR_236,noise_q2,0.1,216,in_seg,1,5,1,,,,,miss,miss,1,1,correct,correct
0,MTR_236,noise_q2,0.1,217,effusion,2,-1,7,,,,,,,none,none,,
0,MTR_236,noise_q2,0.25,215,in_seg,0,1,6,,,,,miss,miss,6,6,correct,correct
0,MTR_236,noise_q2,0.25,216,in_seg,1,5,1,,,,,miss,miss,1,1,correct,correct
0,MTR_236,noise_q2,0.25,217,effusion,2,-1,7,,,,,,,none,none,,
0,MTR_236,noise_q3,0.05,215,in_seg,0,1,6,,,,,miss,miss,6,6,correct,correct
0,MTR_236,noise_q3,0.05,216,in_seg,1,5,1,,,,,miss,miss,1,1,correct,correct
0,MTR_236,noise_q3,0.05,217,effusion,2,-1,7,,,,,,,none,none,,
0,MTR_236,noise_q3,0.1,215,in_seg,0,1,6,,,,,miss,miss,6,6,correct,correct
0,MTR_236,noise_q3,0.1,216,in_seg,1,5,1,,,,,miss,miss,1,1,correct,correct
0,MTR_236,noise_q3,0.1,217,effusion,2,-1,7,,,,,,,none,none,,
0,MTR_236,noise_q3,0.25,215,in_seg,0,1,6,,,,,miss,miss,6,6,correct,correct
0,MTR_236,noise_q3,0.25,216,in_seg,1,5,1,,,,,miss,miss,1,1,correct,correct
0,MTR_236,noise_q3,0.25,217,effusion,2,-1,7,,,,,,,none,none,,
0,MTR_236,us4,0.05,215,in_seg,0,1,6,,,,,miss,miss,6,6,correct,correct
0,MTR_236,us4,0.05,216,in_seg,1,5,1,,,,,miss,miss,1,1,correct,correct
0,MTR_236,us4,0.05,217,effusion,2,-1,7,,,,,,,none,none,,
0,MTR_236,us4,0.1,215,in_seg,0,1,6,,,,,miss,miss,6,6,correct,correct
0,MTR_236,us4,0.1,216,in_seg,1,5,1,,,,,miss,miss,1,1,correct,correct
0,MTR_236,us4,0.1,217,effusion,2,-1,7,,,,,,,none,none,,
0,MTR_236,us4,0.25,215,in_seg,0,1,6,,,,,miss,miss,6,6,correct,correct
0,MTR_236,us4,0.25,216,in_seg,1,5,1,,,,,miss,miss,1,1,correct,correct
0,MTR_236,us4,0.25,217,effusion,2,-1,7,,,,,,,none,none,,
0,MTR_236,us8,0.05,215,in_seg,0,1,6,,,,,miss,miss,6,6,correct,correct
0,MTR_236,us8,0.05,216,in_seg,1,5,1,,,,,miss,miss,1,1,correct,correct
0,MTR_236,us8,0.05,217,effusion,2,-1,7,,,,,,,none,none,,
0,MTR_236,us8,0.1,215,in_seg,0,1,6,,,,,miss,miss,6,6,correct,correct
0,MTR_236,us8,0.1,216,in_seg,1,5,1,,,,,miss,miss,1,1,correct,correct
0,MTR_236,us8,0.1,217,effusion,2,-1,7,,,,,,,none,none,,
0,MTR_236,us8,0.25,215,in_seg,0,1,6,,,,,miss,miss,6,6,correct,correct
0,MTR_236,us8,0.25,216,in_seg,1,5,1,,,,,miss,miss,1,1,correct,correct
0,MTR_236,us8,0.25,217,effusion,2,-1,7,,,,,,,none,none,,
0,MTR_236,us16,0.05,215,in_seg,0,1,6,,,,,miss,miss,6,6,correct,correct
0,MTR_236,us16,0.05,216,in_seg,1,5,1,,,,,miss,miss,1,1,correct,correct
0,MTR_236,us16,0.05,217,effusion,2,-1,7,,,,,,,none,none,,
0,MTR_236,us16,0.1,215,in_seg,0,1,6,,,,,miss,miss,6,6,correct,correct
0,MTR_236,us16,0.1,216,in_seg,1,5,1,,,,,miss,miss,1,1,correct,correct
0,MTR_236,us16,0.1,217,effusion,2,-1,7,,,,,,,none,none,,
0,MTR_236,us16,0.25,215,in_seg,0,1,6,,,,,miss,miss,6,6,correct,correct
0,MTR_236,us16,0.25,216,in_seg,1,5,1,,,,,miss,miss,1,1,correct,correct
0,MTR_236,us16,0.25,217,effusion,2,-1,7,,,,,,,none,none,,
3,MTR_237,clean,0.05,39,effusion,2,-1,7,,,,,,,none,none,,
3,MTR_237,clean,0.05,40,ligament,3,2,0,,,,,,,unknown,unknown,,
3,MTR_237,clean,0.05,41,in_seg,1,4,2,,,,,miss,miss,2,2,correct,correct
3,MTR_237,clean,0.05,42,in_seg,1,6,3,,,,,miss,miss,3,4,correct,correct
3,MTR_237,clean,0.1,39,effusion,2,-1,7,,,,,,,none,none,,
3,MTR_237,clean,0.1,40,ligament,3,2,0,,,,,,,unknown,unknown,,
3,MTR_237,clean,0.1,41,in_seg,1,4,2,,,,,miss,miss,2,2,correct,correct
3,MTR_237,clean,0.1,42,in_seg,1,6,3,,,,,miss,miss,3,4,correct,correct
3,MTR_237,clean,0.25,39,effusion,2,-1,7,,,,,,,none,none,,
3,MTR_237,clean,0.25,40,ligament,3,2,0,,,,,,,unknown,unknown,,
3,MTR_237,clean,0.25,41,in_seg,1,4,2,,,,,miss,miss,2,2,correct,correct
3,MTR_237,clean,0.25,42,in_seg,1,6,3,,,,,miss,miss,3,4,correct,correct
3,MTR_237,noise_q1,0.05,39,effusion,2,-1,7,,,,,,,none,none,,
3,MTR_237,noise_q1,0.05,40,ligament,3,2,0,,,,,,,unknown,unknown,,
3,MTR_237,noise_q1,0.05,41,in_seg,1,4,2,,,,,miss,miss,2,2,correct,correct
3,MTR_237,noise_q1,0.05,42,in_seg,1,6,3,,,,,miss,miss,3,4,correct,correct
3,MTR_237,noise_q1,0.1,39,effusion,2,-1,7,,,,,,,none,none,,
3,MTR_237,noise_q1,0.1,40,ligament,3,2,0,,,,,,,unknown,unknown,,
3,MTR_237,noise_q1,0.1,41,in_seg,1,4,2,,,,,miss,miss,2,2,correct,correct
3,MTR_237,noise_q1,0.1,42,in_seg,1,6,3,,,,,miss,miss,3,4,correct,correct
3,MTR_237,noise_q1,0.25,39,effusion,2,-1,7,,,,,,,none,none,,
3,MTR_237,noise_q1,0.25,40,ligament,3,2,0,,,,,,,unknown,unknown,,
3,MTR_237,noise_q1,0.25,41,in_seg,1,4,2,,,,,miss,miss,2,2,correct,correct
3,MTR_237,noise_q1,0.25,42,in_seg,1,6,3,,,,,miss,miss,3,4,correct,correct
3,MTR_237,noise_q2,0.05,39,effusion,2,-1,7,,,,,,,none,none,,
3,MTR_237,noise_q2,0.05,40,ligament,3,2,0,,,,,,,unknown,unknown,,
3,MTR_237,noise_q2,0.05,41,in_seg,1,4,2,,,,,miss,miss,2,2,correct,correct
3,MTR_237,noise_q2,0.05,42,in_seg,1,6,3,,,,,miss,miss,3,4,correct,correct
3,MTR_237,noise_q2,0.1,39,effusion,2,-1,7,,,,,,,none,none,,
3,MTR_237,noise_q2,0.1,40,ligament,3,2,0,,,,,,,unknown,unknown,,
3,MTR_237,noise_q2,0.1,41,in_seg,1,4,2,,,,,miss,miss,2,2,correct,correct
3,MTR_237,noise_q2,0.1,42,in_seg,1,6,3,,,,,miss,miss,3,4,correct,correct
3,MTR_237,noise_q2,0.25,39,effusion,2,-1,7,,,,,,,none,none,,
3,MTR_237,noise_q2,0.25,40,ligament,3,2,0,,,,,,,unknown,unknown,,
3,MTR_237,noise_q2,0.25,41,in_seg,1,4,2,,,,,miss,miss,2,2,correct,correct
3,MTR_237,noise_q2,0.25,42,in_seg,1,6,3,,,,,miss,miss,3,4,correct,correct
3,MTR_237,noise_q3,0.05,39,effusion,2,-1,7,,,,,,,none,none,,
3,MTR_237,noise_q3,0.05,40,ligament,3,2,0,,,,,,,unknown,unknown,,
3,MTR_237,noise_q3,0.05,41,in_seg,1,4,2,,,,,miss,miss,2,2,correct,correct
3,MTR_237,noise_q3,0.05,42,in_seg,1,6,3,,,,,miss,miss,3,3,correct,correct
3,MTR_237,noise_q3,0.1,39,effusion,2,-1,7,,,,,,,none,none,,
3,MTR_237,noise_q3,0.1,40,ligament,3,2,0,,,,,,,unknown,unknown,,
3,MTR_237,noise_q3,0.1,41,in_seg,1,4,2,,,,,miss,miss,2,2,correct,correct
3,MTR_237,noise_q3,0.1,42,in_seg,1,6,3,,,,,miss,miss,3,3,correct,correct
3,MTR_237,noise_q3,0.25,39,effusion,2,-1,7,,,,,,,none,none,,
3,MTR_237,noise_q3,0.25,40,ligament,3,2,0,,,,,,,unknown,unknown,,
3,MTR_237,noise_q3,0.25,41,in_seg,1,4,2,,,,,miss,miss,2,2,correct,correct
3,MTR_237,noise_q3,0.25,42,in_seg,1,6,3,,,,,miss,miss,3,3,correct,correct
3,MTR_237,us4,0.05,39,effusion,2,-1,7,,,,,,,none,none,,
3,MTR_237,us4,0.05,40,ligament,3,2,0,,,,,,,unknown,unknown,,
3,MTR_237,us4,0.05,41,in_seg,1,4,2,,,,,miss,miss,2,2,correct,correct
3,MTR_237,us4,0.05,42,in_seg,1,6,3,,,,,miss,miss,3,4,correct,correct
3,MTR_237,us4,0.1,39,effusion,2,-1,7,,,,,,,none,none,,
3,MTR_237,us4,0.1,40,ligament,3,2,0,,,,,,,unknown,unknown,,
3,MTR_237,us4,0.1,41,in_seg,1,4,2,,,,,miss,miss,2,2,correct,correct
3,MTR_237,us4,0.1,42,in_seg,1,6,3,,,,,miss,miss,3,4,correct,correct
3,MTR_237,us4,0.25,39,effusion,2,-1,7,,,,,,,none,none,,
3,MTR_237,us4,0.25,40,ligament,3,2,0,,,,,,,unknown,unknown,,
3,MTR_237,us4,0.25,41,in_seg,1,4,2,,,,,miss,miss,2,2,correct,correct
3,MTR_237,us4,0.25,42,in_seg,1,6,3,,,,,miss,miss,3,4,correct,correct
3,MTR_237,us8,0.05,39,effusion,2,-1,7,,,,,,,none,none,,
3,MTR_237,us8,0.05,40,ligament,3,2,0,,,,,,,unknown,unknown,,
3,MTR_237,us8,0.05,41,in_seg,1,4,2,,,,,miss,miss,2,2,correct,correct
3,MTR_237,us8,0.05,42,in_seg,1,6,3,,,,,miss,miss,3,4,correct,correct
3,MTR_237,us8,0.1,39,effusion,2,-1,7,,,,,,,none,none,,
3,MTR_237,us8,0.1,40,ligament,3,2,0,,,,,,,unknown,unknown,,
3,MTR_237,us8,0.1,41,in_seg,1,4,2,,,,,miss,miss,2,2,correct,correct
3,MTR_237,us8,0.1,42,in_seg,1,6,3,,,,,miss,miss,3,4,correct,correct
3,MTR_237,us8,0.25,39,effusion,2,-1,7,,,,,,,none,none,,
3,MTR_237,us8,0.25,40,ligament,3,2,0,,,,,,,unknown,unknown,,
3,MTR_237,us8,0.25,41,in_seg,1,4,2,,,,,miss,miss,2,2,correct,correct
3,MTR_237,us8,0.25,42,in_seg,1,6,3,,,,,miss,miss,3,4,correct,correct
3,MTR_237,us16,0.05,39,effusion,2,-1,7,,,,,,,none,none,,
3,MTR_237,us16,0.05,40,ligament,3,2,0,,,,,,,unknown,unknown,,
3,MTR_237,us16,0.05,41,in_seg,1,4,2,,,,,miss,miss,2,2,correct,correct
3,MTR_237,us16,0.05,42,in_seg,1,6,3,,,,,miss,miss,3,3,correct,correct
3,MTR_237,us16,0.1,39,effusion,2,-1,7,,,,,,,none,none,,
3,MTR_237,us16,0.1,40,ligament,3,2,0,,,,,,,unknown,unknown,,
3,MTR_237,us16,0.1,41,in_seg,1,4,2,,,,,miss,miss,2,2,correct,correct
3,MTR_237,us16,0.1,42,in_seg,1,6,3,,,,,miss,miss,3,3,correct,correct
3,MTR_237,us16,0.25,39,effusion,2,-1,7,,,,,,,none,none,,
3,MTR_237,us16,0.25,40,ligament,3,2,0,,,,,,,unknown,unknown,,
3,MTR_237,us16,0.25,41,in_seg,1,4,2,,,,,miss,miss,2,2,correct,correct
3,MTR_237,us16,0.25,42,in_seg,1,6,3,,,,,miss,miss,3,3,correct,correct
1,MTR_240,clean,0.05,43,effusion,2,-1,7,,,,,,,none,none,,
1,MTR_240,clean,0.05,44,in_seg,0,1,5,,,,,miss,miss,5,5,correct,correct
1,MTR_240,clean,0.05,45,in_seg,1,5,1,,,,,miss,miss,1,1,correct,correct
1,MTR_240,clean,0.05,46,in_seg,1,4,2,,,,,miss,miss,2,2,correct,correct
1,MTR_240,clean,0.1,43,effusion,2,-1,7,,,,,,,none,none,,
1,MTR_240,clean,0.1,44,in_seg,0,1,5,,,,,miss,miss,5,5,correct,correct
1,MTR_240,clean,0.1,45,in_seg,1,5,1,,,,,miss,miss,1,1,correct,correct
1,MTR_240,clean,0.1,46,in_seg,1,4,2,,,,,miss,miss,2,2,correct,correct
1,MTR_240,clean,0.25,43,effusion,2,-1,7,,,,,,,none,none,,
1,MTR_240,clean,0.25,44,in_seg,0,1,5,,,,,miss,miss,5,5,correct,correct
1,MTR_240,clean,0.25,45,in_seg,1,5,1,,,,,miss,miss,1,1,correct,correct
1,MTR_240,clean,0.25,46,in_seg,1,4,2,,,,,miss,miss,2,2,correct,correct
1,MTR_240,noise_q1,0.05,43,effusion,2,-1,7,,,,,,,none,none,,
1,MTR_240,noise_q1,0.05,44,in_seg,0,1,5,,,,,miss,miss,5,5,correct,correct
1,MTR_240,noise_q1,0.05,45,in_seg,1,5,1,,,,,miss,miss,1,1,correct,correct
1,MTR_240,noise_q1,0.05,46,in_seg,1,4,2,,,,,miss,miss,2,2,correct,correct
1,MTR_240,noise_q1,0.1,43,effusion,2,-1,7,,,,,,,none,none,,
1,MTR_240,noise_q1,0.1,44,in_seg,0,1,5,,,,,miss,miss,5,5,correct,correct
1,MTR_240,noise_q1,0.1,45,in_seg,1,5,1,,,,,miss,miss,1,1,correct,correct
1,MTR_240,noise_q1,0.1,46,in_seg,1,4,2,,,,,miss,miss,2,2,correct,correct
1,MTR_240,noise_q1,0.25,43,effusion,2,-1,7,,,,,,,none,none,,
1,MTR_240,noise_q1,0.25,44,in_seg,0,1,5,,,,,miss,miss,5,5,correct,correct
1,MTR_240,noise_q1,0.25,45,in_seg,1,5,1,,,,,miss,miss,1,1,correct,correct
1,MTR_240,noise_q1,0.25,46,in_seg,1,4,2,,,,,miss,miss,2,2,correct,correct
1,MTR_240,noise_q2,0.05,43,effusion,2,-1,7,,,,,,,none,none,,
1,MTR_240,noise_q2,0.05,44,in_seg,0,1,5,,,,,miss,miss,5,5,correct,correct
1,MTR_240,noise_q2,0.05,45,in_seg,1,5,1,,,,,miss,miss,1,1,correct,correct
1,MTR_240,noise_q2,0.05,46,in_seg,1,4,2,,,,,miss,miss,2,2,correct,correct
1,MTR_240,noise_q2,0.1,43,effusion,2,-1,7,,,,,,,none,none,,
1,MTR_240,noise_q2,0.1,44,in_seg,0,1,5,,,,,miss,miss,5,5,correct,correct
1,MTR_240,noise_q2,0.1,45,in_seg,1,5,1,,,,,miss,miss,1,1,correct,correct
1,MTR_240,noise_q2,0.1,46,in_seg,1,4,2,,,,,miss,miss,2,2,correct,correct
1,MTR_240,noise_q2,0.25,43,effusion,2,-1,7,,,,,,,none,none,,
1,MTR_240,noise_q2,0.25,44,in_seg,0,1,5,,,,,miss,miss,5,5,correct,correct
1,MTR_240,noise_q2,0.25,45,in_seg,1,5,1,,,,,miss,miss,1,1,correct,correct
1,MTR_240,noise_q2,0.25,46,in_seg,1,4,2,,,,,miss,miss,2,2,correct,correct
1,MTR_240,noise_q3,0.05,43,effusion,2,-1,7,,,,,,,none,none,,
1,MTR_240,noise_q3,0.05,44,in_seg,0,1,5,,,,,miss,miss,5,5,correct,correct
1,MTR_240,noise_q3,0.05,45,in_seg,1,5,1,,,,,miss,miss,1,1,correct,correct
1,MTR_240,noise_q3,0.05,46,in_seg,1,4,2,,,,,miss,miss,2,2,correct,correct
1,MTR_240,noise_q3,0.1,43,effusion,2,-1,7,,,,,,,none,none,,
1,MTR_240,noise_q3,0.1,44,in_seg,0,1,5,,,,,miss,miss,5,5,correct,correct
1,MTR_240,noise_q3,0.1,45,in_seg,1,5,1,,,,,miss,miss,1,1,correct,correct
1,MTR_240,noise_q3,0.1,46,in_seg,1,4,2,,,,,miss,miss,2,2,correct,correct
1,MTR_240,noise_q3,0.25,43,effusion,2,-1,7,,,,,,,none,none,,
1,MTR_240,noise_q3,0.25,44,in_seg,0,1,5,,,,,miss,miss,5,5,correct,correct
1,MTR_240,noise_q3,0.25,45,in_seg,1,5,1,,,,,miss,miss,1,1,correct,correct
1,MTR_240,noise_q3,0.25,46,in_seg,1,4,2,,,,,miss,miss,2,2,correct,correct
1,MTR_240,us4,0.05,43,effusion,2,-1,7,,,,,,,none,none,,
1,MTR_240,us4,0.05,44,in_seg,0,1,5,,,,,miss,miss,5,5,correct,correct
1,MTR_240,us4,0.05,45,in_seg,1,5,1,,,,,miss,miss,1,1,correct,correct
1,MTR_240,us4,0.05,46,in_seg,1,4,2,,,,,miss,miss,2,2,correct,correct
1,MTR_240,us4,0.1,43,effusion,2,-1,7,,,,,,,none,none,,
1,MTR_240,us4,0.1,44,in_seg,0,1,5,,,,,miss,miss,5,5,correct,correct
1,MTR_240,us4,0.1,45,in_seg,1,5,1,,,,,miss,miss,1,1,correct,correct
1,MTR_240,us4,0.1,46,in_seg,1,4,2,,,,,miss,miss,2,2,correct,correct
1,MTR_240,us4,0.25,43,effusion,2,-1,7,,,,,,,none,none,,
1,MTR_240,us4,0.25,44,in_seg,0,1,5,,,,,miss,miss,5,5,correct,correct
1,MTR_240,us4,0.25,45,in_seg,1,5,1,,,,,miss,miss,1,1,correct,correct
1,MTR_240,us4,0.25,46,in_seg,1,4,2,,,,,miss,miss,2,2,correct,correct
1,MTR_240,us8,0.05,43,effusion,2,-1,7,,,,,,,none,none,,
1,MTR_240,us8,0.05,44,in_seg,0,1,5,,,,,miss,miss,5,5,correct,correct
1,MTR_240,us8,0.05,45,in_seg,1,5,1,,,,,miss,miss,1,1,correct,correct
1,MTR_240,us8,0.05,46,in_seg,1,4,2,,,,,miss,miss,2,2,correct,correct
1,MTR_240,us8,0.1,43,effusion,2,-1,7,,,,,,,none,none,,
1,MTR_240,us8,0.1,44,in_seg,0,1,5,,,,,miss,miss,5,5,correct,correct
1,MTR_240,us8,0.1,45,in_seg,1,5,1,,,,,miss,miss,1,1,correct,correct
1,MTR_240,us8,0.1,46,in_seg,1,4,2,,,,,miss,miss,2,2,correct,correct
1,MTR_240,us8,0.25,43,effusion,2,-1,7,,,,,,,none,none,,
1,MTR_240,us8,0.25,44,in_seg,0,1,5,,,,,miss,miss,5,5,correct,correct
1,MTR_240,us8,0.25,45,in_seg,1,5,1,,,,,miss,miss,1,1,correct,correct
1,MTR_240,us8,0.25,46,in_seg,1,4,2,,,,,miss,miss,2,2,correct,correct
1,MTR_240,us16,0.05,43,effusion,2,-1,7,,,,,,,none,none,,
1,MTR_240,us16,0.05,44,in_seg,0,1,5,,,,,miss,miss,5,5,correct,correct
1,MTR_240,us16,0.05,45,in_seg,1,5,1,,,,,miss,miss,1,1,correct,correct
1,MTR_240,us16,0.05,46,in_seg,1,4,2,,,,,miss,miss,2,2,correct,correct
1,MTR_240,us16,0.1,43,effusion,2,-1,7,,,,,,,none,none,,
1,MTR_240,us16,0.1,44,in_seg,0,1,5,,,,,miss,miss,5,5,correct,correct
1,MTR_240,us16,0.1,45,in_seg,1,5,1,,,,,miss,miss,1,1,correct,correct
1,MTR_240,us16,0.1,46,in_seg,1,4,2,,,,,miss,miss,2,2,correct,correct
1,MTR_240,us16,0.25,43,effusion,2,-1,7,,,,,,,none,none,,
1,MTR_240,us16,0.25,44,in_seg,0,1,5,,,,,miss,miss,5,5,correct,correct
1,MTR_240,us16,0.25,45,in_seg,1,5,1,,,,,miss,miss,1,1,correct,correct
1,MTR_240,us16,0.25,46,in_seg,1,4,2,,,,,miss,miss,2,2,correct,correct
4,MTR_241,clean,0.05,47,effusion,2,-1,7,,,,,,,none,none,,
4,MTR_241,clean,0.05,48,in_seg,0,1,5,,,,,miss,miss,5,5,correct,correct
4,MTR_241,clean,0.05,49,in_seg,1,6,3,,,,,miss,miss,2,2,wrong_host,wrong_host
4,MTR_241,clean,0.05,50,in_seg,1,6,4,,,,,miss,miss,4,3,correct,correct
4,MTR_241,clean,0.05,51,in_seg,1,5,1,,,,,miss,miss,1,1,correct,correct
4,MTR_241,clean,0.05,52,in_seg,1,4,2,,,,,miss,miss,2,2,correct,correct
4,MTR_241,clean,0.1,47,effusion,2,-1,7,,,,,,,none,none,,
4,MTR_241,clean,0.1,48,in_seg,0,1,5,,,,,miss,miss,5,5,correct,correct
4,MTR_241,clean,0.1,49,in_seg,1,6,3,,,,,miss,miss,2,2,wrong_host,wrong_host
4,MTR_241,clean,0.1,50,in_seg,1,6,4,,,,,miss,miss,4,3,correct,correct
4,MTR_241,clean,0.1,51,in_seg,1,5,1,,,,,miss,miss,1,1,correct,correct
4,MTR_241,clean,0.1,52,in_seg,1,4,2,,,,,miss,miss,2,2,correct,correct
4,MTR_241,clean,0.25,47,effusion,2,-1,7,,,,,,,none,none,,
4,MTR_241,clean,0.25,48,in_seg,0,1,5,,,,,miss,miss,5,5,correct,correct
4,MTR_241,clean,0.25,49,in_seg,1,6,3,,,,,miss,miss,2,2,wrong_host,wrong_host
4,MTR_241,clean,0.25,50,in_seg,1,6,4,,,,,miss,miss,4,3,correct,correct
4,MTR_241,clean,0.25,51,in_seg,1,5,1,,,,,miss,miss,1,1,correct,correct
4,MTR_241,clean,0.25,52,in_seg,1,4,2,,,,,miss,miss,2,2,correct,correct
4,MTR_241,noise_q1,0.05,47,effusion,2,-1,7,,,,,,,none,none,,
4,MTR_241,noise_q1,0.05,48,in_seg,0,1,5,,,,,miss,miss,5,5,correct,correct
4,MTR_241,noise_q1,0.05,49,in_seg,1,6,3,,,,,miss,miss,2,2,wrong_host,wrong_host
4,MTR_241,noise_q1,0.05,50,in_seg,1,6,4,,,,,miss,miss,4,3,correct,correct
4,MTR_241,noise_q1,0.05,51,in_seg,1,5,1,,,,,miss,miss,1,1,correct,correct
4,MTR_241,noise_q1,0.05,52,in_seg,1,4,2,,,,,miss,miss,2,2,correct,correct
4,MTR_241,noise_q1,0.1,47,effusion,2,-1,7,,,,,,,none,none,,
4,MTR_241,noise_q1,0.1,48,in_seg,0,1,5,,,,,miss,miss,5,5,correct,correct
4,MTR_241,noise_q1,0.1,49,in_seg,1,6,3,,,,,miss,miss,2,2,wrong_host,wrong_host
4,MTR_241,noise_q1,0.1,50,in_seg,1,6,4,,,,,miss,miss,4,3,correct,correct
4,MTR_241,noise_q1,0.1,51,in_seg,1,5,1,,,,,miss,miss,1,1,correct,correct
4,MTR_241,noise_q1,0.1,52,in_seg,1,4,2,,,,,miss,miss,2,2,correct,correct
4,MTR_241,noise_q1,0.25,47,effusion,2,-1,7,,,,,,,none,none,,
4,MTR_241,noise_q1,0.25,48,in_seg,0,1,5,,,,,miss,miss,5,5,correct,correct
4,MTR_241,noise_q1,0.25,49,in_seg,1,6,3,,,,,miss,miss,2,2,wrong_host,wrong_host
4,MTR_241,noise_q1,0.25,50,in_seg,1,6,4,,,,,miss,miss,4,3,correct,correct
4,MTR_241,noise_q1,0.25,51,in_seg,1,5,1,,,,,miss,miss,1,1,correct,correct
4,MTR_241,noise_q1,0.25,52,in_seg,1,4,2,,,,,miss,miss,2,2,correct,correct
4,MTR_241,noise_q2,0.05,47,effusion,2,-1,7,,,,,,,none,none,,
4,MTR_241,noise_q2,0.05,48,in_seg,0,1,5,,,,,miss,miss,5,5,correct,correct
4,MTR_241,noise_q2,0.05,49,in_seg,1,6,3,,,,,miss,miss,2,2,wrong_host,wrong_host
4,MTR_241,noise_q2,0.05,50,in_seg,1,6,4,,,,,miss,miss,4,3,correct,correct
4,MTR_241,noise_q2,0.05,51,in_seg,1,5,1,,,,,miss,miss,1,1,correct,correct
4,MTR_241,noise_q2,0.05,52,in_seg,1,4,2,,,,,miss,miss,2,2,correct,correct
4,MTR_241,noise_q2,0.1,47,effusion,2,-1,7,,,,,,,none,none,,
4,MTR_241,noise_q2,0.1,48,in_seg,0,1,5,,,,,miss,miss,5,5,correct,correct
4,MTR_241,noise_q2,0.1,49,in_seg,1,6,3,,,,,miss,miss,2,2,wrong_host,wrong_host
4,MTR_241,noise_q2,0.1,50,in_seg,1,6,4,,,,,miss,miss,4,3,correct,correct
4,MTR_241,noise_q2,0.1,51,in_seg,1,5,1,,,,,miss,miss,1,1,correct,correct
4,MTR_241,noise_q2,0.1,52,in_seg,1,4,2,,,,,miss,miss,2,2,correct,correct
4,MTR_241,noise_q2,0.25,47,effusion,2,-1,7,,,,,,,none,none,,
4,MTR_241,noise_q2,0.25,48,in_seg,0,1,5,,,,,miss,miss,5,5,correct,correct
4,MTR_241,noise_q2,0.25,49,in_seg,1,6,3,,,,,miss,miss,2,2,wrong_host,wrong_host
4,MTR_241,noise_q2,0.25,50,in_seg,1,6,4,,,,,miss,miss,4,3,correct,correct
4,MTR_241,noise_q2,0.25,51,in_seg,1,5,1,,,,,miss,miss,1,1,correct,correct
4,MTR_241,noise_q2,0.25,52,in_seg,1,4,2,,,,,miss,miss,2,2,correct,correct
4,MTR_241,noise_q3,0.05,47,effusion,2,-1,7,,,,,,,none,none,,
4,MTR_241,noise_q3,0.05,48,in_seg,0,1,5,,,,,miss,miss,5,5,correct,correct
4,MTR_241,noise_q3,0.05,49,in_seg,1,6,3,,,,,miss,miss,2,2,wrong_host,wrong_host
4,MTR_241,noise_q3,0.05,50,in_seg,1,6,4,,,,,miss,miss,4,4,correct,correct
4,MTR_241,noise_q3,0.05,51,in_seg,1,5,1,,,,,miss,miss,1,1,correct,correct
4,MTR_241,noise_q3,0.05,52,in_seg,1,4,2,,,,,miss,miss,2,2,correct,correct
4,MTR_241,noise_q3,0.1,47,effusion,2,-1,7,,,,,,,none,none,,
4,MTR_241,noise_q3,0.1,48,in_seg,0,1,5,,,,,miss,miss,5,5,correct,correct
4,MTR_241,noise_q3,0.1,49,in_seg,1,6,3,,,,,miss,miss,2,2,wrong_host,wrong_host
4,MTR_241,noise_q3,0.1,50,in_seg,1,6,4,,,,,miss,miss,4,4,correct,correct
4,MTR_241,noise_q3,0.1,51,in_seg,1,5,1,,,,,miss,miss,1,1,correct,correct
4,MTR_241,noise_q3,0.1,52,in_seg,1,4,2,,,,,miss,miss,2,2,correct,correct
4,MTR_241,noise_q3,0.25,47,effusion,2,-1,7,,,,,,,none,none,,
4,MTR_241,noise_q3,0.25,48,in_seg,0,1,5,,,,,miss,miss,5,5,correct,correct
4,MTR_241,noise_q3,0.25,49,in_seg,1,6,3,,,,,miss,miss,2,2,wrong_host,wrong_host
4,MTR_241,noise_q3,0.25,50,in_seg,1,6,4,,,,,miss,miss,4,4,correct,correct
4,MTR_241,noise_q3,0.25,51,in_seg,1,5,1,,,,,miss,miss,1,1,correct,correct
4,MTR_241,noise_q3,0.25,52,in_seg,1,4,2,,,,,miss,miss,2,2,correct,correct
4,MTR_241,us4,0.05,47,effusion,2,-1,7,,,,,,,none,none,,
4,MTR_241,us4,0.05,48,in_seg,0,1,5,,,,,miss,miss,5,6,correct,correct
4,MTR_241,us4,0.05,49,in_seg,1,6,3,,,,,miss,miss,3,2,correct,wrong_host
4,MTR_241,us4,0.05,50,in_seg,1,6,4,,,,,miss,miss,4,3,correct,correct
4,MTR_241,us4,0.05,51,in_seg,1,5,1,,,,,miss,miss,1,1,correct,correct
4,MTR_241,us4,0.05,52,in_seg,1,4,2,,,,,miss,miss,2,2,correct,correct
4,MTR_241,us4,0.1,47,effusion,2,-1,7,,,,,,,none,none,,
4,MTR_241,us4,0.1,48,in_seg,0,1,5,,,,,miss,miss,5,6,correct,correct
4,MTR_241,us4,0.1,49,in_seg,1,6,3,,,,,miss,miss,3,2,correct,wrong_host
4,MTR_241,us4,0.1,50,in_seg,1,6,4,,,,,miss,miss,4,3,correct,correct
4,MTR_241,us4,0.1,51,in_seg,1,5,1,,,,,miss,miss,1,1,correct,correct
4,MTR_241,us4,0.1,52,in_seg,1,4,2,,,,,miss,miss,2,2,correct,correct
4,MTR_241,us4,0.25,47,effusion,2,-1,7,,,,,,,none,none,,
4,MTR_241,us4,0.25,48,in_seg,0,1,5,,,,,miss,miss,5,6,correct,correct
4,MTR_241,us4,0.25,49,in_seg,1,6,3,,,,,miss,miss,3,2,correct,wrong_host
4,MTR_241,us4,0.25,50,in_seg,1,6,4,,,,,miss,miss,4,3,correct,correct
4,MTR_241,us4,0.25,51,in_seg,1,5,1,,,,,miss,miss,1,1,correct,correct
4,MTR_241,us4,0.25,52,in_seg,1,4,2,,,,,miss,miss,2,2,correct,correct
4,MTR_241,us8,0.05,47,effusion,2,-1,7,,,,,,,none,none,,
4,MTR_241,us8,0.05,48,in_seg,0,1,5,,,,,miss,miss,5,5,correct,correct
4,MTR_241,us8,0.05,49,in_seg,1,6,3,,,,,miss,miss,3,2,correct,wrong_host
4,MTR_241,us8,0.05,50,in_seg,1,6,4,,,,,miss,miss,4,3,correct,correct
4,MTR_241,us8,0.05,51,in_seg,1,5,1,,,,,miss,miss,1,1,correct,correct
4,MTR_241,us8,0.05,52,in_seg,1,4,2,,,,,miss,miss,2,2,correct,correct
4,MTR_241,us8,0.1,47,effusion,2,-1,7,,,,,,,none,none,,
4,MTR_241,us8,0.1,48,in_seg,0,1,5,,,,,miss,miss,5,5,correct,correct
4,MTR_241,us8,0.1,49,in_seg,1,6,3,,,,,miss,miss,3,2,correct,wrong_host
4,MTR_241,us8,0.1,50,in_seg,1,6,4,,,,,miss,miss,4,3,correct,correct
4,MTR_241,us8,0.1,51,in_seg,1,5,1,,,,,miss,miss,1,1,correct,correct
4,MTR_241,us8,0.1,52,in_seg,1,4,2,,,,,miss,miss,2,2,correct,correct
4,MTR_241,us8,0.25,47,effusion,2,-1,7,,,,,,,none,none,,
4,MTR_241,us8,0.25,48,in_seg,0,1,5,,,,,miss,miss,5,5,correct,correct
4,MTR_241,us8,0.25,49,in_seg,1,6,3,,,,,miss,miss,3,2,correct,wrong_host
4,MTR_241,us8,0.25,50,in_seg,1,6,4,,,,,miss,miss,4,3,correct,correct
4,MTR_241,us8,0.25,51,in_seg,1,5,1,,,,,miss,miss,1,1,correct,correct
4,MTR_241,us8,0.25,52,in_seg,1,4,2,,,,,miss,miss,2,2,correct,correct
4,MTR_241,us16,0.05,47,effusion,2,-1,7,,,,,,,none,none,,
4,MTR_241,us16,0.05,48,in_seg,0,1,5,,,,,miss,miss,5,5,correct,correct
4,MTR_241,us16,0.05,49,in_seg,1,6,3,,,,,miss,miss,3,2,correct,wrong_host
4,MTR_241,us16,0.05,50,in_seg,1,6,4,,,,,miss,miss,4,3,correct,correct
4,MTR_241,us16,0.05,51,in_seg,1,5,1,,,,,miss,miss,1,1,correct,correct
4,MTR_241,us16,0.05,52,in_seg,1,4,2,,,,,miss,miss,2,2,correct,correct
4,MTR_241,us16,0.1,47,effusion,2,-1,7,,,,,,,none,none,,
4,MTR_241,us16,0.1,48,in_seg,0,1,5,,,,,miss,miss,5,5,correct,correct
4,MTR_241,us16,0.1,49,in_seg,1,6,3,,,,,miss,miss,3,2,correct,wrong_host
4,MTR_241,us16,0.1,50,in_seg,1,6,4,,,,,miss,miss,4,3,correct,correct
4,MTR_241,us16,0.1,51,in_seg,1,5,1,,,,,miss,miss,1,1,correct,correct
4,MTR_241,us16,0.1,52,in_seg,1,4,2,,,,,miss,miss,2,2,correct,correct
4,MTR_241,us16,0.25,47,effusion,2,-1,7,,,,,,,none,none,,
4,MTR_241,us16,0.25,48,in_seg,0,1,5,,,,,miss,miss,5,5,correct,correct
4,MTR_241,us16,0.25,49,in_seg,1,6,3,,,,,miss,miss,3,2,correct,wrong_host
4,MTR_241,us16,0.25,50,in_seg,1,6,4,,,,,miss,miss,4,3,correct,correct
4,MTR_241,us16,0.25,51,in_seg,1,5,1,,,,,miss,miss,1,1,correct,correct
4,MTR_241,us16,0.25,52,in_seg,1,4,2,,,,,miss,miss,2,2,correct,correct
4,MTR_243,clean,0.05,100,effusion,2,-1,7,,,,,,,none,none,,
4,MTR_243,clean,0.05,101,in_seg,1,5,1,,,,,miss,miss,1,1,correct,correct
4,MTR_243,clean,0.1,100,effusion,2,-1,7,,,,,,,none,none,,
4,MTR_243,clean,0.1,101,in_seg,1,5,1,,,,,miss,miss,1,1,correct,correct
4,MTR_243,clean,0.25,100,effusion,2,-1,7,,,,,,,none,none,,
4,MTR_243,clean,0.25,101,in_seg,1,5,1,,,,,miss,miss,1,1,correct,correct
4,MTR_243,noise_q1,0.05,100,effusion,2,-1,7,,,,,,,none,none,,
4,MTR_243,noise_q1,0.05,101,in_seg,1,5,1,,,,,miss,miss,1,1,correct,correct
4,MTR_243,noise_q1,0.1,100,effusion,2,-1,7,,,,,,,none,none,,
4,MTR_243,noise_q1,0.1,101,in_seg,1,5,1,,,,,miss,miss,1,1,correct,correct
4,MTR_243,noise_q1,0.25,100,effusion,2,-1,7,,,,,,,none,none,,
4,MTR_243,noise_q1,0.25,101,in_seg,1,5,1,,,,,miss,miss,1,1,correct,correct
4,MTR_243,noise_q2,0.05,100,effusion,2,-1,7,,,,,,,none,none,,
4,MTR_243,noise_q2,0.05,101,in_seg,1,5,1,,,,,miss,miss,1,1,correct,correct
4,MTR_243,noise_q2,0.1,100,effusion,2,-1,7,,,,,,,none,none,,
4,MTR_243,noise_q2,0.1,101,in_seg,1,5,1,,,,,miss,miss,1,1,correct,correct
4,MTR_243,noise_q2,0.25,100,effusion,2,-1,7,,,,,,,none,none,,
4,MTR_243,noise_q2,0.25,101,in_seg,1,5,1,,,,,miss,miss,1,1,correct,correct
4,MTR_243,noise_q3,0.05,100,effusion,2,-1,7,,,,,,,none,none,,
4,MTR_243,noise_q3,0.05,101,in_seg,1,5,1,,,,,miss,miss,1,2,correct,wrong_host
4,MTR_243,noise_q3,0.1,100,effusion,2,-1,7,,,,,,,none,none,,
4,MTR_243,noise_q3,0.1,101,in_seg,1,5,1,,,,,miss,miss,1,2,correct,wrong_host
4,MTR_243,noise_q3,0.25,100,effusion,2,-1,7,,,,,,,none,none,,
4,MTR_243,noise_q3,0.25,101,in_seg,1,5,1,,,,,miss,miss,1,2,correct,wrong_host
4,MTR_243,us4,0.05,100,effusion,2,-1,7,,,,,,,none,none,,
4,MTR_243,us4,0.05,101,in_seg,1,5,1,,,,,miss,miss,1,1,correct,correct
4,MTR_243,us4,0.1,100,effusion,2,-1,7,,,,,,,none,none,,
4,MTR_243,us4,0.1,101,in_seg,1,5,1,,,,,miss,miss,1,1,correct,correct
4,MTR_243,us4,0.25,100,effusion,2,-1,7,,,,,,,none,none,,
4,MTR_243,us4,0.25,101,in_seg,1,5,1,,,,,miss,miss,1,1,correct,correct
4,MTR_243,us8,0.05,100,effusion,2,-1,7,,,,,,,none,none,,
4,MTR_243,us8,0.05,101,in_seg,1,5,1,,,,,miss,miss,1,1,correct,correct
4,MTR_243,us8,0.1,100,effusion,2,-1,7,,,,,,,none,none,,
4,MTR_243,us8,0.1,101,in_seg,1,5,1,,,,,miss,miss,1,1,correct,correct
4,MTR_243,us8,0.25,100,effusion,2,-1,7,,,,,,,none,none,,
4,MTR_243,us8,0.25,101,in_seg,1,5,1,,,,,miss,miss,1,1,correct,correct
4,MTR_243,us16,0.05,100,effusion,2,-1,7,,,,,,,none,none,,
4,MTR_243,us16,0.05,101,in_seg,1,5,1,,,,,miss,miss,1,1,correct,correct
4,MTR_243,us16,0.1,100,effusion,2,-1,7,,,,,,,none,none,,
4,MTR_243,us16,0.1,101,in_seg,1,5,1,,,,,miss,miss,1,1,correct,correct
4,MTR_243,us16,0.25,100,effusion,2,-1,7,,,,,,,none,none,,
4,MTR_243,us16,0.25,101,in_seg,1,5,1,,,,,miss,miss,1,1,correct,correct
4,MTR_244,clean,0.05,53,effusion,2,-1,7,,,,,,,none,none,,
4,MTR_244,clean,0.05,54,ligament,3,2,0,,,,,,,unknown,unknown,,
4,MTR_244,clean,0.05,55,in_seg,0,1,6,,,,,miss,miss,6,5,correct,correct
4,MTR_244,clean,0.1,53,effusion,2,-1,7,,,,,,,none,none,,
4,MTR_244,clean,0.1,54,ligament,3,2,0,,,,,,,unknown,unknown,,
4,MTR_244,clean,0.1,55,in_seg,0,1,6,,,,,miss,miss,6,5,correct,correct
4,MTR_244,clean,0.25,53,effusion,2,-1,7,,,,,,,none,none,,
4,MTR_244,clean,0.25,54,ligament,3,2,0,,,,,,,unknown,unknown,,
4,MTR_244,clean,0.25,55,in_seg,0,1,6,,,,,miss,miss,6,5,correct,correct
4,MTR_244,noise_q1,0.05,53,effusion,2,-1,7,,,,,,,none,none,,
4,MTR_244,noise_q1,0.05,54,ligament,3,2,0,,,,,,,unknown,unknown,,
4,MTR_244,noise_q1,0.05,55,in_seg,0,1,6,,,,,miss,miss,6,5,correct,correct
4,MTR_244,noise_q1,0.1,53,effusion,2,-1,7,,,,,,,none,none,,
4,MTR_244,noise_q1,0.1,54,ligament,3,2,0,,,,,,,unknown,unknown,,
4,MTR_244,noise_q1,0.1,55,in_seg,0,1,6,,,,,miss,miss,6,5,correct,correct
4,MTR_244,noise_q1,0.25,53,effusion,2,-1,7,,,,,,,none,none,,
4,MTR_244,noise_q1,0.25,54,ligament,3,2,0,,,,,,,unknown,unknown,,
4,MTR_244,noise_q1,0.25,55,in_seg,0,1,6,,,,,miss,miss,6,5,correct,correct
4,MTR_244,noise_q2,0.05,53,effusion,2,-1,7,,,,,,,none,none,,
4,MTR_244,noise_q2,0.05,54,ligament,3,2,0,,,,,,,unknown,unknown,,
4,MTR_244,noise_q2,0.05,55,in_seg,0,1,6,,,,,miss,miss,6,5,correct,correct
4,MTR_244,noise_q2,0.1,53,effusion,2,-1,7,,,,,,,none,none,,
4,MTR_244,noise_q2,0.1,54,ligament,3,2,0,,,,,,,unknown,unknown,,
4,MTR_244,noise_q2,0.1,55,in_seg,0,1,6,,,,,miss,miss,6,5,correct,correct
4,MTR_244,noise_q2,0.25,53,effusion,2,-1,7,,,,,,,none,none,,
4,MTR_244,noise_q2,0.25,54,ligament,3,2,0,,,,,,,unknown,unknown,,
4,MTR_244,noise_q2,0.25,55,in_seg,0,1,6,,,,,miss,miss,6,5,correct,correct
4,MTR_244,noise_q3,0.05,53,effusion,2,-1,7,,,,,,,none,none,,
4,MTR_244,noise_q3,0.05,54,ligament,3,2,0,,,,,,,unknown,unknown,,
4,MTR_244,noise_q3,0.05,55,in_seg,0,1,6,,,,,miss,miss,6,5,correct,correct
4,MTR_244,noise_q3,0.1,53,effusion,2,-1,7,,,,,,,none,none,,
4,MTR_244,noise_q3,0.1,54,ligament,3,2,0,,,,,,,unknown,unknown,,
4,MTR_244,noise_q3,0.1,55,in_seg,0,1,6,,,,,miss,miss,6,5,correct,correct
4,MTR_244,noise_q3,0.25,53,effusion,2,-1,7,,,,,,,none,none,,
4,MTR_244,noise_q3,0.25,54,ligament,3,2,0,,,,,,,unknown,unknown,,
4,MTR_244,noise_q3,0.25,55,in_seg,0,1,6,,,,,miss,miss,6,5,correct,correct
4,MTR_244,us4,0.05,53,effusion,2,-1,7,,,,,,,none,none,,
4,MTR_244,us4,0.05,54,ligament,3,2,0,,,,,,,unknown,unknown,,
4,MTR_244,us4,0.05,55,in_seg,0,1,6,,,,,miss,miss,6,5,correct,correct
4,MTR_244,us4,0.1,53,effusion,2,-1,7,,,,,,,none,none,,
4,MTR_244,us4,0.1,54,ligament,3,2,0,,,,,,,unknown,unknown,,
4,MTR_244,us4,0.1,55,in_seg,0,1,6,,,,,miss,miss,6,5,correct,correct
4,MTR_244,us4,0.25,53,effusion,2,-1,7,,,,,,,none,none,,
4,MTR_244,us4,0.25,54,ligament,3,2,0,,,,,,,unknown,unknown,,
4,MTR_244,us4,0.25,55,in_seg,0,1,6,,,,,miss,miss,6,5,correct,correct
4,MTR_244,us8,0.05,53,effusion,2,-1,7,,,,,,,none,none,,
4,MTR_244,us8,0.05,54,ligament,3,2,0,,,,,,,unknown,unknown,,
4,MTR_244,us8,0.05,55,in_seg,0,1,6,,,,,miss,miss,6,5,correct,correct
4,MTR_244,us8,0.1,53,effusion,2,-1,7,,,,,,,none,none,,
4,MTR_244,us8,0.1,54,ligament,3,2,0,,,,,,,unknown,unknown,,
4,MTR_244,us8,0.1,55,in_seg,0,1,6,,,,,miss,miss,6,5,correct,correct
4,MTR_244,us8,0.25,53,effusion,2,-1,7,,,,,,,none,none,,
4,MTR_244,us8,0.25,54,ligament,3,2,0,,,,,,,unknown,unknown,,
4,MTR_244,us8,0.25,55,in_seg,0,1,6,,,,,miss,miss,6,5,correct,correct
4,MTR_244,us16,0.05,53,effusion,2,-1,7,,,,,,,none,none,,
4,MTR_244,us16,0.05,54,ligament,3,2,0,,,,,,,unknown,unknown,,
4,MTR_244,us16,0.05,55,in_seg,0,1,6,,,,,miss,miss,6,5,correct,correct
4,MTR_244,us16,0.1,53,effusion,2,-1,7,,,,,,,none,none,,
4,MTR_244,us16,0.1,54,ligament,3,2,0,,,,,,,unknown,unknown,,
4,MTR_244,us16,0.1,55,in_seg,0,1,6,,,,,miss,miss,6,5,correct,correct
4,MTR_244,us16,0.25,53,effusion,2,-1,7,,,,,,,none,none,,
4,MTR_244,us16,0.25,54,ligament,3,2,0,,,,,,,unknown,unknown,,
4,MTR_244,us16,0.25,55,in_seg,0,1,6,,,,,miss,miss,6,5,correct,correct
4,MTR_245,clean,0.05,218,in_seg,0,1,5,,,,,miss,miss,5,5,correct,correct
4,MTR_245,clean,0.05,219,ligament,3,2,0,,,,,,,unknown,unknown,,
4,MTR_245,clean,0.05,220,in_seg,1,6,4,,,,,miss,miss,4,2,correct,wrong_host
4,MTR_245,clean,0.05,221,in_seg,1,4,2,,,,,miss,miss,2,2,correct,correct
4,MTR_245,clean,0.05,222,in_seg,1,4,2,,,,,miss,miss,2,2,correct,correct
4,MTR_245,clean,0.05,223,in_seg,1,5,1,,,,,miss,miss,1,2,correct,wrong_host
4,MTR_245,clean,0.05,224,in_seg,1,4,2,,,,,miss,miss,2,2,correct,correct
4,MTR_245,clean,0.05,225,in_seg,1,4,2,,,,,miss,miss,2,2,correct,correct
4,MTR_245,clean,0.1,218,in_seg,0,1,5,,,,,miss,miss,5,5,correct,correct
4,MTR_245,clean,0.1,219,ligament,3,2,0,,,,,,,unknown,unknown,,
4,MTR_245,clean,0.1,220,in_seg,1,6,4,,,,,miss,miss,4,2,correct,wrong_host
4,MTR_245,clean,0.1,221,in_seg,1,4,2,,,,,miss,miss,2,2,correct,correct
4,MTR_245,clean,0.1,222,in_seg,1,4,2,,,,,miss,miss,2,2,correct,correct
4,MTR_245,clean,0.1,223,in_seg,1,5,1,,,,,miss,miss,1,2,correct,wrong_host
4,MTR_245,clean,0.1,224,in_seg,1,4,2,,,,,miss,miss,2,2,correct,correct
4,MTR_245,clean,0.1,225,in_seg,1,4,2,,,,,miss,miss,2,2,correct,correct
4,MTR_245,clean,0.25,218,in_seg,0,1,5,,,,,miss,miss,5,5,correct,correct
4,MTR_245,clean,0.25,219,ligament,3,2,0,,,,,,,unknown,unknown,,
4,MTR_245,clean,0.25,220,in_seg,1,6,4,,,,,miss,miss,4,2,correct,wrong_host
4,MTR_245,clean,0.25,221,in_seg,1,4,2,,,,,miss,miss,2,2,correct,correct
4,MTR_245,clean,0.25,222,in_seg,1,4,2,,,,,miss,miss,2,2,correct,correct
4,MTR_245,clean,0.25,223,in_seg,1,5,1,,,,,miss,miss,1,2,correct,wrong_host
4,MTR_245,clean,0.25,224,in_seg,1,4,2,,,,,miss,miss,2,2,correct,correct
4,MTR_245,clean,0.25,225,in_seg,1,4,2,,,,,miss,miss,2,2,correct,correct
4,MTR_245,noise_q1,0.05,218,in_seg,0,1,5,,,,,miss,miss,5,5,correct,correct
4,MTR_245,noise_q1,0.05,219,ligament,3,2,0,,,,,,,unknown,unknown,,
4,MTR_245,noise_q1,0.05,220,in_seg,1,6,4,,,,,miss,miss,4,2,correct,wrong_host
4,MTR_245,noise_q1,0.05,221,in_seg,1,4,2,,,,,miss,miss,2,2,correct,correct
4,MTR_245,noise_q1,0.05,222,in_seg,1,4,2,,,,,miss,miss,2,2,correct,correct
4,MTR_245,noise_q1,0.05,223,in_seg,1,5,1,,,,,miss,miss,1,2,correct,wrong_host
4,MTR_245,noise_q1,0.05,224,in_seg,1,4,2,,,,,miss,miss,2,2,correct,correct
4,MTR_245,noise_q1,0.05,225,in_seg,1,4,2,,,,,miss,miss,2,2,correct,correct
4,MTR_245,noise_q1,0.1,218,in_seg,0,1,5,,,,,miss,miss,5,5,correct,correct
4,MTR_245,noise_q1,0.1,219,ligament,3,2,0,,,,,,,unknown,unknown,,
4,MTR_245,noise_q1,0.1,220,in_seg,1,6,4,,,,,miss,miss,4,2,correct,wrong_host
4,MTR_245,noise_q1,0.1,221,in_seg,1,4,2,,,,,miss,miss,2,2,correct,correct
4,MTR_245,noise_q1,0.1,222,in_seg,1,4,2,,,,,miss,miss,2,2,correct,correct
4,MTR_245,noise_q1,0.1,223,in_seg,1,5,1,,,,,miss,miss,1,2,correct,wrong_host
4,MTR_245,noise_q1,0.1,224,in_seg,1,4,2,,,,,miss,miss,2,2,correct,correct
4,MTR_245,noise_q1,0.1,225,in_seg,1,4,2,,,,,miss,miss,2,2,correct,correct
4,MTR_245,noise_q1,0.25,218,in_seg,0,1,5,,,,,miss,miss,5,5,correct,correct
4,MTR_245,noise_q1,0.25,219,ligament,3,2,0,,,,,,,unknown,unknown,,
4,MTR_245,noise_q1,0.25,220,in_seg,1,6,4,,,,,miss,miss,4,2,correct,wrong_host
4,MTR_245,noise_q1,0.25,221,in_seg,1,4,2,,,,,miss,miss,2,2,correct,correct
4,MTR_245,noise_q1,0.25,222,in_seg,1,4,2,,,,,miss,miss,2,2,correct,correct
4,MTR_245,noise_q1,0.25,223,in_seg,1,5,1,,,,,miss,miss,1,2,correct,wrong_host
4,MTR_245,noise_q1,0.25,224,in_seg,1,4,2,,,,,miss,miss,2,2,correct,correct
4,MTR_245,noise_q1,0.25,225,in_seg,1,4,2,,,,,miss,miss,2,2,correct,correct
4,MTR_245,noise_q2,0.05,218,in_seg,0,1,5,,,,,miss,miss,5,5,correct,correct
4,MTR_245,noise_q2,0.05,219,ligament,3,2,0,,,,,,,unknown,unknown,,
4,MTR_245,noise_q2,0.05,220,in_seg,1,6,4,,,,,miss,miss,4,2,correct,wrong_host
4,MTR_245,noise_q2,0.05,221,in_seg,1,4,2,,,,,miss,miss,2,2,correct,correct
4,MTR_245,noise_q2,0.05,222,in_seg,1,4,2,,,,,miss,miss,2,2,correct,correct
4,MTR_245,noise_q2,0.05,223,in_seg,1,5,1,,,,,miss,miss,1,2,correct,wrong_host
4,MTR_245,noise_q2,0.05,224,in_seg,1,4,2,,,,,miss,miss,2,2,correct,correct
4,MTR_245,noise_q2,0.05,225,in_seg,1,4,2,,,,,miss,miss,2,2,correct,correct
4,MTR_245,noise_q2,0.1,218,in_seg,0,1,5,,,,,miss,miss,5,5,correct,correct
4,MTR_245,noise_q2,0.1,219,ligament,3,2,0,,,,,,,unknown,unknown,,
4,MTR_245,noise_q2,0.1,220,in_seg,1,6,4,,,,,miss,miss,4,2,correct,wrong_host
4,MTR_245,noise_q2,0.1,221,in_seg,1,4,2,,,,,miss,miss,2,2,correct,correct
4,MTR_245,noise_q2,0.1,222,in_seg,1,4,2,,,,,miss,miss,2,2,correct,correct
4,MTR_245,noise_q2,0.1,223,in_seg,1,5,1,,,,,miss,miss,1,2,correct,wrong_host
4,MTR_245,noise_q2,0.1,224,in_seg,1,4,2,,,,,miss,miss,2,2,correct,correct
4,MTR_245,noise_q2,0.1,225,in_seg,1,4,2,,,,,miss,miss,2,2,correct,correct
4,MTR_245,noise_q2,0.25,218,in_seg,0,1,5,,,,,miss,miss,5,5,correct,correct
4,MTR_245,noise_q2,0.25,219,ligament,3,2,0,,,,,,,unknown,unknown,,
4,MTR_245,noise_q2,0.25,220,in_seg,1,6,4,,,,,miss,miss,4,2,correct,wrong_host
4,MTR_245,noise_q2,0.25,221,in_seg,1,4,2,,,,,miss,miss,2,2,correct,correct
4,MTR_245,noise_q2,0.25,222,in_seg,1,4,2,,,,,miss,miss,2,2,correct,correct
4,MTR_245,noise_q2,0.25,223,in_seg,1,5,1,,,,,miss,miss,1,2,correct,wrong_host
4,MTR_245,noise_q2,0.25,224,in_seg,1,4,2,,,,,miss,miss,2,2,correct,correct
4,MTR_245,noise_q2,0.25,225,in_seg,1,4,2,,,,,miss,miss,2,2,correct,correct
4,MTR_245,noise_q3,0.05,218,in_seg,0,1,5,,,,,miss,miss,5,5,correct,correct
4,MTR_245,noise_q3,0.05,219,ligament,3,2,0,,,,,,,unknown,unknown,,
4,MTR_245,noise_q3,0.05,220,in_seg,1,6,4,,,,,miss,miss,4,2,correct,wrong_host
4,MTR_245,noise_q3,0.05,221,in_seg,1,4,2,,,,,miss,miss,2,2,correct,correct
4,MTR_245,noise_q3,0.05,222,in_seg,1,4,2,,,,,miss,miss,2,2,correct,correct
4,MTR_245,noise_q3,0.05,223,in_seg,1,5,1,,,,,miss,miss,1,2,correct,wrong_host
4,MTR_245,noise_q3,0.05,224,in_seg,1,4,2,,,,,miss,miss,2,2,correct,correct
4,MTR_245,noise_q3,0.05,225,in_seg,1,4,2,,,,,miss,miss,2,2,correct,correct
4,MTR_245,noise_q3,0.1,218,in_seg,0,1,5,,,,,miss,miss,5,5,correct,correct
4,MTR_245,noise_q3,0.1,219,ligament,3,2,0,,,,,,,unknown,unknown,,
4,MTR_245,noise_q3,0.1,220,in_seg,1,6,4,,,,,miss,miss,4,2,correct,wrong_host
4,MTR_245,noise_q3,0.1,221,in_seg,1,4,2,,,,,miss,miss,2,2,correct,correct
4,MTR_245,noise_q3,0.1,222,in_seg,1,4,2,,,,,miss,miss,2,2,correct,correct
4,MTR_245,noise_q3,0.1,223,in_seg,1,5,1,,,,,miss,miss,1,2,correct,wrong_host
4,MTR_245,noise_q3,0.1,224,in_seg,1,4,2,,,,,miss,miss,2,2,correct,correct
4,MTR_245,noise_q3,0.1,225,in_seg,1,4,2,,,,,miss,miss,2,2,correct,correct
4,MTR_245,noise_q3,0.25,218,in_seg,0,1,5,,,,,miss,miss,5,5,correct,correct
4,MTR_245,noise_q3,0.25,219,ligament,3,2,0,,,,,,,unknown,unknown,,
4,MTR_245,noise_q3,0.25,220,in_seg,1,6,4,,,,,miss,miss,4,2,correct,wrong_host
4,MTR_245,noise_q3,0.25,221,in_seg,1,4,2,,,,,miss,miss,2,2,correct,correct
4,MTR_245,noise_q3,0.25,222,in_seg,1,4,2,,,,,miss,miss,2,2,correct,correct
4,MTR_245,noise_q3,0.25,223,in_seg,1,5,1,,,,,miss,miss,1,2,correct,wrong_host
4,MTR_245,noise_q3,0.25,224,in_seg,1,4,2,,,,,miss,miss,2,2,correct,correct
4,MTR_245,noise_q3,0.25,225,in_seg,1,4,2,,,,,miss,miss,2,2,correct,correct
4,MTR_245,us4,0.05,218,in_seg,0,1,5,,,,,miss,miss,5,5,correct,correct
4,MTR_245,us4,0.05,219,ligament,3,2,0,,,,,,,unknown,unknown,,
4,MTR_245,us4,0.05,220,in_seg,1,6,4,,,,,miss,miss,4,2,correct,wrong_host
4,MTR_245,us4,0.05,221,in_seg,1,4,2,,,,,miss,miss,2,2,correct,correct
4,MTR_245,us4,0.05,222,in_seg,1,4,2,,,,,miss,miss,2,2,correct,correct
4,MTR_245,us4,0.05,223,in_seg,1,5,1,,,,,miss,miss,1,2,correct,wrong_host
4,MTR_245,us4,0.05,224,in_seg,1,4,2,,,,,miss,miss,2,2,correct,correct
4,MTR_245,us4,0.05,225,in_seg,1,4,2,,,,,miss,miss,2,2,correct,correct
4,MTR_245,us4,0.1,218,in_seg,0,1,5,,,,,miss,miss,5,5,correct,correct
4,MTR_245,us4,0.1,219,ligament,3,2,0,,,,,,,unknown,unknown,,
4,MTR_245,us4,0.1,220,in_seg,1,6,4,,,,,miss,miss,4,2,correct,wrong_host
4,MTR_245,us4,0.1,221,in_seg,1,4,2,,,,,miss,miss,2,2,correct,correct
4,MTR_245,us4,0.1,222,in_seg,1,4,2,,,,,miss,miss,2,2,correct,correct
4,MTR_245,us4,0.1,223,in_seg,1,5,1,,,,,miss,miss,1,2,correct,wrong_host
4,MTR_245,us4,0.1,224,in_seg,1,4,2,,,,,miss,miss,2,2,correct,correct
4,MTR_245,us4,0.1,225,in_seg,1,4,2,,,,,miss,miss,2,2,correct,correct
4,MTR_245,us4,0.25,218,in_seg,0,1,5,,,,,miss,miss,5,5,correct,correct
4,MTR_245,us4,0.25,219,ligament,3,2,0,,,,,,,unknown,unknown,,
4,MTR_245,us4,0.25,220,in_seg,1,6,4,,,,,miss,miss,4,2,correct,wrong_host
4,MTR_245,us4,0.25,221,in_seg,1,4,2,,,,,miss,miss,2,2,correct,correct
4,MTR_245,us4,0.25,222,in_seg,1,4,2,,,,,miss,miss,2,2,correct,correct
4,MTR_245,us4,0.25,223,in_seg,1,5,1,,,,,miss,miss,1,2,correct,wrong_host
4,MTR_245,us4,0.25,224,in_seg,1,4,2,,,,,miss,miss,2,2,correct,correct
4,MTR_245,us4,0.25,225,in_seg,1,4,2,,,,,miss,miss,2,2,correct,correct
4,MTR_245,us8,0.05,218,in_seg,0,1,5,,,,,miss,miss,5,5,correct,correct
4,MTR_245,us8,0.05,219,ligament,3,2,0,,,,,,,unknown,unknown,,
4,MTR_245,us8,0.05,220,in_seg,1,6,4,,,,,miss,miss,4,2,correct,wrong_host
4,MTR_245,us8,0.05,221,in_seg,1,4,2,,,,,miss,miss,2,2,correct,correct
4,MTR_245,us8,0.05,222,in_seg,1,4,2,,,,,miss,miss,2,2,correct,correct
4,MTR_245,us8,0.05,223,in_seg,1,5,1,,,,,miss,miss,1,2,correct,wrong_host
4,MTR_245,us8,0.05,224,in_seg,1,4,2,,,,,miss,miss,2,2,correct,correct
4,MTR_245,us8,0.05,225,in_seg,1,4,2,,,,,miss,miss,2,2,correct,correct
4,MTR_245,us8,0.1,218,in_seg,0,1,5,,,,,miss,miss,5,5,correct,correct
4,MTR_245,us8,0.1,219,ligament,3,2,0,,,,,,,unknown,unknown,,
4,MTR_245,us8,0.1,220,in_seg,1,6,4,,,,,miss,miss,4,2,correct,wrong_host
4,MTR_245,us8,0.1,221,in_seg,1,4,2,,,,,miss,miss,2,2,correct,correct
4,MTR_245,us8,0.1,222,in_seg,1,4,2,,,,,miss,miss,2,2,correct,correct
4,MTR_245,us8,0.1,223,in_seg,1,5,1,,,,,miss,miss,1,2,correct,wrong_host
4,MTR_245,us8,0.1,224,in_seg,1,4,2,,,,,miss,miss,2,2,correct,correct
4,MTR_245,us8,0.1,225,in_seg,1,4,2,,,,,miss,miss,2,2,correct,correct
4,MTR_245,us8,0.25,218,in_seg,0,1,5,,,,,miss,miss,5,5,correct,correct
4,MTR_245,us8,0.25,219,ligament,3,2,0,,,,,,,unknown,unknown,,
4,MTR_245,us8,0.25,220,in_seg,1,6,4,,,,,miss,miss,4,2,correct,wrong_host
4,MTR_245,us8,0.25,221,in_seg,1,4,2,,,,,miss,miss,2,2,correct,correct
4,MTR_245,us8,0.25,222,in_seg,1,4,2,,,,,miss,miss,2,2,correct,correct
4,MTR_245,us8,0.25,223,in_seg,1,5,1,,,,,miss,miss,1,2,correct,wrong_host
4,MTR_245,us8,0.25,224,in_seg,1,4,2,,,,,miss,miss,2,2,correct,correct
4,MTR_245,us8,0.25,225,in_seg,1,4,2,,,,,miss,miss,2,2,correct,correct
4,MTR_245,us16,0.05,218,in_seg,0,1,5,,,,,miss,miss,5,5,correct,correct
4,MTR_245,us16,0.05,219,ligament,3,2,0,,,,,,,unknown,unknown,,
4,MTR_245,us16,0.05,220,in_seg,1,6,4,,,,,miss,miss,4,2,correct,wrong_host
4,MTR_245,us16,0.05,221,in_seg,1,4,2,,,,,miss,miss,2,2,correct,correct
4,MTR_245,us16,0.05,222,in_seg,1,4,2,,,,,miss,miss,2,2,correct,correct
4,MTR_245,us16,0.05,223,in_seg,1,5,1,,,,,miss,miss,1,4,correct,wrong_host
4,MTR_245,us16,0.05,224,in_seg,1,4,2,,,,,miss,miss,2,2,correct,correct
4,MTR_245,us16,0.05,225,in_seg,1,4,2,,,,,miss,miss,2,2,correct,correct
4,MTR_245,us16,0.1,218,in_seg,0,1,5,,,,,miss,miss,5,5,correct,correct
4,MTR_245,us16,0.1,219,ligament,3,2,0,,,,,,,unknown,unknown,,
4,MTR_245,us16,0.1,220,in_seg,1,6,4,,,,,miss,miss,4,2,correct,wrong_host
4,MTR_245,us16,0.1,221,in_seg,1,4,2,,,,,miss,miss,2,2,correct,correct
4,MTR_245,us16,0.1,222,in_seg,1,4,2,,,,,miss,miss,2,2,correct,correct
4,MTR_245,us16,0.1,223,in_seg,1,5,1,,,,,miss,miss,1,4,correct,wrong_host
4,MTR_245,us16,0.1,224,in_seg,1,4,2,,,,,miss,miss,2,2,correct,correct
4,MTR_245,us16,0.1,225,in_seg,1,4,2,,,,,miss,miss,2,2,correct,correct
4,MTR_245,us16,0.25,218,in_seg,0,1,5,,,,,miss,miss,5,5,correct,correct
4,MTR_245,us16,0.25,219,ligament,3,2,0,,,,,,,unknown,unknown,,
4,MTR_245,us16,0.25,220,in_seg,1,6,4,,,,,miss,miss,4,2,correct,wrong_host
4,MTR_245,us16,0.25,221,in_seg,1,4,2,,,,,miss,miss,2,2,correct,correct
4,MTR_245,us16,0.25,222,in_seg,1,4,2,,,,,miss,miss,2,2,correct,correct
4,MTR_245,us16,0.25,223,in_seg,1,5,1,,,,,miss,miss,1,4,correct,wrong_host
4,MTR_245,us16,0.25,224,in_seg,1,4,2,,,,,miss,miss,2,2,correct,correct
4,MTR_245,us16,0.25,225,in_seg,1,4,2,,,,,miss,miss,2,2,correct,correct
2,MTR_248,clean,0.05,56,effusion,2,-1,7,,,,,,,none,none,,
2,MTR_248,clean,0.05,57,in_seg,0,1,6,,,,,miss,miss,6,6,correct,correct
2,MTR_248,clean,0.05,58,ligament,3,3,0,,,,,,,unknown,unknown,,
2,MTR_248,clean,0.05,59,in_seg,1,4,2,,,,,miss,miss,2,2,correct,correct
2,MTR_248,clean,0.1,56,effusion,2,-1,7,,,,,,,none,none,,
2,MTR_248,clean,0.1,57,in_seg,0,1,6,,,,,miss,miss,6,6,correct,correct
2,MTR_248,clean,0.1,58,ligament,3,3,0,,,,,,,unknown,unknown,,
2,MTR_248,clean,0.1,59,in_seg,1,4,2,,,,,miss,miss,2,2,correct,correct
2,MTR_248,clean,0.25,56,effusion,2,-1,7,,,,,,,none,none,,
2,MTR_248,clean,0.25,57,in_seg,0,1,6,,,,,miss,miss,6,6,correct,correct
2,MTR_248,clean,0.25,58,ligament,3,3,0,,,,,,,unknown,unknown,,
2,MTR_248,clean,0.25,59,in_seg,1,4,2,,,,,miss,miss,2,2,correct,correct
2,MTR_248,noise_q1,0.05,56,effusion,2,-1,7,,,,,,,none,none,,
2,MTR_248,noise_q1,0.05,57,in_seg,0,1,6,,,,,miss,miss,6,6,correct,correct
2,MTR_248,noise_q1,0.05,58,ligament,3,3,0,,,,,,,unknown,unknown,,
2,MTR_248,noise_q1,0.05,59,in_seg,1,4,2,,,,,miss,miss,2,2,correct,correct
2,MTR_248,noise_q1,0.1,56,effusion,2,-1,7,,,,,,,none,none,,
2,MTR_248,noise_q1,0.1,57,in_seg,0,1,6,,,,,miss,miss,6,6,correct,correct
2,MTR_248,noise_q1,0.1,58,ligament,3,3,0,,,,,,,unknown,unknown,,
2,MTR_248,noise_q1,0.1,59,in_seg,1,4,2,,,,,miss,miss,2,2,correct,correct
2,MTR_248,noise_q1,0.25,56,effusion,2,-1,7,,,,,,,none,none,,
2,MTR_248,noise_q1,0.25,57,in_seg,0,1,6,,,,,miss,miss,6,6,correct,correct
2,MTR_248,noise_q1,0.25,58,ligament,3,3,0,,,,,,,unknown,unknown,,
2,MTR_248,noise_q1,0.25,59,in_seg,1,4,2,,,,,miss,miss,2,2,correct,correct
2,MTR_248,noise_q2,0.05,56,effusion,2,-1,7,,,,,,,none,none,,
2,MTR_248,noise_q2,0.05,57,in_seg,0,1,6,,,,,miss,miss,6,6,correct,correct
2,MTR_248,noise_q2,0.05,58,ligament,3,3,0,,,,,,,unknown,unknown,,
2,MTR_248,noise_q2,0.05,59,in_seg,1,4,2,,,,,miss,miss,2,2,correct,correct
2,MTR_248,noise_q2,0.1,56,effusion,2,-1,7,,,,,,,none,none,,
2,MTR_248,noise_q2,0.1,57,in_seg,0,1,6,,,,,miss,miss,6,6,correct,correct
2,MTR_248,noise_q2,0.1,58,ligament,3,3,0,,,,,,,unknown,unknown,,
2,MTR_248,noise_q2,0.1,59,in_seg,1,4,2,,,,,miss,miss,2,2,correct,correct
2,MTR_248,noise_q2,0.25,56,effusion,2,-1,7,,,,,,,none,none,,
2,MTR_248,noise_q2,0.25,57,in_seg,0,1,6,,,,,miss,miss,6,6,correct,correct
2,MTR_248,noise_q2,0.25,58,ligament,3,3,0,,,,,,,unknown,unknown,,
2,MTR_248,noise_q2,0.25,59,in_seg,1,4,2,,,,,miss,miss,2,2,correct,correct
2,MTR_248,noise_q3,0.05,56,effusion,2,-1,7,,,,,,,none,none,,
2,MTR_248,noise_q3,0.05,57,in_seg,0,1,6,,,,,miss,miss,6,6,correct,correct
2,MTR_248,noise_q3,0.05,58,ligament,3,3,0,,,,,,,unknown,unknown,,
2,MTR_248,noise_q3,0.05,59,in_seg,1,4,2,,,,,miss,miss,2,2,correct,correct
2,MTR_248,noise_q3,0.1,56,effusion,2,-1,7,,,,,,,none,none,,
2,MTR_248,noise_q3,0.1,57,in_seg,0,1,6,,,,,miss,miss,6,6,correct,correct
2,MTR_248,noise_q3,0.1,58,ligament,3,3,0,,,,,,,unknown,unknown,,
2,MTR_248,noise_q3,0.1,59,in_seg,1,4,2,,,,,miss,miss,2,2,correct,correct
2,MTR_248,noise_q3,0.25,56,effusion,2,-1,7,,,,,,,none,none,,
2,MTR_248,noise_q3,0.25,57,in_seg,0,1,6,,,,,miss,miss,6,6,correct,correct
2,MTR_248,noise_q3,0.25,58,ligament,3,3,0,,,,,,,unknown,unknown,,
2,MTR_248,noise_q3,0.25,59,in_seg,1,4,2,,,,,miss,miss,2,2,correct,correct
2,MTR_248,us4,0.05,56,effusion,2,-1,7,,,,,,,none,none,,
2,MTR_248,us4,0.05,57,in_seg,0,1,6,,,,,miss,miss,6,6,correct,correct
2,MTR_248,us4,0.05,58,ligament,3,3,0,,,,,,,unknown,unknown,,
2,MTR_248,us4,0.05,59,in_seg,1,4,2,,,,,miss,miss,2,2,correct,correct
2,MTR_248,us4,0.1,56,effusion,2,-1,7,,,,,,,none,none,,
2,MTR_248,us4,0.1,57,in_seg,0,1,6,,,,,miss,miss,6,6,correct,correct
2,MTR_248,us4,0.1,58,ligament,3,3,0,,,,,,,unknown,unknown,,
2,MTR_248,us4,0.1,59,in_seg,1,4,2,,,,,miss,miss,2,2,correct,correct
2,MTR_248,us4,0.25,56,effusion,2,-1,7,,,,,,,none,none,,
2,MTR_248,us4,0.25,57,in_seg,0,1,6,,,,,miss,miss,6,6,correct,correct
2,MTR_248,us4,0.25,58,ligament,3,3,0,,,,,,,unknown,unknown,,
2,MTR_248,us4,0.25,59,in_seg,1,4,2,,,,,miss,miss,2,2,correct,correct
2,MTR_248,us8,0.05,56,effusion,2,-1,7,,,,,,,none,none,,
2,MTR_248,us8,0.05,57,in_seg,0,1,6,,,,,miss,miss,6,5,correct,correct
2,MTR_248,us8,0.05,58,ligament,3,3,0,,,,,,,unknown,unknown,,
2,MTR_248,us8,0.05,59,in_seg,1,4,2,,,,,miss,miss,2,2,correct,correct
2,MTR_248,us8,0.1,56,effusion,2,-1,7,,,,,,,none,none,,
2,MTR_248,us8,0.1,57,in_seg,0,1,6,,,,,miss,miss,6,5,correct,correct
2,MTR_248,us8,0.1,58,ligament,3,3,0,,,,,,,unknown,unknown,,
2,MTR_248,us8,0.1,59,in_seg,1,4,2,,,,,miss,miss,2,2,correct,correct
2,MTR_248,us8,0.25,56,effusion,2,-1,7,,,,,,,none,none,,
2,MTR_248,us8,0.25,57,in_seg,0,1,6,,,,,miss,miss,6,5,correct,correct
2,MTR_248,us8,0.25,58,ligament,3,3,0,,,,,,,unknown,unknown,,
2,MTR_248,us8,0.25,59,in_seg,1,4,2,,,,,miss,miss,2,2,correct,correct
2,MTR_248,us16,0.05,56,effusion,2,-1,7,,,,,,,none,none,,
2,MTR_248,us16,0.05,57,in_seg,0,1,6,,,,,miss,miss,6,5,correct,correct
2,MTR_248,us16,0.05,58,ligament,3,3,0,,,,,,,unknown,unknown,,
2,MTR_248,us16,0.05,59,in_seg,1,4,2,,,,,miss,miss,2,2,correct,correct
2,MTR_248,us16,0.1,56,effusion,2,-1,7,,,,,,,none,none,,
2,MTR_248,us16,0.1,57,in_seg,0,1,6,,,,,miss,miss,6,5,correct,correct
2,MTR_248,us16,0.1,58,ligament,3,3,0,,,,,,,unknown,unknown,,
2,MTR_248,us16,0.1,59,in_seg,1,4,2,,,,,miss,miss,2,2,correct,correct
2,MTR_248,us16,0.25,56,effusion,2,-1,7,,,,,,,none,none,,
2,MTR_248,us16,0.25,57,in_seg,0,1,6,,,,,miss,miss,6,5,correct,correct
2,MTR_248,us16,0.25,58,ligament,3,3,0,,,,,,,unknown,unknown,,
2,MTR_248,us16,0.25,59,in_seg,1,4,2,,,,,miss,miss,2,2,correct,correct
1,MTR_251,clean,0.05,166,in_seg,0,1,5,,,,,miss,miss,5,5,correct,correct
1,MTR_251,clean,0.05,167,in_seg,1,5,1,,,,,miss,miss,1,1,correct,correct
1,MTR_251,clean,0.1,166,in_seg,0,1,5,,,,,miss,miss,5,5,correct,correct
1,MTR_251,clean,0.1,167,in_seg,1,5,1,,,,,miss,miss,1,1,correct,correct
1,MTR_251,clean,0.25,166,in_seg,0,1,5,,,,,miss,miss,5,5,correct,correct
1,MTR_251,clean,0.25,167,in_seg,1,5,1,,,,,miss,miss,1,1,correct,correct
1,MTR_251,noise_q1,0.05,166,in_seg,0,1,5,,,,,miss,miss,5,5,correct,correct
1,MTR_251,noise_q1,0.05,167,in_seg,1,5,1,,,,,miss,miss,1,1,correct,correct
1,MTR_251,noise_q1,0.1,166,in_seg,0,1,5,,,,,miss,miss,5,5,correct,correct
1,MTR_251,noise_q1,0.1,167,in_seg,1,5,1,,,,,miss,miss,1,1,correct,correct
1,MTR_251,noise_q1,0.25,166,in_seg,0,1,5,,,,,miss,miss,5,5,correct,correct
1,MTR_251,noise_q1,0.25,167,in_seg,1,5,1,,,,,miss,miss,1,1,correct,correct
1,MTR_251,noise_q2,0.05,166,in_seg,0,1,5,,,,,miss,miss,5,5,correct,correct
1,MTR_251,noise_q2,0.05,167,in_seg,1,5,1,,,,,miss,miss,1,1,correct,correct
1,MTR_251,noise_q2,0.1,166,in_seg,0,1,5,,,,,miss,miss,5,5,correct,correct
1,MTR_251,noise_q2,0.1,167,in_seg,1,5,1,,,,,miss,miss,1,1,correct,correct
1,MTR_251,noise_q2,0.25,166,in_seg,0,1,5,,,,,miss,miss,5,5,correct,correct
1,MTR_251,noise_q2,0.25,167,in_seg,1,5,1,,,,,miss,miss,1,1,correct,correct
1,MTR_251,noise_q3,0.05,166,in_seg,0,1,5,,,,,miss,miss,5,5,correct,correct
1,MTR_251,noise_q3,0.05,167,in_seg,1,5,1,,,,,miss,miss,1,1,correct,correct
1,MTR_251,noise_q3,0.1,166,in_seg,0,1,5,,,,,miss,miss,5,5,correct,correct
1,MTR_251,noise_q3,0.1,167,in_seg,1,5,1,,,,,miss,miss,1,1,correct,correct
1,MTR_251,noise_q3,0.25,166,in_seg,0,1,5,,,,,miss,miss,5,5,correct,correct
1,MTR_251,noise_q3,0.25,167,in_seg,1,5,1,,,,,miss,miss,1,1,correct,correct
1,MTR_251,us4,0.05,166,in_seg,0,1,5,,,,,miss,miss,5,5,correct,correct
1,MTR_251,us4,0.05,167,in_seg,1,5,1,,,,,miss,miss,1,1,correct,correct
1,MTR_251,us4,0.1,166,in_seg,0,1,5,,,,,miss,miss,5,5,correct,correct
1,MTR_251,us4,0.1,167,in_seg,1,5,1,,,,,miss,miss,1,1,correct,correct
1,MTR_251,us4,0.25,166,in_seg,0,1,5,,,,,miss,miss,5,5,correct,correct
1,MTR_251,us4,0.25,167,in_seg,1,5,1,,,,,miss,miss,1,1,correct,correct
1,MTR_251,us8,0.05,166,in_seg,0,1,5,,,,,miss,miss,5,5,correct,correct
1,MTR_251,us8,0.05,167,in_seg,1,5,1,,,,,miss,miss,1,1,correct,correct
1,MTR_251,us8,0.1,166,in_seg,0,1,5,,,,,miss,miss,5,5,correct,correct
1,MTR_251,us8,0.1,167,in_seg,1,5,1,,,,,miss,miss,1,1,correct,correct
1,MTR_251,us8,0.25,166,in_seg,0,1,5,,,,,miss,miss,5,5,correct,correct
1,MTR_251,us8,0.25,167,in_seg,1,5,1,,,,,miss,miss,1,1,correct,correct
1,MTR_251,us16,0.05,166,in_seg,0,1,5,,,,,miss,miss,5,5,correct,correct
1,MTR_251,us16,0.05,167,in_seg,1,5,1,,,,,miss,miss,1,1,correct,correct
1,MTR_251,us16,0.1,166,in_seg,0,1,5,,,,,miss,miss,5,5,correct,correct
1,MTR_251,us16,0.1,167,in_seg,1,5,1,,,,,miss,miss,1,1,correct,correct
1,MTR_251,us16,0.25,166,in_seg,0,1,5,,,,,miss,miss,5,5,correct,correct
1,MTR_251,us16,0.25,167,in_seg,1,5,1,,,,,miss,miss,1,1,correct,correct
